incident_name,incident_dateonly_created,incident_county,incident_acres_burned,incident_latitude,incident_longitude,MONTH_fire,DAY_OF_WEEK_fire,SEASON_fire,FIRE_SIZE_CAT,DATE,TAVG,TMAX,TMIN,AWND,PRCP,TAVG_CAT,TMAX_CAT,TMIN_CAT,PRCP_CAT,MONTH_weather,DAY_OF_WEEK_weather,SEASON_weather
Red Fire ,2020-04-23,Tehama,26.0,40.09554,-122.43905,4,3,Spring,Small,2020-04-23,,32.2,15.0,1.8,0.0,Unknown,High,Medium,Dry,4,3,Spring
Bar Fire,2020-04-25,Trinity,55.0,40.63442,-122.97693,4,5,Spring,Medium,2020-04-25,,,,,0.0,Unknown,,,Dry,4,5,Spring
Byron Fire,2020-04-27,Contra Costa,47.0,37.82066,-121.595225,4,0,Spring,Medium,2020-04-27,,23.9,17.2,2.3,0.0,Unknown,Medium,High,Dry,4,0,Spring
Interstate 5 Fire,2020-05-03,Kings,2060.0,36.075003,-120.106407,5,6,Spring,Large,2020-05-03,,26.1,16.1,1.7,0.0,Unknown,Medium,Medium,Dry,5,6,Spring
Hollister Fire,2020-05-07,Santa Barbara,156.0,34.47438,-120.29379,5,3,Spring,Large,2020-05-07,,,,,0.0,Unknown,,,Dry,5,3,Spring
Candy Fire,2020-05-08,Butte,17.0,39.42208,-121.47273,5,4,Spring,Small,2020-05-08,,,,,0.0,Unknown,,,Dry,5,4,Spring
Gilman Fire,2020-05-18,Riverside,20.0,33.861054,-117.024114,5,0,Spring,Small,2020-05-18,,,,,0.5,Unknown,,,Dry,5,0,Spring
Acres Fire,2020-05-21,Madera,152.0,37.11715,-119.982359,5,3,Spring,Medium,2020-05-21,,,,,0.0,Unknown,,,Dry,5,3,Spring
Spanish Fire ,2020-05-22,Napa,20.0,38.697834,-122.403634,5,4,Spring,Small,2020-05-22,,,,,0.0,Unknown,,,Dry,5,4,Spring
Range Fire,2020-05-27,San Luis Obispo,5000.0,35.34237,-120.70524,5,2,Spring,Large,2020-05-27,,,,,0.0,Unknown,,,Dry,5,2,Spring
Harley Fire,2020-05-28,Riverside,60.0,33.83167,-117.34934,5,3,Spring,Medium,2020-05-28,,22.2,17.2,2.1,0.0,Unknown,Medium,High,Dry,5,3,Spring
Creek Fire,2020-05-30,Contra Costa,60.0,35.9994,-86.8616,5,5,Spring,Medium,2020-05-30,,25.0,17.8,2.4,0.0,Unknown,Medium,High,Dry,5,5,Spring
Scorpion Fire,2020-05-31,Santa Barbara,1395.0,34.01389,-119.74577,5,6,Spring,Large,2020-05-31,,,,,0.0,Unknown,,,Dry,5,6,Spring
Acres Fire,2020-06-01,Madera,237.0,37.11806,-119.93221,6,0,Summer,Large,2020-06-01,,31.1,16.7,1.8,0.0,Unknown,High,Medium,Dry,6,0,Summer
Amoruso Fire,2020-06-01,Placer,670.0,38.824371,-121.390862,6,0,Summer,Large,2020-06-01,,31.1,16.7,1.8,0.0,Unknown,High,Medium,Dry,6,0,Summer
Nash Fire,2020-06-01,Mendocino,10.0,39.1296,-123.48018,6,0,Summer,Small,2020-06-01,,31.1,16.7,1.8,0.0,Unknown,High,Medium,Dry,6,0,Summer
Horn Fire ,2020-06-02,Lassen,37.0,40.809323,-120.288882,6,1,Summer,Medium,2020-06-02,,28.9,17.8,1.6,0.0,Unknown,High,High,Dry,6,1,Summer
Smoketree Fire,2020-06-02,Riverside,129.0,33.782532,-116.524014,6,1,Summer,Medium,2020-06-02,,28.9,17.8,1.6,0.0,Unknown,High,High,Dry,6,1,Summer
Wildlife Fire,2020-06-03,Solano,300.0,38.232281,-122.042199,6,2,Summer,Large,2020-06-03,,34.4,18.3,1.8,0.0,Unknown,High,High,Dry,6,2,Summer
Silver Fire,2020-06-04,Santa Clara,19.0,37.329163,-121.726223,6,3,Summer,Small,2020-06-04,,22.2,17.8,3.1,0.0,Unknown,Medium,High,Dry,6,3,Summer
Brock Fire,2020-06-04,Shasta,15.0,40.837885,-122.097933,6,3,Summer,Small,2020-06-04,,22.2,17.8,3.1,0.0,Unknown,Medium,High,Dry,6,3,Summer
Colleen Fire,2020-06-04,Santa Clara,126.0,37.229703,-121.851895,6,3,Summer,Medium,2020-06-04,,22.2,17.8,3.1,0.0,Unknown,Medium,High,Dry,6,3,Summer
Karchner Fire,2020-06-05,Placer,39.0,38.98487,-121.340239,6,4,Summer,Medium,2020-06-05,,22.2,17.8,1.9,0.0,Unknown,Medium,High,Dry,6,4,Summer
Lakeville Fire,2020-06-05,Sonoma,141.0,38.224849,-122.549816,6,4,Summer,Medium,2020-06-05,,22.2,17.8,1.9,0.0,Unknown,Medium,High,Dry,6,4,Summer
McGary Fire ,2020-06-05,Solano,79.0,38.196893,-122.156313,6,4,Summer,Medium,2020-06-05,,22.2,17.8,1.9,0.0,Unknown,Medium,High,Dry,6,4,Summer
Quail Fire,2020-06-06,Solano,1837.0,38.470809,-122.038208,6,5,Summer,Large,2020-06-06,,23.3,17.8,2.0,0.0,Unknown,Medium,High,Dry,6,5,Summer
Willow Fire ,2020-06-06,Contra Costa,100.0,37.994368,-122.002811,6,5,Summer,Medium,2020-06-06,,23.3,17.8,2.0,0.0,Unknown,Medium,High,Dry,6,5,Summer
Gulch Fire,2020-06-06,Sonoma,107.0,38.216134,-122.536406,6,5,Summer,Medium,2020-06-06,,23.3,17.8,2.0,0.0,Unknown,Medium,High,Dry,6,5,Summer
Bitterwater Fire,2020-06-07,Monterey,211.0,36.2644,-121.0781,6,6,Summer,Large,2020-06-07,,25.6,16.1,2.4,0.0,Unknown,Medium,Medium,Dry,6,6,Summer
Hunters Fire,2020-06-07,Mariposa,85.0,37.61955,-120.215454,6,6,Summer,Medium,2020-06-07,,25.6,16.1,2.4,0.0,Unknown,Medium,Medium,Dry,6,6,Summer
Sperry Fire,2020-06-08,Stanislaus,80.0,37.463636,-121.16483,6,0,Summer,Medium,2020-06-08,,33.3,13.3,2.0,0.0,Unknown,High,Medium,Dry,6,0,Summer
Grand Fire,2020-06-08,Riverside,27.0,33.638067,-117.37581,6,0,Summer,Small,2020-06-08,,33.3,13.3,2.0,0.0,Unknown,High,Medium,Dry,6,0,Summer
Bradley Fire ,2020-06-08,Monterey,230.0,35.94979,-120.81509,6,0,Summer,Large,2020-06-08,,33.3,13.3,2.0,0.0,Unknown,High,Medium,Dry,6,0,Summer
Sierra Fire,2020-06-08,Riverside,100.0,33.82925,-117.46036,6,0,Summer,Medium,2020-06-08,,33.3,13.3,2.0,0.0,Unknown,High,Medium,Dry,6,0,Summer
Oak Fire,2020-06-08,Riverside,20.0,33.78275,-116.89655,6,0,Summer,Small,2020-06-08,,33.3,13.3,2.0,0.0,Unknown,High,Medium,Dry,6,0,Summer
Cronan Fire ,2020-06-09,El Dorado,29.0,38.827755,-120.988571,6,1,Summer,Small,2020-06-09,,37.8,17.2,1.7,0.0,Unknown,High,High,Dry,6,1,Summer
Vineyard Fire ,2020-06-09,Mendocino,151.0,38.89695,-123.21318,6,1,Summer,Medium,2020-06-09,,37.8,17.2,1.7,0.0,Unknown,High,High,Dry,6,1,Summer
India Fire,2020-06-09,San Diego,1100.0,33.37579,-117.47166,6,1,Summer,Large,2020-06-09,,37.8,17.2,1.7,0.0,Unknown,High,High,Dry,6,1,Summer
Lime Fire,2020-06-10,Ventura,803.0,34.46182,-118.77347,6,2,Summer,Large,2020-06-10,,,,,0.0,Unknown,,,Dry,6,2,Summer
Elizabeth Fire,2020-06-10,Ventura,300.0,34.29475,-119.17808,6,2,Summer,Large,2020-06-10,,,,,0.0,Unknown,,,Dry,6,2,Summer
Soda Fire,2020-06-10,San Luis Obispo,1680.0,35.35146,-120.00521,6,2,Summer,Large,2020-06-10,,,,,0.0,Unknown,,,Dry,6,2,Summer
Watt Fire,2020-06-11,Placer,40.0,38.733421,-121.378879,6,3,Summer,Medium,2020-06-11,,,,,0.0,Unknown,,,Dry,6,3,Summer
Skyline Fire,2020-06-11,San Diego,100.0,32.73044,-116.7862,6,3,Summer,Medium,2020-06-11,,,,,0.0,Unknown,,,Dry,6,3,Summer
Border 7 Fire,2020-06-11,San Diego,90.0,32.580882,-116.690712,6,3,Summer,Medium,2020-06-11,,,,,0.0,Unknown,,,Dry,6,3,Summer
Grant Fire,2020-06-12,Sacramento,5042.0,38.520981,-121.201927,6,4,Summer,Large,2020-06-12,,,,,0.0,Unknown,,,Dry,6,4,Summer
Hog Fire,2020-06-12,Fresno,533.0,36.82276,-119.36572,6,4,Summer,Large,2020-06-12,,,,,0.0,Unknown,,,Dry,6,4,Summer
Cornetts Fire,2020-06-13,Mariposa,191.0,37.40827,-120.08522,6,5,Summer,Large,2020-06-13,,24.4,16.7,2.6,0.0,Unknown,Medium,Medium,Dry,6,5,Summer
Dawson Fire ,2020-06-13,Riverside,10.0,33.776033,-117.461925,6,5,Summer,Small,2020-06-13,,24.4,16.7,2.6,0.0,Unknown,Medium,Medium,Dry,6,5,Summer
Hopland Fire,2020-06-13,Mendocino,34.0,39.14783,-80.49163,6,5,Summer,Small,2020-06-13,,24.4,16.7,2.6,0.0,Unknown,Medium,Medium,Dry,6,5,Summer
Drum Fire,2020-06-14,Santa Barbara,696.0,34.63309,-120.28867,6,6,Summer,Large,2020-06-14,,,,,0.0,Unknown,,,Dry,6,6,Summer
Avila Fire,2020-06-15,San Luis Obispo,445.0,35.17977,-120.69959,6,0,Summer,Large,2020-06-15,,26.1,17.8,2.3,0.0,Unknown,Medium,High,Dry,6,0,Summer
Riata Fire ,2020-06-16,San Luis Obispo,18.0,35.40953,-120.56823,6,1,Summer,Small,2020-06-16,,25.0,18.3,2.4,0.0,Unknown,Medium,High,Dry,6,1,Summer
Bitter Fire ,2020-06-16,San Benito,813.0,36.3011,-120.92925,6,1,Summer,Large,2020-06-16,,25.0,18.3,2.4,0.0,Unknown,Medium,High,Dry,6,1,Summer
Walker Fire,2020-06-16,Calaveras,1455.0,38.07741,-120.72958,6,1,Summer,Large,2020-06-16,,25.0,18.3,2.4,0.0,Unknown,Medium,High,Dry,6,1,Summer
Baker Fire,2020-06-17,Kern,165.0,35.27678,-118.6894,6,2,Summer,Large,2020-06-17,,24.4,17.2,2.6,0.0,Unknown,Medium,High,Dry,6,2,Summer
Gyle Fire,2020-06-17,Tehama,68.0,40.000132,-122.205628,6,2,Summer,Medium,2020-06-17,,24.4,17.2,2.6,0.0,Unknown,Medium,High,Dry,6,2,Summer
Ridge Fire,2020-06-17,Monterey,83.0,35.9497,-121.42113,6,2,Summer,Medium,2020-06-17,,24.4,17.2,2.6,0.0,Unknown,Medium,High,Dry,6,2,Summer
Liberty Fire,2020-06-17,San Joaquin,89.0,38.23432,-121.20828,6,2,Summer,Medium,2020-06-17,,24.4,17.2,2.6,0.0,Unknown,Medium,High,Dry,6,2,Summer
Nelson Fire ,2020-06-17,Butte,95.0,39.52408,-121.60037,6,2,Summer,Medium,2020-06-17,,24.4,17.2,2.6,0.0,Unknown,Medium,High,Dry,6,2,Summer
Nelson Fire,2020-06-18,Placer,110.0,38.89178,-121.33956,6,3,Summer,Medium,2020-06-18,,23.9,17.2,1.9,0.0,Unknown,Medium,High,Dry,6,3,Summer
Fork Fire,2020-06-18,Tulare,130.0,36.37085,-118.845123,6,3,Summer,Medium,2020-06-18,,23.9,17.2,1.9,0.0,Unknown,Medium,High,Dry,6,3,Summer
Teddy Fire,2020-06-18,Butte,13.0,39.37577,-121.45372,6,3,Summer,Small,2020-06-18,,23.9,17.2,1.9,0.0,Unknown,Medium,High,Dry,6,3,Summer
Springs Fire,2020-06-19,Tulare,217.0,35.89133,-118.8613,6,4,Summer,Large,2020-06-19,,,,,0.0,Unknown,,,Dry,6,4,Summer
Honcut Fire,2020-06-20,Butte,89.0,39.36894,-121.53976,6,5,Summer,Medium,2020-06-20,,25.0,18.9,2.3,0.0,Unknown,Medium,High,Dry,6,5,Summer
East Fire,2020-06-20,Modoc,11.0,41.5017,-120.54161,6,5,Summer,Small,2020-06-20,,25.0,18.9,2.3,0.0,Unknown,Medium,High,Dry,6,5,Summer
Quarter Fire,2020-06-21,Tuolumne,10.0,38.08264,-120.20316,6,6,Summer,Small,2020-06-21,,,,,0.0,Unknown,,,Dry,6,6,Summer
Hunter Fire,2020-06-21,Monterey,195.0,35.90835,-121.08753,6,6,Summer,Large,2020-06-21,,,,,0.0,Unknown,,,Dry,6,6,Summer
Stage Fire,2020-06-21,Monterey,52.0,36.69845,-121.57407,6,6,Summer,Medium,2020-06-21,,,,,0.0,Unknown,,,Dry,6,6,Summer
Grade Fire ,2020-06-22,Tulare,1050.0,36.5537,-119.19677,6,0,Summer,Large,2020-06-22,,24.4,18.3,2.1,0.0,Unknown,Medium,High,Dry,6,0,Summer
Rico Fire ,2020-06-22,Monterey,348.0,35.9789,-120.87858,6,0,Summer,Large,2020-06-22,,24.4,18.3,2.1,0.0,Unknown,Medium,High,Dry,6,0,Summer
River Fire,2020-06-22,San Luis Obispo,15.0,35.62906,-120.68326,6,0,Summer,Small,2020-06-22,,24.4,18.3,2.1,0.0,Unknown,Medium,High,Dry,6,0,Summer
R-2 Fire,2020-06-23,Lassen,563.0,40.43203,-120.28147,6,1,Summer,Large,2020-06-23,,,,,0.0,Unknown,,,Dry,6,1,Summer
Sycamore Fire,2020-06-23,Fresno,19.0,36.97511,-119.33439,6,1,Summer,Small,2020-06-23,,,,,0.0,Unknown,,,Dry,6,1,Summer
R-3 Fire,2020-06-24,Lassen,210.0,40.44793,-120.04635,6,2,Summer,Large,2020-06-24,,27.2,18.3,1.8,0.0,Unknown,High,High,Dry,6,2,Summer
58 Fire,2020-06-24,Riverside,12.0,33.27665,-115.96594,6,2,Summer,Small,2020-06-24,,27.2,18.3,1.8,0.0,Unknown,High,High,Dry,6,2,Summer
Diablo Fire,2020-06-25,Stanislaus,202.0,37.46265,-121.18355,6,3,Summer,Large,2020-06-25,,23.9,17.8,2.4,0.0,Unknown,Medium,High,Dry,6,3,Summer
Bend Fire,2020-06-25,San Luis Obispo,263.0,35.30742,-119.88048,6,3,Summer,Large,2020-06-25,,23.9,17.8,2.4,0.0,Unknown,Medium,High,Dry,6,3,Summer
Aurora Fire,2020-06-26,Mono,280.0,38.22554,-119.00289,6,4,Summer,Large,2020-06-26,,,,,0.0,Unknown,,,Dry,6,4,Summer
Indian Fire,2020-06-26,Riverside,59.0,33.565093,-116.750925,6,4,Summer,Medium,2020-06-26,,,,,0.0,Unknown,,,Dry,6,4,Summer
Poeville Fire,2020-06-27,State of Nevada,2975.0,39.32596,-119.81098,6,5,Summer,Large,2020-06-27,,,,,0.0,Unknown,,,Dry,6,5,Summer
Pass Fire,2020-06-28,Merced,2192.0,37.06641,-121.21912,6,6,Summer,Large,2020-06-28,,,,,0.0,Unknown,,,Dry,6,6,Summer
Gage Fire,2020-06-28,San Luis Obispo,33.0,35.69993,-120.96759,6,6,Summer,Small,2020-06-28,,,,,0.0,Unknown,,,Dry,6,6,Summer
Muck Fire ,2020-06-29,Lassen,12.0,41.0336731,-121.2199939,6,0,Summer,Small,2020-06-29,,,,,0.0,Unknown,,,Dry,6,0,Summer
Avacado Fire,2020-06-30,Butte,136.0,39.3784,-121.4319,6,1,Summer,Medium,2020-06-30,,24.4,18.3,2.2,0.0,Unknown,Medium,High,Dry,6,1,Summer
Flat Fire,2020-06-30,Trinity,62.0,40.791509,-123.437051,6,1,Summer,Medium,2020-06-30,,24.4,18.3,2.2,0.0,Unknown,Medium,High,Dry,6,1,Summer
Rowher Fire,2020-07-01,Los Angeles,648.0,34.542742,-118.324601,7,2,Summer,Large,2020-07-01,,,,,0.0,Unknown,,,Dry,7,2,Summer
Bena Fire,2020-07-01,Kern,4000.0,35.310132,-118.702732,7,2,Summer,Large,2020-07-01,,,,,0.0,Unknown,,,Dry,7,2,Summer
Bonadelle Fire,2020-07-02,Madera,500.0,36.9678542,-119.9252132,7,3,Summer,Large,2020-07-02,,25.0,18.3,2.3,0.0,Unknown,Medium,High,Dry,7,3,Summer
Soda Fire ,2020-07-03,San Luis Obispo,157.0,35.393889,-120.053275,7,4,Summer,Large,2020-07-03,,,,,0.0,Unknown,,,Dry,7,4,Summer
Mount R Fire,2020-07-03,San Bernardino,62.0,34.182436,-117.124353,7,4,Summer,Medium,2020-07-03,,,,,0.0,Unknown,,,Dry,7,4,Summer
Sheridan Fire,2020-07-04,Alameda,108.0,37.536015,-121.876277,7,5,Summer,Medium,2020-07-04,,,,,0.0,Unknown,,,Dry,7,5,Summer
Park Fire,2020-07-04,Santa Clara,353.0,37.166733,-121.567505,7,5,Summer,Large,2020-07-04,,,,,0.0,Unknown,,,Dry,7,5,Summer
Lake Fire,2020-07-05,San Luis Obispo,583.0,35.351065,-120.00485,7,6,Summer,Large,2020-07-05,,,,,0.0,Unknown,,,Dry,7,6,Summer
Cotton Fire,2020-07-05,Merced,100.0,37.091637,-121.086625,7,6,Summer,Medium,2020-07-05,,,,,0.0,Unknown,,,Dry,7,6,Summer
Kings Fire,2020-07-05,Fresno,67.0,36.750186,-119.116536,7,6,Summer,Medium,2020-07-05,,,,,0.0,Unknown,,,Dry,7,6,Summer
Crews Fire,2020-07-05,Santa Clara,5513.0,37.034839,-121.501532,7,6,Summer,Large,2020-07-05,,,,,0.0,Unknown,,,Dry,7,6,Summer
Soledad Fire,2020-07-05,Los Angeles,1525.0,34.467915,-118.328877,7,6,Summer,Large,2020-07-05,,,,,0.0,Unknown,,,Dry,7,6,Summer
California Fire,2020-07-06,Contra Costa,298.0,38.02996,-122.25471,7,0,Summer,Large,2020-07-06,,,,,0.0,Unknown,,,Dry,7,0,Summer
Patterson Fire,2020-07-06,San Joaquin,150.0,37.71984,-121.53524,7,0,Summer,Medium,2020-07-06,,,,,0.0,Unknown,,,Dry,7,0,Summer
Mountain Meadow Fire ,2020-07-06,Solano,75.0,38.21614,-122.12447,7,0,Summer,Medium,2020-07-06,,,,,0.0,Unknown,,,Dry,7,0,Summer
Nail Fire,2020-07-07,Colusa,25.0,39.35498,-122.65813,7,1,Summer,Small,2020-07-07,,26.1,18.3,3.0,0.0,Unknown,Medium,High,Dry,7,1,Summer
Brandon Fire,2020-07-07,El Dorado,32.0,38.58488,-120.941267,7,1,Summer,Small,2020-07-07,,26.1,18.3,3.0,0.0,Unknown,Medium,High,Dry,7,1,Summer
Tripp Fire ,2020-07-09,Riverside,10.0,33.551838,-116.7464168,7,3,Summer,Small,2020-07-09,,26.1,18.9,2.2,0.0,Unknown,Medium,High,Dry,7,3,Summer
Alum Fire,2020-07-11,Santa Clara,31.0,37.37731,-121.79349,7,5,Summer,Small,2020-07-11,,,,,0.0,Unknown,,,Dry,7,5,Summer
Power Fire,2020-07-11,Madera,108.0,37.1487,-119.50307,7,5,Summer,Medium,2020-07-11,,,,,0.0,Unknown,,,Dry,7,5,Summer
Elliot Fire,2020-07-13,Riverside,2.0,33.623968,-117.108421,7,0,Summer,Small,2020-07-13,,30.6,21.1,2.5,0.0,Unknown,High,High,Dry,7,0,Summer
Robinson Fire,2020-07-13,Butte,33.0,39.43227,-121.37994,7,0,Summer,Small,2020-07-13,,30.6,21.1,2.5,0.0,Unknown,High,High,Dry,7,0,Summer
Casino Fire,2020-07-13,Riverside,91.0,33.48429,-116.83552,7,0,Summer,Medium,2020-07-13,,30.6,21.1,2.5,0.0,Unknown,High,High,Dry,7,0,Summer
Mineral Fire,2020-07-13,Fresno,29667.0,36.09493,-120.52193,7,0,Summer,Large,2020-07-13,,30.6,21.1,2.5,0.0,Unknown,High,High,Dry,7,0,Summer
Coyote Fire,2020-07-15,San Benito,1485.0,36.653,-121.04401,7,2,Summer,Large,2020-07-15,,,,,0.0,Unknown,,,Dry,7,2,Summer
Ben Fire,2020-07-15,Mariposa,48.0,37.42319,-119.95807,7,2,Summer,Medium,2020-07-15,,,,,0.0,Unknown,,,Dry,7,2,Summer
Valley Fire ,2020-07-15,Yuba,500.0,39.10112,-121.33589,7,2,Summer,Large,2020-07-15,,,,,0.0,Unknown,,,Dry,7,2,Summer
Hollow Fire,2020-07-16,Alameda,253.0,37.64044,-121.59374,7,3,Summer,Large,2020-07-16,,25.6,18.9,2.3,0.0,Unknown,Medium,High,Dry,7,3,Summer
Pitzer Fire,2020-07-17,San Bernardino,119.0,34.39464,-116.97557,7,4,Summer,Medium,2020-07-17,,,,,0.0,Unknown,,,Dry,7,4,Summer
Badger Fire,2020-07-18,Siskiyou,557.0,41.79319,-122.69296,7,5,Summer,Large,2020-07-18,,26.7,18.3,2.4,0.0,Unknown,High,High,Dry,7,5,Summer
Hog Fire,2020-07-18,Lassen,9564.0,40.420886,-120.86375,7,5,Summer,Large,2020-07-18,,26.7,18.3,2.4,0.0,Unknown,High,High,Dry,7,5,Summer
Platina Fire,2020-07-19,Shasta,333.0,40.462621,-122.792645,7,6,Summer,Large,2020-07-19,,,,,0.0,Unknown,,,Dry,7,6,Summer
Gold Fire,2020-07-20,Lassen,22614.0,41.11037,-120.923293,7,0,Summer,Large,2020-07-20,,,,,0.0,Unknown,,,Dry,7,0,Summer
Milepost 21 Fire,2020-07-20,Humboldt,100.0,41.1849445,-123.6986222,7,0,Summer,Medium,2020-07-20,,,,,0.0,Unknown,,,Dry,7,0,Summer
Feather Fire,2020-07-20,Butte,30.0,39.506597,-121.604579,7,0,Summer,Small,2020-07-20,,,,,0.0,Unknown,,,Dry,7,0,Summer
Holland Fire ,2020-07-20,Contra Costa,75.0,37.977309,-121.620238,7,0,Summer,Medium,2020-07-20,,,,,0.0,Unknown,,,Dry,7,0,Summer
Easton Fire,2020-07-20,San Bernardino,71.0,34.135626,-117.192142,7,0,Summer,Medium,2020-07-20,,,,,0.0,Unknown,,,Dry,7,0,Summer
Rabbit Fire ,2020-07-20,Madera,135.0,37.118075,-119.932391,7,0,Summer,Medium,2020-07-20,,,,,0.0,Unknown,,,Dry,7,0,Summer
Iris Fire,2020-07-21,Mono,120.0,37.518879,-118.711135,7,1,Summer,Medium,2020-07-21,,,,,0.0,Unknown,,,Dry,7,1,Summer
July Complex,2020-07-24,"Siskiyou, Modoc",83261.0,41.699,-121.477,7,4,Summer,Large,2020-07-24,,23.9,18.3,2.6,0.0,Unknown,Medium,High,Dry,7,4,Summer
Jack Fire,2020-07-24,Riverside,145.0,33.93327,-117.033124,7,4,Summer,Medium,2020-07-24,,23.9,18.3,2.6,0.0,Unknown,Medium,High,Dry,7,4,Summer
Hill Fire,2020-07-24,Colusa,138.0,39.013591,-122.359663,7,4,Summer,Medium,2020-07-24,,23.9,18.3,2.6,0.0,Unknown,Medium,High,Dry,7,4,Summer
Karen Fire,2020-07-25,Riverside,250.0,34.028116,-117.429598,7,5,Summer,Large,2020-07-25,,25.6,18.9,2.3,0.0,Unknown,Medium,High,Dry,7,5,Summer
Ione Fire ,2020-07-26,Sacramento,51.0,38.420382,-121.044895,7,6,Summer,Medium,2020-07-26,,31.1,17.2,1.7,0.0,Unknown,High,High,Dry,7,6,Summer
Ridge Fire,2020-07-27,Los Angeles,321.0,34.75844,-118.72004,7,0,Summer,Large,2020-07-27,,30.0,17.8,1.6,0.0,Unknown,High,High,Dry,7,0,Summer
Lincoln Fire,2020-07-27,Humboldt,25.0,40.78804,-124.19954,7,0,Summer,Small,2020-07-27,,30.0,17.8,1.6,0.0,Unknown,High,High,Dry,7,0,Summer
Cottonwood Fire,2020-07-27,Merced,788.0,37.083806,-121.101634,7,0,Summer,Large,2020-07-27,,30.0,17.8,1.6,0.0,Unknown,High,High,Dry,7,0,Summer
Border 11 Fire,2020-07-28,San Diego,100.0,32.62212,-116.77048,7,1,Summer,Medium,2020-07-28,,,,,0.0,Unknown,,,Dry,7,1,Summer
Branch Fire,2020-07-28,San Luis Obispo,3222.0,35.35146,-120.00521,7,1,Summer,Large,2020-07-28,,,,,0.0,Unknown,,,Dry,7,1,Summer
Brook Fire,2020-07-29,San Bernardino,185.0,34.25143,-117.45479,7,2,Summer,Large,2020-07-29,,,,,0.0,Unknown,,,Dry,7,2,Summer
Clay Fire,2020-07-29,Sacramento,741.0,38.40329,-121.17197,7,2,Summer,Large,2020-07-29,,,,,0.0,Unknown,,,Dry,7,2,Summer
Rabbit Fire,2020-07-30,Riverside,104.0,33.934137,-117.034461,7,3,Summer,Medium,2020-07-30,,32.2,16.7,1.2,0.0,Unknown,High,Medium,Dry,7,3,Summer
Dam Fire,2020-07-30,Los Angeles,220.0,34.17363,-117.889503,7,3,Summer,Large,2020-07-30,,32.2,16.7,1.2,0.0,Unknown,High,Medium,Dry,7,3,Summer
Sheep Fire,2020-07-30,Kern,233.0,35.14357,-118.7933,7,3,Summer,Large,2020-07-30,,32.2,16.7,1.2,0.0,Unknown,High,Medium,Dry,7,3,Summer
Apple Fire,2020-07-31,Riverside,33424.0,33.99139,-116.9617,7,4,Summer,Large,2020-07-31,,,,,0.0,Unknown,,,Dry,7,4,Summer
Stump Fire,2020-08-01,Tehama,684.0,40.34659,-121.6415,8,5,Summer,Large,2020-08-01,,,,,0.0,Unknown,,,Dry,8,5,Summer
Castaic Fire,2020-08-01,Los Angeles,178.0,34.51853,-118.59699,8,5,Summer,Large,2020-08-01,,,,,0.0,Unknown,,,Dry,8,5,Summer
Pond Fire,2020-08-01,San Luis Obispo,2005.0,35.43128,-120.47346,8,5,Summer,Large,2020-08-01,,,,,0.0,Unknown,,,Dry,8,5,Summer
Post Fire,2020-08-02,Los Angeles,120.0,34.04447,-118.21608,8,6,Summer,Medium,2020-08-02,,29.4,17.8,1.5,0.0,Unknown,High,High,Dry,8,6,Summer
Beale Fire,2020-08-02,Yuba,600.0,39.11307,-121.38178,8,6,Summer,Large,2020-08-02,,29.4,17.8,1.5,0.0,Unknown,High,High,Dry,8,6,Summer
Sites Fire ,2020-08-02,Colusa,560.0,39.31313,-122.48525,8,6,Summer,Large,2020-08-02,,29.4,17.8,1.5,0.0,Unknown,High,High,Dry,8,6,Summer
North Fire,2020-08-02,Lassen,6882.0,40.36764,-120.44811,8,6,Summer,Large,2020-08-02,,29.4,17.8,1.5,0.0,Unknown,High,High,Dry,8,6,Summer
Water Fire,2020-08-02,Riverside,52.0,33.924086,-116.641846,8,6,Summer,Medium,2020-08-02,,29.4,17.8,1.5,0.0,Unknown,High,High,Dry,8,6,Summer
Sophia Fire,2020-08-02,El Dorado,36.0,38.686478,-121.103299,8,6,Summer,Medium,2020-08-02,,29.4,17.8,1.5,0.0,Unknown,High,High,Dry,8,6,Summer
Elsmere Fire,2020-08-03,Los Angeles,200.0,34.3428,-118.49731,8,0,Summer,Large,2020-08-03,,28.9,18.3,1.8,0.0,Unknown,High,High,Dry,8,0,Summer
Stagecoach Fire,2020-08-03,Kern,7760.0,35.43044,-118.53361,8,0,Summer,Large,2020-08-03,,28.9,18.3,1.8,0.0,Unknown,High,High,Dry,8,0,Summer
Trimmer Fire,2020-08-04,Fresno,594.0,36.90933,-119.2439,8,1,Summer,Large,2020-08-04,,27.8,19.4,2.2,0.0,Unknown,High,High,Dry,8,1,Summer
Pass Fire,2020-08-04,San Luis Obispo,322.0,35.61521,-120.40457,8,1,Summer,Large,2020-08-04,,27.8,19.4,2.2,0.0,Unknown,High,High,Dry,8,1,Summer
Fort Fire,2020-08-06,Kern,277.0,34.93929,-118.92967,8,3,Summer,Large,2020-08-06,,26.7,19.4,2.2,0.0,Unknown,High,High,Dry,8,3,Summer
Texas Fire,2020-08-06,Los Angeles,210.0,-118.46115,-118.46115,8,3,Summer,Large,2020-08-06,,26.7,19.4,2.2,0.0,Unknown,High,High,Dry,8,3,Summer
Mina Fire,2020-08-10,Mendocino,177.0,39.82454,-123.262437,8,0,Summer,Large,2020-08-10,,,,,0.0,Unknown,,,Dry,8,0,Summer
Duluth Fire,2020-08-10,Placer,65.0,38.81111,-121.318472,8,0,Summer,Medium,2020-08-10,,,,,0.0,Unknown,,,Dry,8,0,Summer
R-1 Fire,2020-08-11,Lassen,285.0,40.590714,-120.549595,8,1,Summer,Large,2020-08-11,,30.0,16.1,1.2,0.0,Unknown,High,Medium,Dry,8,1,Summer
Lake Fire,2020-08-12,Los Angeles,31089.0,34.679,-118.452,8,2,Summer,Large,2020-08-12,,31.7,16.1,1.2,0.0,Unknown,High,Medium,Dry,8,2,Summer
Carrizo Fire,2020-08-12,San Luis Obispo,183.0,35.308259,-119.987565,8,2,Summer,Large,2020-08-12,,31.7,16.1,1.2,0.0,Unknown,High,Medium,Dry,8,2,Summer
Soda Fire,2020-08-12,Kern,424.0,34.962524,-119.444977,8,2,Summer,Large,2020-08-12,,31.7,16.1,1.2,0.0,Unknown,High,Medium,Dry,8,2,Summer
Meiss Fire,2020-08-13,Sacramento,512.0,38.474502,-121.172572,8,3,Summer,Large,2020-08-13,,36.7,21.7,1.2,0.0,Unknown,High,High,Dry,8,3,Summer
Ranch 2 Fire,2020-08-13,Los Angeles,4237.0,34.160265,-117.910498,8,3,Summer,Large,2020-08-13,,36.7,21.7,1.2,0.0,Unknown,High,High,Dry,8,3,Summer
Clark Fire,2020-08-14,Butte,110.0,39.647686,-121.633994,8,4,Summer,Medium,2020-08-14,,37.8,21.7,1.5,0.0,Unknown,High,High,Dry,8,4,Summer
Loyalton Fire,2020-08-14,Sierra,47029.0,39.702438,-120.143473,8,4,Summer,Large,2020-08-14,,37.8,21.7,1.5,0.0,Unknown,High,High,Dry,8,4,Summer
Whale Fire,2020-08-15,San Luis Obispo,320.0,35.472114,-120.856731,8,5,Summer,Large,2020-08-15,,30.6,21.7,2.9,0.0,Unknown,High,High,Dry,8,5,Summer
Hills Fire,2020-08-15,Fresno,2121.0,36.09876,-120.427342,8,5,Summer,Large,2020-08-15,,30.6,21.7,2.9,0.0,Unknown,High,High,Dry,8,5,Summer
SCU Lightning Complex,2020-08-16,"Santa Clara, San Joaquin, Contra Costa, Alameda, Stanislaus",396624.0,37.439437,-121.30435,8,6,Summer,Large,2020-08-16,,,,,0.0,Unknown,,,Dry,8,6,Summer
3-2 Fire,2020-08-16,San Luis Obispo,20.0,35.519723,-120.801074,8,6,Summer,Small,2020-08-16,,,,,0.0,Unknown,,,Dry,8,6,Summer
Elk Fire,2020-08-16,Glenn,727.0,39.52452,-122.427358,8,6,Summer,Large,2020-08-16,,,,,0.0,Unknown,,,Dry,8,6,Summer
River Fire,2020-08-16,Monterey,48088.0,36.60239,-121.62161,8,6,Summer,Large,2020-08-16,,,,,0.0,Unknown,,,Dry,8,6,Summer
August Complex (includes Doe Fire),2020-08-16,"Mendocino, Humboldt, Trinity, Tehama, Glenn, Lake, Colusa",1032648.0,39.776,-122.673,8,6,Summer,Large,2020-08-16,,,,,0.0,Unknown,,,Dry,8,6,Summer
CZU Lightning Complex (Including Warnella Fire) ,2020-08-16,"Santa Cruz, San Mateo",86509.0,37.17162,-122.22275,8,6,Summer,Large,2020-08-16,,,,,0.0,Unknown,,,Dry,8,6,Summer
Butte/Tehama/Glenn Lightning Complex (Tehama/Glenn Zone) ,2020-08-17,"Tehama, Glenn",19609.0,40.09571,-122.4393,8,0,Summer,Large,2020-08-17,,,,,0.0,Unknown,,,Dry,8,0,Summer
LNU Lightning Complex,2020-08-17,"Napa, Solano, Lake, Sonoma, Yolo",363220.0,38.48193,-122.14864,8,0,Summer,Large,2020-08-17,,,,,0.0,Unknown,,,Dry,8,0,Summer
Murphy Fire,2020-08-17,El Dorado,14.0,38.840068,-120.876546,8,0,Summer,Small,2020-08-17,,,,,0.0,Unknown,,,Dry,8,0,Summer
Holser Fire,2020-08-17,Ventura,3000.0,34.438759,-118.758965,8,0,Summer,Large,2020-08-17,,,,,0.0,Unknown,,,Dry,8,0,Summer
4-8 Fire,2020-08-17,Glenn,275.0,39.555943,-122.5012461,8,0,Summer,Large,2020-08-17,,,,,0.0,Unknown,,,Dry,8,0,Summer
Jones Fire,2020-08-17,Nevada,705.0,39.29241,-121.100352,8,0,Summer,Large,2020-08-17,,,,,0.0,Unknown,,,Dry,8,0,Summer
Carmel Fire,2020-08-18,Monterey,6901.0,36.4463,-121.68181,8,1,Summer,Large,2020-08-18,,37.8,21.7,2.5,0.0,Unknown,High,High,Dry,8,1,Summer
3-19 Fire,2020-08-18,Mendocino,62.0,39.276,-123.013667,8,1,Summer,Medium,2020-08-18,,37.8,21.7,2.5,0.0,Unknown,High,High,Dry,8,1,Summer
Salt Fire,2020-08-18,Calaveras,1783.0,38.027921,-120.763258,8,1,Summer,Large,2020-08-18,,37.8,21.7,2.5,0.0,Unknown,High,High,Dry,8,1,Summer
Creek Fire,2020-08-18,Mendocino,820.0,39.8174372,-123.2111007,8,1,Summer,Large,2020-08-18,,37.8,21.7,2.5,0.0,Unknown,High,High,Dry,8,1,Summer
Woodward Fire,2020-08-18,Marin,4929.0,38.018089,-122.836701,8,1,Summer,Large,2020-08-18,,37.8,21.7,2.5,0.0,Unknown,High,High,Dry,8,1,Summer
Flint Fire,2020-08-19,Calaveras,55.0,38.03106,-120.85258,8,2,Summer,Medium,2020-08-19,,,,,0.0,Unknown,,,Dry,8,2,Summer
Moc Fire,2020-08-20,Tuolumne,2857.0,37.813779,-120.312565,8,3,Summer,Large,2020-08-20,,31.7,22.8,2.4,0.0,Unknown,High,High,Dry,8,3,Summer
Volcano Fire,2020-08-20,San Diego,45.0,33.454896,-117.328234,8,3,Summer,Medium,2020-08-20,,31.7,22.8,2.4,0.0,Unknown,High,High,Dry,8,3,Summer
Coyote Fire,2020-08-21,Santa Clara,143.0,37.18725,-121.68465,8,4,Summer,Medium,2020-08-21,,30.6,23.3,2.2,0.0,Unknown,High,High,Dry,8,4,Summer
Sheep Fire ,2020-08-22,Plumas,29570.0,40.274,-120.757,8,5,Summer,Large,2020-08-22,,,,,0.0,Unknown,,,Dry,8,5,Summer
Placer Fire,2020-08-25,San Luis Obispo,53.0,35.4335197,-120.1243296,8,1,Summer,Medium,2020-08-25,,30.0,21.7,2.2,0.0,Unknown,High,High,Dry,8,1,Summer
Perry Fire,2020-08-26,Placer,9.0,38.8825,-121.10411,8,2,Summer,Small,2020-08-26,,33.3,20.6,1.3,0.0,Unknown,High,High,Dry,8,2,Summer
R-8 Pinecone Fire ,2020-08-26,Lassen,567.0,40.773,-120.536,8,2,Summer,Large,2020-08-26,,33.3,20.6,1.3,0.0,Unknown,High,High,Dry,8,2,Summer
Johnson Fire ,2020-08-28,Los Angeles,290.0,34.65979,-118.36411,8,4,Summer,Large,2020-08-28,,,,,0.0,Unknown,,,Dry,8,4,Summer
Hensley Fire ,2020-08-30,Madera,400.0,37.08053,-119.88673,8,6,Summer,Large,2020-08-30,,,,,0.0,Unknown,,,Dry,8,6,Summer
Catholic Fire,2020-09-01,Lake,13.0,39.012743,-122.637037,9,1,Fall,Small,2020-09-01,,,,,0.0,Unknown,,,Dry,9,1,Fall
Creek Fire,2020-09-04,"Fresno, Madera",379895.0,37.19147,-119.261175,9,4,Fall,Large,2020-09-04,,30.0,19.4,1.5,0.0,Unknown,High,High,Dry,9,4,Fall
El Dorado Fire,2020-09-05,"San Bernardino, Riverside",22744.0,34.08056,-116.98669,9,5,Fall,Large,2020-09-05,,43.3,21.7,1.0,0.0,Unknown,High,High,Dry,9,5,Fall
Valley Fire,2020-09-05,San Diego,16390.0,32.765615,-116.692705,9,5,Fall,Large,2020-09-05,,43.3,21.7,1.0,0.0,Unknown,High,High,Dry,9,5,Fall
Oak Fire,2020-09-07,Mendocino,1100.0,39.4935,-123.3965,9,0,Fall,Large,2020-09-07,,27.8,22.8,3.4,0.0,Unknown,High,High,Dry,9,0,Fall
Sperry Fire,2020-09-08,Stanislaus,45.0,37.46377,-121.18018,9,1,Fall,Medium,2020-09-08,,26.1,22.8,2.5,0.0,Unknown,Medium,High,Dry,9,1,Fall
Willow Fire,2020-09-09,Yuba,1311.0,39.3637,-121.32361,9,2,Fall,Large,2020-09-09,,31.7,19.4,0.9,0.0,Unknown,High,High,Dry,9,2,Fall
Schoolhouse Fire,2020-09-09,Siskiyou,45.0,41.68229,-122.84057,9,2,Fall,Medium,2020-09-09,,31.7,19.4,0.9,0.0,Unknown,High,High,Dry,9,2,Fall
Shackleford Fire,2020-09-11,Siskiyou,50.0,41.575549,-123.021635,9,4,Fall,Medium,2020-09-11,,28.3,16.1,1.1,0.0,Unknown,High,Medium,Dry,9,4,Fall
Bullfrog Fire,2020-09-12,Fresno,1185.0,37.135474,-119.027309,9,5,Fall,Large,2020-09-12,,28.9,17.2,1.2,0.0,Unknown,High,High,Dry,9,5,Fall
San Antonio Fire ,2020-09-16,Santa Barbara,111.0,34.773809,-120.491594,9,2,Fall,Medium,2020-09-16,,32.8,17.8,,0.0,Unknown,High,High,Dry,9,2,Fall
Fox Fire,2020-09-16,Siskiyou,2188.0,41.211022,-122.847359,9,2,Fall,Large,2020-09-16,,32.8,17.8,,0.0,Unknown,High,High,Dry,9,2,Fall
Snow Fire ,2020-09-17,Riverside,6254.0,33.88831,-116.68386,9,3,Fall,Large,2020-09-17,,34.4,18.3,1.0,0.0,Unknown,High,High,Dry,9,3,Fall
Glass Fire,2020-09-27,"Napa, Sonoma",67484.0,38.56295,-122.49745,9,6,Fall,Large,2020-09-27,,25.6,20.0,2.1,0.0,Unknown,Medium,High,Dry,9,6,Fall
Zogg Fire,2020-09-27,"Shasta, Tehama",56338.0,40.53927,-122.56656,9,6,Fall,Large,2020-09-27,,25.6,20.0,2.1,0.0,Unknown,Medium,High,Dry,9,6,Fall
Martindale Fire ,2020-09-28,Los Angeles,230.0,34.563,-118.4,9,0,Fall,Large,2020-09-28,,30.0,20.0,1.6,0.0,Unknown,High,High,Dry,9,0,Fall
Candy Fire,2020-09-29,Riverside,454.0,33.764357,-117.374419,9,1,Fall,Large,2020-09-29,,,,,0.0,Unknown,,,Dry,9,1,Fall
Copper Fire ,2020-09-30,Amador,48.0,38.49375,-121.003602,9,2,Fall,Medium,2020-09-30,,37.8,19.4,1.6,0.0,Unknown,High,High,Dry,9,2,Fall
Pony Fire,2020-10-03,Sacramento,20.0,38.464074,-121.039236,10,5,Fall,Small,2020-10-03,,32.8,18.3,1.9,0.0,Unknown,High,High,Dry,10,5,Fall
Lambert Fire,2020-10-04,Amador,21.0,38.424016,-121.006635,10,6,Fall,Small,2020-10-04,,33.3,16.1,1.2,0.0,Unknown,High,Medium,Dry,10,6,Fall
Fields Fire ,2020-10-07,Yuba,56.0,39.181047,-121.450982,10,2,Fall,Medium,2020-10-07,,25.6,17.8,2.5,0.0,Unknown,Medium,High,Dry,10,2,Fall
Irvine Fire,2020-10-11,Contra Costa,30.0,37.821737,-122.104314,10,6,Fall,Small,2020-10-11,,,,,0.0,Unknown,,,Dry,10,6,Fall
Diamond Fire,2020-10-13,Calaveras,21.0,37.98337,-120.64541,10,1,Fall,Small,2020-10-13,,33.9,18.3,1.2,0.0,Unknown,High,High,Dry,10,1,Fall
Bruder Fire,2020-10-15,San Bernardino,170.0,34.014728,-117.138078,10,3,Fall,Large,2020-10-15,,33.3,18.3,1.6,0.0,Unknown,High,High,Dry,10,3,Fall
Cameron Fire,2020-10-18,El Dorado,15.0,38.659387,-120.964726,10,6,Fall,Small,2020-10-18,,,,,0.0,Unknown,,,Dry,10,6,Fall
Ferry Fire,2020-10-22,Butte,6.0,39.51694,-121.54475,10,3,Fall,Small,2020-10-22,,23.9,20.0,2.8,0.0,Unknown,Medium,High,Dry,10,3,Fall
Redwood Fire,2020-10-23,Humboldt,102.0,40.55823,-123.88658,10,4,Fall,Medium,2020-10-23,,22.8,19.4,2.2,0.0,Unknown,Medium,High,Dry,10,4,Fall
Pope Fire,2020-10-23,Napa,61.0,38.56184,-122.37828,10,4,Fall,Medium,2020-10-23,,22.8,19.4,2.2,0.0,Unknown,Medium,High,Dry,10,4,Fall
Point Fire (Shasta and Tehama County),2020-10-25,"Shasta, Tehama",275.0,40.38869,-122.39033,10,6,Fall,Large,2020-10-25,,21.7,15.6,1.4,0.0,Unknown,Low,Medium,Dry,10,6,Fall
Dersch Fire,2020-10-25,Shasta,133.0,40.47646,-122.18102,10,6,Fall,Medium,2020-10-25,,21.7,15.6,1.4,0.0,Unknown,Low,Medium,Dry,10,6,Fall
Olinda Fire,2020-10-25,Shasta,5.0,40.41486,-122.342,10,6,Fall,Small,2020-10-25,,21.7,15.6,1.4,0.0,Unknown,Low,Medium,Dry,10,6,Fall
Silverado Fire ,2020-10-26,Orange,12466.0,33.73614,-117.65719,10,0,Fall,Large,2020-10-26,,23.3,11.1,2.8,0.0,Unknown,Medium,Low,Dry,10,0,Fall
Blue Ridge Fire ,2020-10-26,Orange,13964.0,33.877257,-117.675067,10,0,Fall,Large,2020-10-26,,23.3,11.1,2.8,0.0,Unknown,Medium,Low,Dry,10,0,Fall
Cypress Fire,2020-11-01,"Riverside, San Bernardino",150.0,34.03343,-117.51476,11,6,Fall,Medium,2020-11-01,,30.0,14.4,1.1,0.0,Unknown,High,Medium,Dry,11,6,Fall
San Dimas Fire,2020-11-06,Los Angeles,131.0,34.146195,-117.778561,11,4,Fall,Medium,2020-11-06,,24.4,15.0,2.4,0.0,Unknown,Medium,Medium,Dry,11,4,Fall
Airport Fire,2020-12-01,Riverside,1087.0,33.893351,-117.62109,12,1,Winter,Large,2020-12-01,,,,,0.0,Unknown,,,Dry,12,1,Winter
Bond Fire,2020-12-02,Orange,6686.0,33.743842,-117.674967,12,2,Winter,Large,2020-12-02,,24.4,7.8,1.3,0.0,Unknown,Medium,Low,Dry,12,2,Winter
Cerritos Fire,2020-12-03,Riverside,200.0,33.773754,-117.051463,12,3,Winter,Large,2020-12-03,,,,,0.0,Unknown,,,Dry,12,3,Winter
Thomas Fire,2020-12-03,Lassen,24.0,41.591948,-120.374514,12,3,Winter,Small,2020-12-03,,,,,0.0,Unknown,,,Dry,12,3,Winter
Cornell Fire,2020-12-07,Ventura,174.0,34.33622,-119.078,12,0,Winter,Large,2020-12-07,,,,,0.0,Unknown,,,Dry,12,0,Winter
Sanderson Fire,2020-12-13,Riverside,1954.0,33.93244,-117.03459,12,6,Winter,Large,2020-12-13,,20.6,7.8,1.2,0.0,Unknown,Low,Low,Dry,12,6,Winter
Erbes Fire,2021-01-14,Ventura,250.0,34.20955,-118.83967,1,3,Winter,Large,2021-01-14,,,,,0.0,Unknown,,,Dry,1,3,Winter
North Butano Fire,2021-01-18,San Mateo,15.0,37.18259,-122.28823,1,0,Winter,Small,2021-01-18,,26.7,9.4,1.5,0.0,Unknown,High,Low,Dry,1,0,Winter
China Grade Fire,2021-01-18,Santa Cruz,22.0,37.17749,-122.1756,1,0,Winter,Small,2021-01-18,,26.7,9.4,1.5,0.0,Unknown,High,Low,Dry,1,0,Winter
Manzanita Fire,2021-01-19,Madera,23.0,37.25086,-119.51982,1,1,Winter,Small,2021-01-19,,,,,0.0,Unknown,,,Dry,1,1,Winter
Bonny Doone Complex (Previously Fanning Fire),2021-01-19,Santa Cruz,20.0,37.08931,-122.10509,1,1,Winter,Small,2021-01-19,,,,,0.0,Unknown,,,Dry,1,1,Winter
Wolf Fire,2021-01-19,Kern,865.0,34.99432,-119.185309,1,1,Winter,Large,2021-01-19,,,,,0.0,Unknown,,,Dry,1,1,Winter
72 Fire,2021-01-19,Riverside,43.0,33.52871,-116.10723,1,1,Winter,Medium,2021-01-19,,,,,0.0,Unknown,,,Dry,1,1,Winter
Towsley Fire,2021-01-19,Los Angeles,184.0,34.3585229,-118.5553174,1,1,Winter,Large,2021-01-19,,,,,0.0,Unknown,,,Dry,1,1,Winter
Panther Ridge Fire,2021-01-19,Santa Cruz,20.0,37.18381,-122.13372,1,1,Winter,Small,2021-01-19,,,,,0.0,Unknown,,,Dry,1,1,Winter
Freedom Fire,2021-01-19,Santa Cruz,37.0,36.98767,-121.83627,1,1,Winter,Medium,2021-01-19,,,,,0.0,Unknown,,,Dry,1,1,Winter
Grapevine Fire,2021-03-14,Kern,86.0,35.58198161,-117.5910734,3,6,Spring,Medium,2021-03-14,,,,,0.0,Unknown,,,Dry,3,6,Spring
Refuge Fire,2021-03-27,Siskiyou,873.0,41.927772,-121.627082,3,5,Spring,Large,2021-03-27,,23.9,8.9,1.4,0.0,Unknown,Medium,Low,Dry,3,5,Spring
Line Fire,2021-03-28,Tuolumne,23.0,37.813464,-120.131236,3,6,Spring,Small,2021-03-28,,33.9,10.0,1.0,0.0,Unknown,High,Low,Dry,3,6,Spring
Woodman Fire,2021-04-01,Shasta,35.0,40.6758842,-122.0536419,4,3,Spring,Small,2021-04-01,,,,,0.0,Unknown,,,Dry,4,3,Spring
Westwood Fire,2021-04-04,Ventura,25.0,34.30277328,-118.700095,4,6,Spring,Small,2021-04-04,,,,,0.0,Unknown,,,Dry,4,6,Spring
Paso Fire,2021-04-12,San Diego,28.0,32.958961,-116.582369,4,0,Spring,Small,2021-04-12,,21.1,15.0,1.8,0.0,Unknown,Low,Medium,Dry,4,0,Spring
Turnout Fire,2021-04-18,Mendocino,200.0,38.99914,-123.35838,4,6,Spring,Large,2021-04-18,,31.7,12.8,2.7,0.0,Unknown,High,Medium,Dry,4,6,Spring
River Fire,2021-04-19,Sutter,80.0,38.9743823,-121.5896697,4,0,Spring,Medium,2021-04-19,,,,,0.0,Unknown,,,Dry,4,0,Spring
Wolves Fire,2021-04-23,Kern,50.0,34.9471195,-1191414610.0,4,4,Spring,Medium,2021-04-23,,,,,0.0,Unknown,,,Dry,4,4,Spring
Luis Fire,2021-04-24,Merced,93.0,37.0953436,-121.143154,4,5,Spring,Medium,2021-04-24,,,,,0.0,Unknown,,,Dry,4,5,Spring
North Fire,2021-04-28,Los Angeles,650.0,34.449686,-118.616276,4,2,Spring,Large,2021-04-28,,26.7,11.7,2.2,0.0,Unknown,High,Low,Dry,4,2,Spring
Sky Fire,2021-04-29,Lake,65.0,38.88437128,-122.5177156,4,3,Spring,Medium,2021-04-29,,,,,0.0,Unknown,,,Dry,4,3,Spring
Campo Fire,2021-04-29,Calaveras,160.0,38.223179,-120.856628,4,3,Spring,Large,2021-04-29,,,,,0.0,Unknown,,,Dry,4,3,Spring
Salmon Fire,2021-05-01,El Dorado,32.0,38.773294,-121.034998,5,5,Spring,Small,2021-05-01,,23.9,15.6,2.8,0.0,Unknown,Medium,Medium,Dry,5,5,Spring
Southern Fire,2021-05-02,San Diego,5366.0,32.987532,-116.443391,5,6,Spring,Large,2021-05-02,,21.7,15.6,2.6,0.0,Unknown,Low,Medium,Dry,5,6,Spring
Creek Fire,2021-05-04,Riverside,32.0,33.532246,-116.767011,5,1,Spring,Small,2021-05-04,,25.6,16.1,2.4,0.0,Unknown,Medium,Medium,Dry,5,1,Spring
Bridge Fire,2021-05-05,Riverside,226.0,33.86972,-117.044072,5,2,Spring,Large,2021-05-05,,28.3,16.7,1.7,0.0,Unknown,High,Medium,Dry,5,2,Spring
Dillard Fire,2021-05-08,Sacramento,44.0,38.28328,-121.45965,5,5,Spring,Medium,2021-05-08,,21.7,16.1,3.4,0.0,Unknown,Low,Medium,Dry,5,5,Spring
Gunnison Fire,2021-05-08,Butte,550.0,39.85479,-121.91936,5,5,Spring,Large,2021-05-08,,21.7,16.1,3.4,0.0,Unknown,Low,Medium,Dry,5,5,Spring
Granite Fire,2021-05-08,Calaveras,118.0,38.03106,-120.85258,5,5,Spring,Medium,2021-05-08,,21.7,16.1,3.4,0.0,Unknown,Low,Medium,Dry,5,5,Spring
Quail Fire,2021-05-12,Yuba,35.0,39.2510745,-121.361339,5,2,Spring,Small,2021-05-12,,22.8,16.7,2.4,0.0,Unknown,Medium,Medium,Dry,5,2,Spring
Pine Fire,2021-05-12,Los Angeles,442.0,34.454231,-117.663815,5,2,Spring,Large,2021-05-12,,22.8,16.7,2.4,0.0,Unknown,Medium,Medium,Dry,5,2,Spring
Fields Fire,2021-05-14,Merced,97.0,37.560209,-120.419624,5,4,Spring,Medium,2021-05-14,,,,,0.0,Unknown,,,Dry,5,4,Spring
R-1 Fire,2021-05-14,Lassen,29.0,40.971612,-120.094517,5,4,Spring,Small,2021-05-14,,,,,0.0,Unknown,,,Dry,5,4,Spring
Palisades Fire,2021-05-14,Los Angeles,1202.0,34.079046,-118.558938,5,4,Spring,Large,2021-05-14,,,,,0.0,Unknown,,,Dry,5,4,Spring
Davis Fire,2021-05-18,Riverside,300.0,33.8948,-117.1116,5,1,Spring,Large,2021-05-18,,24.4,16.1,1.5,0.0,Unknown,Medium,Medium,Dry,5,1,Spring
Parkside Fire,2021-05-19,Riverside,17.0,33.50994,-115.917099,5,2,Spring,Small,2021-05-19,,24.4,15.6,2.2,0.0,Unknown,Medium,Medium,Dry,5,2,Spring
Settlers Fire,2021-05-19,El Dorado,45.0,38.56101,-121.01365,5,2,Spring,Medium,2021-05-19,,24.4,15.6,2.2,0.0,Unknown,Medium,Medium,Dry,5,2,Spring
WeeVill Fire,2021-05-20,Los Angeles,300.0,34.7591895,-118.5044868,5,3,Spring,Large,2021-05-20,,23.3,15.6,2.6,0.0,Unknown,Medium,Medium,Dry,5,3,Spring
Bluff Fire,2021-05-21,Humboldt,25.0,41.23106,-123.66003,5,4,Spring,Small,2021-05-21,,,,,0.0,Unknown,,,Dry,5,4,Spring
Tomki Fire,2021-05-21,Mendocino,18.0,39.384319,-123.23205,5,4,Spring,Small,2021-05-21,,,,,0.0,Unknown,,,Dry,5,4,Spring
Lake Fire,2021-05-24,Riverside,115.0,33.965596,-117.471517,5,0,Spring,Medium,2021-05-24,,33.9,12.8,1.6,0.0,Unknown,High,Medium,Dry,5,0,Spring
Mile Fire,2021-05-27,Stanislaus,508.0,37.89346197,-120.8391587,5,3,Spring,Large,2021-05-27,,21.7,16.1,3.0,0.0,Unknown,Low,Medium,Dry,5,3,Spring
Live Oak Fire,2021-05-27,Mariposa,197.0,37.45646,-120.00392,5,3,Spring,Large,2021-05-27,,21.7,16.1,3.0,0.0,Unknown,Low,Medium,Dry,5,3,Spring
Sargents Fire,2021-05-30,Monterey,1118.0,35.932852,-120.854096,5,6,Spring,Large,2021-05-30,,21.7,16.1,3.0,0.0,Unknown,Low,Medium,Dry,5,6,Spring
Slope Fire,2021-05-31,Fresno,25.0,36.86201725,-119.3484122,5,0,Spring,Small,2021-05-31,,,,,0.0,Unknown,,,Dry,5,0,Spring
Smalley Fire,2021-05-31,Madera,45.0,37.1619216,-119.5166045,5,0,Spring,Medium,2021-05-31,,,,,0.0,Unknown,,,Dry,5,0,Spring
Scott Fire,2021-06-01,Riverside,28.0,33.631955,-117.089849,6,1,Summer,Small,2021-06-01,,26.1,17.2,1.7,0.0,Unknown,Medium,High,Dry,6,1,Summer
Coyote Fire,2021-06-02,Riverside,43.0,33.895007,-116.90145,6,2,Summer,Medium,2021-06-02,,25.6,16.7,2.2,0.0,Unknown,Medium,Medium,Dry,6,2,Summer
Buck Fire,2021-06-06,Madera,50.0,37.24484944,-119.8604784,6,6,Summer,Medium,2021-06-06,,22.8,16.7,2.6,0.0,Unknown,Medium,Medium,Dry,6,6,Summer
Intanko Fire,2021-06-08,Yuba,939.0,39.084872,-121.333346,6,1,Summer,Large,2021-06-08,,,,,0.0,Unknown,,,Dry,6,1,Summer
Farm Fire,2021-06-09,San Bernardino,250.0,34.3832472,-117.4183546,6,2,Summer,Large,2021-06-09,,,,,0.0,Unknown,,,Dry,6,2,Summer
Sierra Fire,2021-06-09,San Diego,1000.0,33.31571157,-117.3483228,6,2,Summer,Large,2021-06-09,,,,,0.0,Unknown,,,Dry,6,2,Summer
Creek Fire,2021-06-09,Yolo,34.0,38.899722,-122.238889,6,2,Summer,Small,2021-06-09,,,,,0.0,Unknown,,,Dry,6,2,Summer
Goose Fire,2021-06-13,Amador,67.0,38.3046414,-120.9608439,6,6,Summer,Medium,2021-06-13,,,,,0.0,Unknown,,,Dry,6,6,Summer
Flats Fire,2021-06-13,Riverside,341.0,33.5812044,-116.4518615,6,6,Summer,Large,2021-06-13,,,,,0.0,Unknown,,,Dry,6,6,Summer
Beale Fire,2021-06-13,Yuba,150.0,39.1956433,-121.3587065,6,6,Summer,Medium,2021-06-13,,,,,0.0,Unknown,,,Dry,6,6,Summer
Silicon Fire,2021-06-14,Santa Clara,35.0,37.24042,-121.76309,6,0,Summer,Small,2021-06-14,,34.4,16.7,1.7,0.0,Unknown,High,Medium,Dry,6,0,Summer
Kathryn Fire,2021-06-15,Riverside,15.0,33.67127,-116.94956,6,1,Summer,Small,2021-06-15,,,,,0.0,Unknown,,,Dry,6,1,Summer
Rock Fire,2021-06-15,Shasta,108.0,40.61468,-122.49164,6,1,Summer,Medium,2021-06-15,,,,,0.0,Unknown,,,Dry,6,1,Summer
Dairy Fire,2021-06-15,Tehama,165.0,40.10806,-122.16025,6,1,Summer,Large,2021-06-15,,,,,0.0,Unknown,,,Dry,6,1,Summer
Equestrian Fire,2021-06-16,El Dorado,10.0,38.79988,-121.01273,6,2,Summer,Small,2021-06-16,,28.9,19.4,1.9,0.0,Unknown,High,High,Dry,6,2,Summer
Pomo Fire,2021-06-17,Lake,42.0,39.16338,-122.916,6,3,Summer,Medium,2021-06-17,,25.6,17.8,3.3,0.0,Unknown,Medium,High,Dry,6,3,Summer
Park Fire,2021-06-17,Butte,402.0,39.77144,-121.76629,6,3,Summer,Large,2021-06-17,,25.6,17.8,3.3,0.0,Unknown,Medium,High,Dry,6,3,Summer
Alabama Fire,2021-06-18,Inyo,560.0,36.59717,-118.20355,6,4,Summer,Large,2021-06-18,,23.9,18.3,3.4,0.0,Unknown,Medium,High,Dry,6,4,Summer
Antelope Fire,2021-06-18,Tulare,11.0,36.47887,-119.10788,6,4,Summer,Small,2021-06-18,,23.9,18.3,3.4,0.0,Unknown,Medium,High,Dry,6,4,Summer
Success Fire,2021-06-18,Tulare,800.0,36.03223,-118.85799,6,4,Summer,Large,2021-06-18,,23.9,18.3,3.4,0.0,Unknown,Medium,High,Dry,6,4,Summer
Nettle Fire,2021-06-18,Tulare,1265.0,36.03887,-118.76857,6,4,Summer,Large,2021-06-18,,23.9,18.3,3.4,0.0,Unknown,Medium,High,Dry,6,4,Summer
Willow Fire,2021-06-18,Monterey,2877.0,36.151231,-121.558858,6,4,Summer,Large,2021-06-18,,23.9,18.3,3.4,0.0,Unknown,Medium,High,Dry,6,4,Summer
Crane Fire,2021-06-18,Kern,48.0,34.83498,-118.86258,6,4,Summer,Medium,2021-06-18,,23.9,18.3,3.4,0.0,Unknown,Medium,High,Dry,6,4,Summer
Bautista Fire,2021-06-19,Riverside,95.0,33.551747,-116.707967,6,5,Summer,Medium,2021-06-19,,26.7,18.3,1.7,0.0,Unknown,High,High,Dry,6,5,Summer
Inyo Creek Fire,2021-06-19,Inyo,592.0,36.6000177,-118.1420738,6,5,Summer,Large,2021-06-19,,26.7,18.3,1.7,0.0,Unknown,High,High,Dry,6,5,Summer
Overland Fire,2021-06-19,San Diego,515.0,32.903917,-116.233056,6,5,Summer,Large,2021-06-19,,26.7,18.3,1.7,0.0,Unknown,High,High,Dry,6,5,Summer
Cow Fire,2021-06-20,Shasta,761.0,40.53297,-122.12107,6,6,Summer,Large,2021-06-20,,23.3,18.3,2.6,0.0,Unknown,Medium,High,Dry,6,6,Summer
76 Fire,2021-06-20,Riverside,20.0,33.499081,-116.1147496,6,6,Summer,Small,2021-06-20,,23.3,18.3,2.6,0.0,Unknown,Medium,High,Dry,6,6,Summer
Clevenger Fire,2021-06-20,San Diego,53.0,33.09183,-116.9543,6,6,Summer,Medium,2021-06-20,,23.3,18.3,2.6,0.0,Unknown,Medium,High,Dry,6,6,Summer
Watt Fire,2021-06-21,Placer,42.0,38.728881,-121.39247,6,0,Summer,Medium,2021-06-21,,25.0,18.3,2.6,0.0,Unknown,Medium,High,Dry,6,0,Summer
Antelope Fire,2021-06-22,Modoc,580.0,41.583949,-120.729446,6,1,Summer,Large,2021-06-22,,,,,0.0,Unknown,,,Dry,6,1,Summer
Panoche Fire,2021-06-23,San Benito,145.0,36.63228,-120.987172,6,2,Summer,Medium,2021-06-23,,,,,0.0,Unknown,,,Dry,6,2,Summer
Pine Fire,2021-06-23,Shasta,50.0,40.475558,-122.481055,6,2,Summer,Medium,2021-06-23,,,,,0.0,Unknown,,,Dry,6,2,Summer
Mesa Fire,2021-06-23,San Diego,350.0,33.337282,-117.095858,6,2,Summer,Large,2021-06-23,,,,,0.0,Unknown,,,Dry,6,2,Summer
4-3 Fire,2021-06-24,Modoc,134.0,41.562302,-120.497502,6,3,Summer,Medium,2021-06-24,,24.4,17.8,1.9,0.0,Unknown,Medium,High,Dry,6,3,Summer
Lava Fire,2021-06-24,Siskiyou,26409.0,41.459,-122.329,6,3,Summer,Large,2021-06-24,,24.4,17.8,1.9,0.0,Unknown,Medium,High,Dry,6,3,Summer
Henry Fire,2021-06-25,Alpine,1320.0,38.4504695,-119.7512546,6,4,Summer,Large,2021-06-25,,,,,0.0,Unknown,,,Dry,6,4,Summer
Paseo Fire,2021-06-25,Santa Clara,37.0,37.118582,-121.584194,6,4,Summer,Medium,2021-06-25,,,,,0.0,Unknown,,,Dry,6,4,Summer
Steins Fire,2021-06-26,El Dorado,11.0,38.659971,-120.876096,6,5,Summer,Small,2021-06-26,,28.9,17.2,1.8,0.0,Unknown,High,High,Dry,6,5,Summer
Canyon Fire,2021-06-26,Kern,220.0,35.442533,-118.793912,6,5,Summer,Large,2021-06-26,,28.9,17.2,1.8,0.0,Unknown,High,High,Dry,6,5,Summer
Vulcan Fire,2021-06-27,Fresno,140.0,36.932,-119.735,6,6,Summer,Medium,2021-06-27,,27.8,17.8,1.9,0.0,Unknown,High,High,Dry,6,6,Summer
Shell Fire,2021-06-27,Kern,1984.0,34.919,-118.891,6,6,Summer,Large,2021-06-27,,27.8,17.8,1.9,0.0,Unknown,High,High,Dry,6,6,Summer
Sky Fire,2021-06-27,Butte,76.0,40.039,-121.406,6,6,Summer,Medium,2021-06-27,,27.8,17.8,1.9,0.0,Unknown,High,High,Dry,6,6,Summer
Peak Fire,2021-06-28,San Bernardino,35.0,34.20849,-117.280416,6,0,Summer,Small,2021-06-28,,25.0,19.4,3.4,0.0,Unknown,Medium,High,Dry,6,0,Summer
Stowe Fire,2021-06-28,Riverside,122.0,33.740058,-117.050236,6,0,Summer,Medium,2021-06-28,,25.0,19.4,3.4,0.0,Unknown,Medium,High,Dry,6,0,Summer
Lilly Fire,2021-06-28,Madera,35.0,41.665191,-122.054254,6,0,Summer,Small,2021-06-28,,25.0,19.4,3.4,0.0,Unknown,Medium,High,Dry,6,0,Summer
Tennant Fire,2021-06-28,Siskiyou,10580.0,41.665191,-122.054254,6,0,Summer,Large,2021-06-28,,25.0,19.4,3.4,0.0,Unknown,Medium,High,Dry,6,0,Summer
Beswick Fire,2021-06-28,Siskiyou,118.0,41.917209,-122.374848,6,0,Summer,Medium,2021-06-28,,25.0,19.4,3.4,0.0,Unknown,Medium,High,Dry,6,0,Summer
Blue Fire,2021-06-30,Fresno,277.0,37.02865767,-119.2548441,6,2,Summer,Large,2021-06-30,,,,,0.0,Unknown,,,Dry,6,2,Summer
Salt Fire,2021-06-30,Shasta,12660.0,40.860525,-122.348956,6,2,Summer,Large,2021-06-30,,,,,0.0,Unknown,,,Dry,6,2,Summer
Ysabel Fire,2021-07-03,San Diego,173.0,33.119448,-116.677511,7,5,Summer,Large,2021-07-03,,27.2,18.9,2.8,0.0,Unknown,High,High,Dry,7,5,Summer
Main Fire,2021-07-03,Tulare,384.0,36.10007,-119.017899,7,5,Summer,Large,2021-07-03,,27.2,18.9,2.8,0.0,Unknown,High,High,Dry,7,5,Summer
Fish Fire,2021-07-04,Fresno,75.0,36.802809,-119.393795,7,6,Summer,Medium,2021-07-04,,,,,0.0,Unknown,,,Dry,7,6,Summer
Tamarack Fire,2021-07-04,Alpine,68637.0,38.6280042,-119.8591887,7,6,Summer,Large,2021-07-04,,,,,0.0,Unknown,,,Dry,7,6,Summer
Beckwourth Complex,2021-07-04,Plumas,105670.0,39.83203,-120.3415,7,6,Summer,Large,2021-07-04,,,,,0.0,Unknown,,,Dry,7,6,Summer
Tumbleweed Fire,2021-07-04,Los Angeles,868.0,34.808751,-118.87933,7,6,Summer,Large,2021-07-04,,,,,0.0,Unknown,,,Dry,7,6,Summer
Juniper Fire,2021-07-05,Modoc,1011.0,41.80728,-120.638464,7,0,Summer,Large,2021-07-05,,25.0,18.3,2.4,0.0,Unknown,Medium,High,Dry,7,0,Summer
Broiler Fire,2021-07-07,Mendocino,80.0,39.253647,-123.224377,7,2,Summer,Medium,2021-07-07,,,,,0.0,Unknown,,,Dry,7,2,Summer
Basalt Fire,2021-07-09,Merced,92.0,37.06047,-121.05758,7,4,Summer,Medium,2021-07-09,,,,,0.0,Unknown,,,Dry,7,4,Summer
Coyote Fire,2021-07-09,Modoc,110.0,41.28523,-121.77593,7,4,Summer,Medium,2021-07-09,,,,,0.0,Unknown,,,Dry,7,4,Summer
Road Fire,2021-07-10,San Diego,86.0,32.82731,-116.6253,7,5,Summer,Medium,2021-07-10,,,,,0.0,Unknown,,,Dry,7,5,Summer
Diablo Fire,2021-07-11,Contra Costa,128.0,37.865193,-121.667665,7,6,Summer,Medium,2021-07-11,,,,,0.0,Unknown,,,Dry,7,6,Summer
Bear Fire,2021-07-11,Kern,71.0,34.85178,-118.81448,7,6,Summer,Medium,2021-07-11,,,,,0.0,Unknown,,,Dry,7,6,Summer
River Fire,2021-07-11,Mariposa,9656.0,37.350823,-119.869785,7,6,Summer,Large,2021-07-11,,,,,0.0,Unknown,,,Dry,7,6,Summer
Bradley Fire,2021-07-11,Siskiyou,357.0,41.25272,-121.82403,7,6,Summer,Large,2021-07-11,,,,,0.0,Unknown,,,Dry,7,6,Summer
Dexter Fire,2021-07-12,Mono,2965.0,37.8024,-118.8745,7,0,Summer,Large,2021-07-12,,,,,0.0,Unknown,,,Dry,7,0,Summer
Dixie Fire,2021-07-13,"Butte, Plumas, Shasta, Lassen, Tehama",963309.0,39.871306,-121.389439,7,1,Summer,Large,2021-07-13,,27.2,20.6,2.8,0.0,Unknown,High,High,Dry,7,1,Summer
Cannon Fire,2021-07-14,Tehama,43.0,40.1703,-122.64768,7,2,Summer,Medium,2021-07-14,,26.7,21.7,3.4,0.0,Unknown,High,High,Dry,7,2,Summer
Dolicini Fire,2021-07-14,Marin,35.0,38.0975072,-122.7418335,7,2,Summer,Small,2021-07-14,,26.7,21.7,3.4,0.0,Unknown,High,High,Dry,7,2,Summer
Border 13 Fire,2021-07-15,San Diego,30.0,32.578481,-116.634023,7,3,Summer,Small,2021-07-15,,27.2,21.1,3.0,0.0,Unknown,High,High,Dry,7,3,Summer
Fork Fire,2021-07-17,Tehama,43.0,39.999396,-122.55195,7,5,Summer,Medium,2021-07-17,,31.1,20.0,2.1,0.0,Unknown,High,High,Dry,7,5,Summer
Chicken Fire,2021-07-18,Lassen,55.0,40.86955,-120.45187,7,6,Summer,Medium,2021-07-18,,,,,0.0,Unknown,,,Dry,7,6,Summer
Quail Fire,2021-07-20,Riverside,50.0,33.889516,-117.070814,7,1,Summer,Medium,2021-07-20,,,,,0.0,Unknown,,,Dry,7,1,Summer
Peak Fire,2021-07-20,Kern,2098.0,35.41153,-118.46461,7,1,Summer,Large,2021-07-20,,,,,0.0,Unknown,,,Dry,7,1,Summer
Frenchtown Fire,2021-07-20,Yuba,45.0,39.383922,-121.24684,7,1,Summer,Medium,2021-07-20,,,,,0.0,Unknown,,,Dry,7,1,Summer
Mountain Fire,2021-07-23,Trinity,25.0,39.976,-123.505,7,4,Summer,Small,2021-07-23,,27.2,20.6,2.6,0.0,Unknown,High,High,Dry,7,4,Summer
Park Fire,2021-07-26,Tulare,100.0,36.199833,-118.722167,7,0,Summer,Medium,2021-07-26,,27.8,20.0,1.9,4.3,Unknown,High,High,Dry,7,0,Summer
Pinnacles Fire,2021-07-28,Monterey,171.0,36.476664,-121.224797,7,2,Summer,Large,2021-07-28,,29.4,20.6,2.2,0.0,Unknown,High,High,Dry,7,2,Summer
Evans Fire,2021-07-29,Plumas,85.0,40.183504,-120.8468224,7,3,Summer,Medium,2021-07-29,,28.9,19.4,2.0,0.0,Unknown,High,High,Dry,7,3,Summer
McFarland Fire,2021-07-30,"Shasta, Trinity, Tehama",122653.0,40.35,-123.034,7,4,Summer,Large,2021-07-30,,33.9,18.9,1.3,0.0,Unknown,High,High,Dry,7,4,Summer
Robie Fire,2021-07-30,Calaveras,153.0,38.054116,-120.867498,7,4,Summer,Medium,2021-07-30,,33.9,18.9,1.3,0.0,Unknown,High,High,Dry,7,4,Summer
River Complex,2021-07-30,"Siskiyou, Trinity",199359.0,41.389,-123.057,7,4,Summer,Large,2021-07-30,,33.9,18.9,1.3,0.0,Unknown,High,High,Dry,7,4,Summer
Monument Fire,2021-07-30,Trinity,223124.0,40.752,-123.337,7,4,Summer,Large,2021-07-30,,33.9,18.9,1.3,0.0,Unknown,High,High,Dry,7,4,Summer
Hungry Fire,2021-07-31,Los Angeles,340.0,34.7479248,-118.8217926,7,5,Summer,Large,2021-07-31,,31.7,18.9,1.5,0.0,Unknown,High,High,Dry,7,5,Summer
Tobin Fire,2021-07-31,San Luis Obispo,75.0,35.65927,-120.560856,7,5,Summer,Medium,2021-07-31,,31.7,18.9,1.5,0.0,Unknown,High,High,Dry,7,5,Summer
Antelope Fire,2021-08-01,Siskiyou,145632.0,41.5289901,-121.9154934,8,6,Summer,Large,2021-08-01,,33.9,18.3,1.4,0.0,Unknown,High,High,Dry,8,6,Summer
Hiding Fire,2021-08-01,Shasta,50.0,40.466364,-122.482826,8,6,Summer,Medium,2021-08-01,,33.9,18.3,1.4,0.0,Unknown,High,High,Dry,8,6,Summer
Antonio Fire,2021-08-03,Los Angeles,50.0,34.23604,-117.65989,8,1,Summer,Medium,2021-08-03,,28.9,18.9,2.6,0.0,Unknown,High,High,Dry,8,1,Summer
House Fire,2021-08-04,Shasta,60.0,40.604986,-122.506112,8,2,Summer,Medium,2021-08-04,,26.7,18.9,2.7,0.0,Unknown,High,High,Dry,8,2,Summer
River Fire,2021-08-04,"Nevada, Placer",2619.0,39.08805,-121.01468,8,2,Summer,Large,2021-08-04,,26.7,18.9,2.7,0.0,Unknown,High,High,Dry,8,2,Summer
Hambone Fire,2021-08-06,Siskiyou,55.0,41.68499,-121.53946,8,4,Summer,Medium,2021-08-06,,,,,0.0,Unknown,,,Dry,8,4,Summer
Nelson Fire,2021-08-07,Shasta,20.0,41.034362,-121.89008,8,5,Summer,Small,2021-08-07,,,,,0.0,Unknown,,,Dry,8,5,Summer
Glen Fire,2021-08-11,Yuba,184.0,39.403918,-121.30845,8,2,Summer,Large,2021-08-11,,,,,0.5,Unknown,,,Dry,8,2,Summer
Middle Fire,2021-08-13,Sonoma,22.0,38.250596,-122.727542,8,4,Summer,Small,2021-08-13,,29.4,20.6,2.8,0.0,Unknown,High,High,Dry,8,4,Summer
Coyote Fire,2021-08-13,Lake,127.0,38.826123,-122.581257,8,4,Summer,Medium,2021-08-13,,29.4,20.6,2.8,0.0,Unknown,High,High,Dry,8,4,Summer
Bell Fire,2021-08-14,Mendocino,50.0,39.834099,-123.637032,8,5,Summer,Medium,2021-08-14,,28.3,20.6,2.1,0.0,Unknown,High,High,Dry,8,5,Summer
Caldor Fire,2021-08-14,"El Dorado, Alpine, Amador",221835.0,38.586,-120.537833,8,5,Summer,Large,2021-08-14,,28.3,20.6,2.1,0.0,Unknown,High,High,Dry,8,5,Summer
Walkers Fire,2021-08-16,Tulare,8777.0,36.268,-118.555,8,0,Summer,Large,2021-08-16,,27.8,21.1,3.0,0.0,Unknown,High,High,Dry,8,0,Summer
Cache Fire,2021-08-18,Lake,83.0,38.928133,-122.601395,8,2,Summer,Medium,2021-08-18,,,,,0.0,Unknown,,,Dry,8,2,Summer
McCash Fire,2021-08-18,Siskiyou,94962.0,41.564,-123.404,8,2,Summer,Large,2021-08-18,,,,,0.0,Unknown,,,Dry,8,2,Summer
Rock Fire,2021-08-24,Riverside,295.0,33.474823,-116.659688,8,1,Summer,Large,2021-08-24,,,,,0.0,Unknown,,,Dry,8,1,Summer
Mule Fire,2021-08-25,Shasta,10.0,40.616416,-122.514391,8,2,Summer,Small,2021-08-25,,,,,0.0,Unknown,,,Dry,8,2,Summer
Airola Fire,2021-08-25,Calaveras,639.0,38.038795,-120.454797,8,2,Summer,Large,2021-08-25,,,,,0.0,Unknown,,,Dry,8,2,Summer
South Fire,2021-08-25,San Bernardino,680.0,34.186147,-117.440263,8,2,Summer,Large,2021-08-25,,,,,0.0,Unknown,,,Dry,8,2,Summer
Westward Fire,2021-08-25,Riverside,160.0,33.918089,-116.877776,8,2,Summer,Large,2021-08-25,,,,,0.0,Unknown,,,Dry,8,2,Summer
Bennett Fire,2021-08-25,Nevada,59.0,39.216752,-121.040771,8,2,Summer,Medium,2021-08-25,,,,,0.0,Unknown,,,Dry,8,2,Summer
Washington Fire,2021-08-26,Tuolumne,100.0,37.962933,-120.402221,8,3,Summer,Medium,2021-08-26,,35.6,18.9,1.3,0.0,Unknown,High,High,Dry,8,3,Summer
Roadside Fire,2021-08-28,San Bernardino,50.0,34.25145,-117.4546,8,5,Summer,Medium,2021-08-28,,27.2,18.9,2.6,0.0,Unknown,High,High,Dry,8,5,Summer
Chaparral Fire,2021-08-28,"Riverside, San Diego",1427.0,33.484721,-117.39309,8,5,Summer,Large,2021-08-28,,27.2,18.9,2.6,0.0,Unknown,High,High,Dry,8,5,Summer
Railroad Fire,2021-08-29,San Bernardino,61.0,34.34,-117.466,8,6,Summer,Medium,2021-08-29,,,,,0.0,Unknown,,,Dry,8,6,Summer
Knob Fire,2021-08-29,Humboldt,2421.0,40.8652,-123.6744,8,6,Summer,Large,2021-08-29,,,,,0.0,Unknown,,,Dry,8,6,Summer
K-Rail,2021-08-30,Humboldt,16.0,41.03877,-123.52733,8,0,Summer,Small,2021-08-30,,27.2,19.4,1.8,0.0,Unknown,High,High,Dry,8,0,Summer
Lassen Fire,2021-09-01,Marin,44.0,38.0591827,-122.6131992,9,2,Fall,Medium,2021-09-01,,25.0,19.4,1.5,0.0,Unknown,Medium,High,Dry,9,2,Fall
Lawrence Fire,2021-09-05,Amador,46.0,38.529123,-120.731748,9,6,Fall,Medium,2021-09-05,,33.3,19.4,2.4,0.0,Unknown,High,High,Dry,9,6,Fall
Bridge Fire,2021-09-05,Placer,411.0,38.921239,-121.036613,9,6,Fall,Large,2021-09-05,,33.3,19.4,2.4,0.0,Unknown,High,High,Dry,9,6,Fall
Aruba Fire,2021-09-05,San Diego,54.0,33.380079,-117.111157,9,6,Fall,Medium,2021-09-05,,33.3,19.4,2.4,0.0,Unknown,High,High,Dry,9,6,Fall
Caballo Fire,2021-09-06,Santa Barbara,70.0,34.6776,-120.09009,9,0,Fall,Medium,2021-09-06,,27.2,20.6,3.4,0.0,Unknown,High,High,Dry,9,0,Fall
Route Fire,2021-09-11,Los Angeles,464.0,34.569383,-118.688821,9,5,Fall,Large,2021-09-11,,32.8,21.1,1.7,0.0,Unknown,High,High,Dry,9,5,Fall
Hopkins Fire,2021-09-12,Mendocino,257.0,39.232362,-123.202039,9,6,Fall,Large,2021-09-12,,29.4,18.9,2.1,0.0,Unknown,High,High,Dry,9,6,Fall
Childrens Fire,2021-09-19,Madera,42.0,36.89365,-119.792528,9,6,Fall,Medium,2021-09-19,,26.1,14.4,1.3,0.0,Unknown,Medium,Medium,Dry,9,6,Fall
University Fire,2021-09-22,San Bernardino,71.0,34.164501,-117.333215,9,2,Fall,Medium,2021-09-22,,,,,0.0,Unknown,,,Dry,9,2,Fall
Fremont Fire,2021-09-22,"Napa, Sonoma",116.0,38.269863,-122.416983,9,2,Fall,Medium,2021-09-22,,,,,0.0,Unknown,,,Dry,9,2,Fall
Fawn Fire,2021-09-22,Shasta,8578.0,40.729811,-122.320243,9,2,Fall,Large,2021-09-22,,,,,0.0,Unknown,,,Dry,9,2,Fall
Maxwell Fire,2021-10-05,Trinity,80.0,40.649917,-123.02375,10,1,Fall,Medium,2021-10-05,,26.1,18.9,2.9,1.5,Unknown,Medium,High,Dry,10,1,Fall
Newell Fire,2021-10-11,Napa,132.0,38.170366,-122.241128,10,0,Fall,Medium,2021-10-11,,22.8,15.6,3.6,0.0,Unknown,Medium,Medium,Dry,10,0,Fall
Alisal Fire,2021-10-11,Santa Barbara,16970.0,34.553,-120.136,10,0,Fall,Large,2021-10-11,,22.8,15.6,3.6,0.0,Unknown,Medium,Medium,Dry,10,0,Fall
View Fire ,2021-10-11,Tehama,24.0,40.287225,-122.436754,10,0,Fall,Small,2021-10-11,,22.8,15.6,3.6,0.0,Unknown,Medium,Medium,Dry,10,0,Fall
Kettle Fire,2021-10-11,Kings,447.0,35.983649,-119.960099,10,0,Fall,Large,2021-10-11,,22.8,15.6,3.6,0.0,Unknown,Medium,Medium,Dry,10,0,Fall
Canal Fire ,2021-10-14,Trinity,59.0,39.986836,-122.277441,10,3,Fall,Medium,2021-10-14,,25.6,11.7,1.5,0.0,Unknown,Medium,Low,Dry,10,3,Fall
Gravel Fire,2021-10-15,Modoc,200.0,41.862388,-120.358206,10,4,Fall,Large,2021-10-15,,32.2,12.8,1.3,0.0,Unknown,High,Medium,Dry,10,4,Fall
Estrada Fire,2021-10-15,Santa Cruz,148.0,37.013464,-121.752106,10,4,Fall,Medium,2021-10-15,,32.2,12.8,1.3,0.0,Unknown,High,Medium,Dry,10,4,Fall
Hollow Fire,2021-10-24,San Joaquin,150.0,37.62879,-121.52692,10,6,Fall,Medium,2021-10-24,,,,,0.0,Unknown,,,Dry,10,6,Fall
Arlanza Fire,2021-11-21,Riverside,24.0,33.952633,-117.487947,11,6,Fall,Small,2021-11-21,,31.1,11.1,3.8,0.0,Unknown,High,Low,Dry,11,6,Fall
Colorado Fire,2022-01-21,Monterey,687.0,36.396461,-121.880533,1,4,Winter,Large,2022-01-21,,21.1,10.0,3.6,0.0,Unknown,Low,Low,Dry,1,4,Winter
Emerald Fire ,2022-02-10,Orange,154.0,33.558085,-117.805666,2,3,Winter,Medium,2022-02-10,,32.8,17.8,5.2,0.0,Unknown,High,High,Dry,2,3,Winter
Airport Fire,2022-02-16,Inyo,4136.0,37.369355,-118.371813,2,2,Winter,Large,2022-02-16,,17.8,7.8,2.6,0.0,Unknown,Low,Low,Dry,2,2,Winter
Alpine Fire ,2022-03-01,Sonoma,21.0,38.46234,-123.015106,3,1,Spring,Small,2022-03-01,,31.1,8.9,1.0,0.0,Unknown,High,Low,Dry,3,1,Spring
Flanagan Fire ,2022-03-04,Shasta,88.0,40.67671,-122.4073,3,4,Spring,Medium,2022-03-04,,,,,0.0,Unknown,,,Dry,3,4,Spring
Gulch Fire ,2022-03-12,Siskiyou,113.0,41.9525087,-121.9015432,3,5,Spring,Medium,2022-03-12,,,,,0.0,Unknown,,,Dry,3,5,Spring
Evergreen Fire ,2022-03-12,Siskiyou,12.0,41.4455854,-122.3685584,3,5,Spring,Small,2022-03-12,,,,,0.0,Unknown,,,Dry,3,5,Spring
Hollister Fire,2022-03-12,Santa Barbara,120.0,34.4687419,-120.2770391,3,5,Spring,Medium,2022-03-12,,,,,0.0,Unknown,,,Dry,3,5,Spring
Whitlow Fire,2022-03-25,Siskiyou,10.0,41.234712,-121.692093,3,4,Spring,Small,2022-03-25,,26.7,11.7,1.2,0.0,Unknown,High,Low,Dry,3,4,Spring
Platina Fire,2022-04-27,Shasta,10.0,40.44412,-122.690559,4,2,Spring,Small,2022-04-27,,22.8,13.9,2.6,0.0,Unknown,Medium,Medium,Dry,4,2,Spring
111 Fire,2022-04-30,Riverside,15.0,33.510716,-115.916687,4,5,Spring,Small,2022-04-30,,26.7,12.2,1.8,0.0,Unknown,High,Medium,Dry,4,5,Spring
Pyrite Fire ,2022-05-06,Riverside,60.0,34.018021,-117.462367,5,4,Spring,Medium,2022-05-06,,22.8,15.0,3.0,0.0,Unknown,Medium,Medium,Dry,5,4,Spring
House Fire,2022-05-11,Fresno,171.0,36.974622,-119.443013,5,2,Spring,Large,2022-05-11,,21.7,10.6,2.3,0.0,Unknown,Low,Low,Dry,5,2,Spring
Coastal Fire,2022-05-11,Orange,200.0,33.509464,-117.744398,5,2,Spring,Large,2022-05-11,,21.7,10.6,2.3,0.0,Unknown,Low,Low,Dry,5,2,Spring
Coyote Fire,2022-05-15,Riverside,46.0,33.886637,-116.900635,5,6,Spring,Medium,2022-05-15,,25.0,16.7,3.0,0.0,Unknown,Medium,Medium,Dry,5,6,Spring
Poplar Fire,2022-05-16,Tulare,25.0,36.051411,-118.98167,5,0,Spring,Small,2022-05-16,,22.2,16.1,3.1,0.0,Unknown,Medium,Medium,Dry,5,0,Spring
Edmonston Fire,2022-05-19,Kern,682.0,34.935583,-118.873889,5,3,Spring,Large,2022-05-19,,,,,0.0,Unknown,,,Dry,5,3,Spring
Willow Fire ,2022-05-20,Contra Costa,28.0,38.015611,-121.998735,5,4,Spring,Small,2022-05-20,,20.6,15.6,3.3,1.0,Unknown,Low,Medium,Dry,5,4,Spring
Dunnigan Fire ,2022-05-20,Yolo,120.0,38.824462,-122.049621,5,4,Spring,Medium,2022-05-20,,20.6,15.6,3.3,1.0,Unknown,Low,Medium,Dry,5,4,Spring
Owens Fire,2022-05-20,Mendocino,36.0,38.8733747,-123.6641833,5,4,Spring,Medium,2022-05-20,,20.6,15.6,3.3,1.0,Unknown,Low,Medium,Dry,5,4,Spring
Quail Fire,2022-05-21,Solano,135.0,38.467322,-122.051923,5,5,Spring,Medium,2022-05-21,,,,,0.0,Unknown,,,Dry,5,5,Spring
Bull Fire ,2022-05-24,San Luis Obispo,48.0,35.0155237,-120.3564497,5,1,Spring,Medium,2022-05-24,,23.3,15.6,1.8,0.0,Unknown,Medium,Medium,Dry,5,1,Spring
River Fire ,2022-05-24,Colusa,595.0,39.2333948,-122.0246463,5,1,Spring,Large,2022-05-24,,23.3,15.6,1.8,0.0,Unknown,Medium,Medium,Dry,5,1,Spring
Wilder Fire,2022-05-24,Tehama,90.0,40.150329,-122.275649,5,1,Spring,Medium,2022-05-24,,23.3,15.6,1.8,0.0,Unknown,Medium,Medium,Dry,5,1,Spring
Elk Trail Fire,2022-05-26,San Bernardino,431.0,34.090619,-116.447636,5,3,Spring,Large,2022-05-26,,22.2,16.1,3.1,0.0,Unknown,Medium,Medium,Dry,5,3,Spring
Lost Lake Fire ,2022-05-26,Riverside,5856.0,34.010838,-114.484173,5,3,Spring,Large,2022-05-26,,22.2,16.1,3.1,0.0,Unknown,Medium,Medium,Dry,5,3,Spring
Old Fire,2022-05-31,Napa,570.0,38.370078,-122.270417,5,1,Spring,Large,2022-05-31,,24.4,13.9,1.7,0.0,Unknown,Medium,Medium,Dry,5,1,Spring
Range Fire,2022-06-03,Kern,93.0,35.199501,-118.721683,6,4,Summer,Medium,2022-06-03,,25.0,16.1,1.9,0.0,Unknown,Medium,Medium,Dry,6,4,Summer
62 Fire,2022-06-04,Riverside,60.0,33.59823,-116.23339,6,5,Summer,Medium,2022-06-04,,23.9,17.2,2.3,0.0,Unknown,Medium,High,Dry,6,5,Summer
Eagle Fire,2022-06-06,San Luis Obispo,36.0,35.72373,-120.56019,6,0,Summer,Medium,2022-06-06,,24.4,18.3,3.2,0.0,Unknown,Medium,High,Dry,6,0,Summer
Hesperia Fire,2022-06-06,San Bernardino,95.0,34.31267,-117.34635,6,0,Summer,Medium,2022-06-06,,24.4,18.3,3.2,0.0,Unknown,Medium,High,Dry,6,0,Summer
Marsh Fire,2022-06-09,Contra Costa,159.0,37.895892,-121.696808,6,3,Summer,Large,2022-06-09,,27.2,17.8,2.1,0.0,Unknown,High,High,Dry,6,3,Summer
Park Fire,2022-06-09,Butte,54.0,39.385829,-121.431372,6,3,Summer,Medium,2022-06-09,,27.2,17.8,2.1,0.0,Unknown,High,High,Dry,6,3,Summer
Graham Fire,2022-06-10,Tehama,100.0,40.05,-121.776,6,4,Summer,Medium,2022-06-10,,28.3,17.2,2.0,0.0,Unknown,High,High,Dry,6,4,Summer
Plant Fire,2022-06-11,Kern,517.0,34.9324042,-118.9253809,6,5,Summer,Large,2022-06-11,,28.9,17.8,1.9,0.0,Unknown,High,High,Dry,6,5,Summer
Brandie Fire,2022-06-11,Yuba,72.0,39.319804,-121.392285,6,5,Summer,Medium,2022-06-11,,28.9,17.8,1.9,0.0,Unknown,High,High,Dry,6,5,Summer
Barrett Fire,2022-06-12,San Diego,65.0,32.8134303,-116.5882585,6,6,Summer,Medium,2022-06-12,,26.1,17.2,2.3,0.0,Unknown,Medium,High,Dry,6,6,Summer
Sheep Fire,2022-06-12,San Bernardino,865.0,34.355593,-117.61508,6,6,Summer,Large,2022-06-12,,26.1,17.2,2.3,0.0,Unknown,Medium,High,Dry,6,6,Summer
Border 13 Fire ,2022-06-13,San Diego,577.0,32.614832,-116.737119,6,0,Summer,Large,2022-06-13,,25.0,18.9,3.1,0.0,Unknown,Medium,High,Dry,6,0,Summer
Rancho Fire,2022-06-13,Tehama,593.0,40.00919,-122.45621,6,0,Summer,Large,2022-06-13,,25.0,18.9,3.1,0.0,Unknown,Medium,High,Dry,6,0,Summer
Border 16,2022-06-21,San Diego,70.0,32.567333,-116.750667,6,1,Summer,Medium,2022-06-21,,30.0,17.8,1.7,0.0,Unknown,High,High,Dry,6,1,Summer
Edgewood,2022-06-21,Santa Cruz,20.0,37.459222,-122.27742,6,1,Summer,Small,2022-06-21,,30.0,17.8,1.7,0.0,Unknown,High,High,Dry,6,1,Summer
Thunder Fire ,2022-06-22,Kern,2500.0,34.936618,-118.889446,6,2,Summer,Large,2022-06-22,,32.8,18.9,1.7,2.5,Unknown,High,High,Dry,6,2,Summer
99 Fire,2022-06-22,Butte,66.0,39.37879,-121.68694,6,2,Summer,Medium,2022-06-22,,32.8,18.9,1.7,2.5,Unknown,High,High,Dry,6,2,Summer
Scenic Fire ,2022-06-23,Contra Costa,120.0,38.046255,-122.191103,6,3,Summer,Medium,2022-06-23,,33.9,18.3,1.7,0.0,Unknown,High,High,Dry,6,3,Summer
Canyon Fire ,2022-06-23,Alameda,71.0,37.642217,-121.903018,6,3,Summer,Medium,2022-06-23,,33.9,18.3,1.7,0.0,Unknown,High,High,Dry,6,3,Summer
Tesla Fire,2022-06-23,Alameda,552.0,37.365652,-121.556086,6,3,Summer,Large,2022-06-23,,33.9,18.3,1.7,0.0,Unknown,High,High,Dry,6,3,Summer
Timm Fire,2022-06-23,Solano,26.0,38.42619,-121.97785,6,3,Summer,Small,2022-06-23,,33.9,18.3,1.7,0.0,Unknown,High,High,Dry,6,3,Summer
Romero Fire,2022-06-23,Merced,349.0,38.42619,-121.97785,6,3,Summer,Large,2022-06-23,,33.9,18.3,1.7,0.0,Unknown,High,High,Dry,6,3,Summer
Kirker Fire ,2022-06-24,Contra Costa,90.0,37.97689,-121.908735,6,4,Summer,Medium,2022-06-24,,33.9,17.2,1.8,0.0,Unknown,High,High,Dry,6,4,Summer
Union Fire,2022-06-25,Riverside,110.0,33.968307,-117.462524,6,5,Summer,Medium,2022-06-25,,,,,0.0,Unknown,,,Dry,6,5,Summer
Ridge Fire,2022-06-26,Siskiyou,12.0,41.317476,-122.359698,6,6,Summer,Small,2022-06-26,,27.2,16.1,2.7,0.0,Unknown,High,Medium,Dry,6,6,Summer
Redwood Fire,2022-06-27,Marin,113.0,38.163521,-122.574563,6,0,Summer,Medium,2022-06-27,,,,,0.0,Unknown,,,Dry,6,0,Summer
Roblar Fire ,2022-06-27,Sonoma,63.0,38.323263,-122.796221,6,0,Summer,Medium,2022-06-27,,,,,0.0,Unknown,,,Dry,6,0,Summer
Burrows Fire ,2022-06-28,Glenn,317.0,39.713372,-122.55002,6,1,Summer,Large,2022-06-28,,28.9,19.4,2.9,0.0,Unknown,High,High,Dry,6,1,Summer
Camino Fire,2022-06-28,San Luis Obispo,387.0,35.136141,-120.437395,6,1,Summer,Large,2022-06-28,,28.9,19.4,2.9,0.0,Unknown,High,High,Dry,6,1,Summer
Rices Fire,2022-06-28,Nevada,904.0,39.319145,-121.192271,6,1,Summer,Large,2022-06-28,,28.9,19.4,2.9,0.0,Unknown,High,High,Dry,6,1,Summer
Nelson Fire,2022-06-30,Butte,328.0,39.524038,-121.650851,6,3,Summer,Large,2022-06-30,,,,,0.0,Unknown,,,Dry,6,3,Summer
Sandra Fire,2022-06-30,Butte,34.0,39.480813,-121.366789,6,3,Summer,Small,2022-06-30,,,,,0.0,Unknown,,,Dry,6,3,Summer
Table Fire,2022-07-01,Fresno,52.0,37.013878,-119.576797,7,4,Summer,Medium,2022-07-01,,26.1,18.3,2.8,0.0,Unknown,Medium,High,Dry,7,4,Summer
Garrison Fire,2022-07-04,Monterey,138.0,35.8640822,-120.819059,7,0,Summer,Medium,2022-07-04,,26.1,16.7,1.8,0.0,Unknown,Medium,Medium,Dry,7,0,Summer
Electra Fire,2022-07-04,"Amador, Calaveras",4470.0,38.334802,-120.665415,7,0,Summer,Large,2022-07-04,,26.1,16.7,1.8,0.0,Unknown,Medium,Medium,Dry,7,0,Summer
Jan-Dar Fire,2022-07-04,Butte,30.0,39.42972,-121.430071,7,0,Summer,Small,2022-07-04,,26.1,16.7,1.8,0.0,Unknown,Medium,Medium,Dry,7,0,Summer
Nome Fire,2022-07-05,Mendocino,20.0,39.8166571,-123.2055576,7,1,Summer,Small,2022-07-05,,27.8,17.8,2.0,0.0,Unknown,High,High,Dry,7,1,Summer
Washburn Fire,2022-07-07,Mariposa,4886.0,37.499,-119.614,7,3,Summer,Large,2022-07-07,,26.7,17.8,2.9,0.0,Unknown,High,High,Dry,7,3,Summer
Bay Fire,2022-07-08,Yuba,30.0,39.300253,-121.372749,7,4,Summer,Small,2022-07-08,,25.6,18.9,2.8,0.0,Unknown,Medium,High,Dry,7,4,Summer
Porter Fire,2022-07-09,Placer,166.0,39.020051,-121.344587,7,5,Summer,Large,2022-07-09,,31.1,17.2,1.7,0.0,Unknown,High,High,Dry,7,5,Summer
Harbison,2022-07-12,San Diego,37.0,32.7947379,-116.8460273,7,1,Summer,Medium,2022-07-12,,24.4,17.8,2.6,0.0,Unknown,Medium,High,Dry,7,1,Summer
Herman Fire,2022-07-13,Solano,115.0,38.0936839,-122.1347757,7,2,Summer,Medium,2022-07-13,,25.6,18.3,1.9,0.0,Unknown,Medium,High,Dry,7,2,Summer
Peter Fire ,2022-07-14,Shasta,304.0,40.4411992,-122.3182313,7,3,Summer,Large,2022-07-14,,23.9,18.9,3.4,0.0,Unknown,Medium,High,Dry,7,3,Summer
Grant Fire,2022-07-14,Sacramento,74.0,38.5570067,-121.1183895,7,3,Summer,Medium,2022-07-14,,23.9,18.9,3.4,0.0,Unknown,Medium,High,Dry,7,3,Summer
Rainbow Fire,2022-07-16,Tehama,60.0,40.010233,-122.433855,7,5,Summer,Medium,2022-07-16,,,,,0.0,Unknown,,,Dry,7,5,Summer
Riosa Fire,2022-07-17,Placer,38.0,38.9848309,-121.340201,7,6,Summer,Medium,2022-07-17,,,,,0.0,Unknown,,,Dry,7,6,Summer
Border 27 Fire,2022-07-17,San Diego,100.0,32.6077664,-116.6077664,7,6,Summer,Medium,2022-07-17,,,,,0.0,Unknown,,,Dry,7,6,Summer
Bell Fire,2022-07-17,Mendocino,43.0,39.90557,-123.598273,7,6,Summer,Medium,2022-07-17,,,,,0.0,Unknown,,,Dry,7,6,Summer
Agua Fire,2022-07-18,Mariposa,421.0,37.481701,-120.02107,7,0,Summer,Large,2022-07-18,,28.3,20.6,3.1,0.0,Unknown,High,High,Dry,7,0,Summer
Winding Fire,2022-07-18,Yuba,82.0,39.314076,-121.27693,7,0,Summer,Medium,2022-07-18,,28.3,20.6,3.1,0.0,Unknown,High,High,Dry,7,0,Summer
Meadow Fire ,2022-07-19,Mendocino,17.0,39.058043,-123.33756,7,1,Summer,Small,2022-07-19,,32.2,18.3,1.8,0.0,Unknown,High,High,Dry,7,1,Summer
Flynn Fire ,2022-07-19,Alameda,121.0,37.719206,-121.656106,7,1,Summer,Medium,2022-07-19,,32.2,18.3,1.8,0.0,Unknown,High,High,Dry,7,1,Summer
Slate Fire ,2022-07-21,Tuolumne,64.0,37.935092,-120.4422218,7,3,Summer,Medium,2022-07-21,,29.4,18.9,1.8,0.0,Unknown,High,High,Dry,7,3,Summer
Anzar Fire,2022-07-21,San Benito,104.0,36.8927679,-121.604728,7,3,Summer,Medium,2022-07-21,,29.4,18.9,1.8,0.0,Unknown,High,High,Dry,7,3,Summer
Oak Fire ,2022-07-22,Mariposa,19244.0,37.5509366,-119.9234728,7,4,Summer,Large,2022-07-22,,,,,0.0,Unknown,,,Dry,7,4,Summer
Cable Fire ,2022-07-26,El Dorado,20.0,38.75794,-120.63742,7,1,Summer,Small,2022-07-26,,,,,0.0,Unknown,,,Dry,7,1,Summer
Apple Fire,2022-07-27,Yuba,39.0,39.323167,-121.304167,7,2,Summer,Medium,2022-07-27,,26.7,19.4,2.0,0.0,Unknown,High,High,Dry,7,2,Summer
Casner Fire,2022-07-27,San Diego,174.0,33.0819687,-116.7626279,7,2,Summer,Large,2022-07-27,,26.7,19.4,2.0,0.0,Unknown,High,High,Dry,7,2,Summer
McKinney Fire ,2022-07-29,Siskiyou,60138.0,41.833813,-122.894782,7,4,Summer,Large,2022-07-29,,26.1,20.0,3.3,0.0,Unknown,Medium,High,Dry,7,4,Summer
Highway Fire,2022-07-29,San Bernardino,28.0,34.312437,-117.3463886,7,4,Summer,Small,2022-07-29,,26.1,20.0,3.3,0.0,Unknown,Medium,High,Dry,7,4,Summer
Mesa Fire,2022-07-30,Kern,222.0,35.5745007,-118.4125811,7,5,Summer,Large,2022-07-30,,31.7,18.9,2.0,0.0,Unknown,High,High,Dry,7,5,Summer
Shackleford Fire,2022-07-30,Siskiyou,31.0,41.5734543,-123.0213226,7,5,Summer,Small,2022-07-30,,31.7,18.9,2.0,0.0,Unknown,High,High,Dry,7,5,Summer
Kelsey Fire,2022-07-30,Siskiyou,85.0,41.6430162,-123.1193265,7,5,Summer,Medium,2022-07-30,,31.7,18.9,2.0,0.0,Unknown,High,High,Dry,7,5,Summer
Pebble Fire,2022-07-31,Fresno,55.0,36.6760553,-119.1902259,7,6,Summer,Medium,2022-07-31,,,,,0.0,Unknown,,,Dry,7,6,Summer
Meamber Fire,2022-07-31,Siskiyou,63.0,41.640867,-122.988315,7,6,Summer,Medium,2022-07-31,,,,,0.0,Unknown,,,Dry,7,6,Summer
Marmot Fire,2022-08-02,Tulare,127.0,36.378236,-118.853671,8,1,Summer,Medium,2022-08-02,,,,,0.0,Unknown,,,Dry,8,1,Summer
Springs Fire,2022-08-03,Tuolumne,51.0,37.84349,-120.50806,8,2,Summer,Medium,2022-08-03,,27.2,21.1,2.4,0.0,Unknown,High,High,Dry,8,2,Summer
Summit Fire,2022-08-03,Tulare,1400.0,36.319167,-118.650278,8,2,Summer,Large,2022-08-03,,27.2,21.1,2.4,0.0,Unknown,High,High,Dry,8,2,Summer
Smokey Fire ,2022-08-04,Siskiyou,34.0,41.9708541,-122.7825581,8,3,Summer,Small,2022-08-04,,30.0,20.0,1.4,0.0,Unknown,High,High,Dry,8,3,Summer
3-8 Fire ,2022-08-08,Lassen,14.0,41.060445,-121.211449,8,0,Summer,Small,2022-08-08,,28.9,21.1,2.6,0.0,Unknown,High,High,Dry,8,0,Summer
Sam Fire,2022-08-10,Los Angeles,149.0,34.765322,-118.732882,8,2,Summer,Medium,2022-08-10,,32.8,22.8,2.5,0.0,Unknown,High,High,Dry,8,2,Summer
Rail Fire,2022-08-14,Kern,250.0,35.2882644,-118.6292243,8,6,Summer,Large,2022-08-14,,32.8,21.7,1.7,0.0,Unknown,High,High,Dry,8,6,Summer
Eden Fire,2022-08-15,Alameda,58.0,37.70049,-121.97822,8,0,Summer,Medium,2022-08-15,,28.9,20.6,2.3,0.0,Unknown,High,High,Dry,8,0,Summer
Oak Fire,2022-08-15,Placer,19244.0,39.04941,-120.9526,8,0,Summer,Large,2022-08-15,,28.9,20.6,2.3,0.0,Unknown,High,High,Dry,8,0,Summer
Wishon Fire,2022-08-15,Tulare,325.0,36.17768,-118.71829,8,0,Summer,Large,2022-08-15,,28.9,20.6,2.3,0.0,Unknown,High,High,Dry,8,0,Summer
Quail Fire,2022-08-17,Los Angeles,53.0,34.48202,-118.60811,8,2,Summer,Medium,2022-08-17,,28.9,21.7,2.4,0.0,Unknown,High,High,Dry,8,2,Summer
Pleasant Fire,2022-08-20,Nevada,48.0,39.2805,-121.1329,8,5,Summer,Medium,2022-08-20,,26.7,21.7,3.8,0.0,Unknown,High,High,Dry,8,5,Summer
Point Fire,2022-08-20,Lake,14.0,38.9494,-122.6556,8,5,Summer,Small,2022-08-20,,26.7,21.7,3.8,0.0,Unknown,High,High,Dry,8,5,Summer
East Fire,2022-08-25,Los Angeles,150.0,34.2338842,-117.8004523,8,3,Summer,Medium,2022-08-25,,31.1,20.0,1.5,0.0,Unknown,High,High,Dry,8,3,Summer
Still Fire,2022-08-27,Nevada,44.0,39.0543,-121.1103,8,5,Summer,Medium,2022-08-27,,28.3,19.4,2.4,0.0,Unknown,High,High,Dry,8,5,Summer
McCovey Fire,2022-08-29,Humboldt,25.0,41.4672,-123.9277,8,0,Summer,Small,2022-08-29,,,,,0.0,Unknown,,,Dry,8,0,Summer
Ranch Fire,2022-08-29,Humboldt,26.0,41.4626,-123.9477,8,0,Summer,Small,2022-08-29,,,,,0.0,Unknown,,,Dry,8,0,Summer
Gulch Fire,2022-08-29,Los Angeles,113.0,34.2026,-117.8608,8,0,Summer,Medium,2022-08-29,,,,,0.0,Unknown,,,Dry,8,0,Summer
Route Fire,2022-08-31,Los Angeles,5208.0,34.5255,-118.6479,8,2,Summer,Large,2022-08-31,,36.1,21.7,2.3,0.0,Unknown,High,High,Dry,8,2,Summer
Border 32,2022-08-31,San Diego,4456.0,32.612181,-116.707395,8,2,Summer,Large,2022-08-31,,36.1,21.7,2.3,0.0,Unknown,High,High,Dry,8,2,Summer
Woods Fire,2022-09-01,Tuolumne,21.0,37.968,-120.4013,9,3,Fall,Small,2022-09-01,,31.1,22.2,2.8,0.0,Unknown,High,High,Dry,9,3,Fall
Walker Fire,2022-09-01,Mendocino,124.0,39.3669,-123.3159,9,3,Fall,Medium,2022-09-01,,31.1,22.2,2.8,0.0,Unknown,High,High,Dry,9,3,Fall
Branstetter Fire ,2022-09-01,Shasta,34.0,40.5336,-122.3975,9,3,Fall,Small,2022-09-01,,31.1,22.2,2.8,0.0,Unknown,High,High,Dry,9,3,Fall
Mountain Fire ,2022-09-02,Siskiyou,13440.0,41.459009,-122.627469,9,4,Fall,Large,2022-09-02,,33.3,23.9,2.2,0.0,Unknown,High,High,Dry,9,4,Fall
Mill Fire,2022-09-02,Siskiyou,3939.0,41.4303,-122.3852,9,4,Fall,Large,2022-09-02,,33.3,23.9,2.2,0.0,Unknown,High,High,Dry,9,4,Fall
Tower Fire,2022-09-02,Calaveras,73.0,38.0182816,-120.7489517,9,4,Fall,Medium,2022-09-02,,33.3,23.9,2.2,0.0,Unknown,High,High,Dry,9,4,Fall
Sandia Fire,2022-09-04,San Diego,30.0,33.432924,-117.246996,9,6,Fall,Small,2022-09-04,,,,,0.0,Unknown,,,Dry,9,6,Fall
Caesar Fire,2022-09-05,San Diego,50.0,33.064629,-116.811345,9,0,Fall,Medium,2022-09-05,,34.4,24.4,2.6,0.0,Unknown,High,High,Dry,9,0,Fall
Fairview Fire,2022-09-05,Riverside,28098.0,33.717062,-116.893227,9,0,Fall,Large,2022-09-05,,34.4,24.4,2.6,0.0,Unknown,High,High,Dry,9,0,Fall
Radford Fire,2022-09-05,San Bernardino,1079.0,34.177,-116.882,9,0,Fall,Large,2022-09-05,,34.4,24.4,2.6,0.0,Unknown,High,High,Dry,9,0,Fall
Hill Fire,2022-09-06,Placer,11.0,39.1252,-120.816083,9,1,Fall,Small,2022-09-06,,35.6,22.8,1.5,0.0,Unknown,High,High,Dry,9,1,Fall
Rosa Fire,2022-09-06,San Luis Obispo,16.0,35.580125,-121.012313,9,1,Fall,Small,2022-09-06,,35.6,22.8,1.5,0.0,Unknown,High,High,Dry,9,1,Fall
Power Fire ,2022-09-06,Fresno,130.0,37.080478,-119.485927,9,1,Fall,Medium,2022-09-06,,35.6,22.8,1.5,0.0,Unknown,High,High,Dry,9,1,Fall
Mosquito Fire,2022-09-06,"El Dorado, Placer",76788.0,39.00591,-120.7447,9,1,Fall,Large,2022-09-06,,35.6,22.8,1.5,0.0,Unknown,High,High,Dry,9,1,Fall
Fork Fire ,2022-09-07,Madera,819.0,37.21945,-119.50881,9,2,Fall,Large,2022-09-07,,37.2,24.4,1.9,0.0,Unknown,High,High,Dry,9,2,Fall
Coyote Fire,2022-09-07,Siskiyou,297.0,41.8739166,-121.839853,9,2,Fall,Large,2022-09-07,,37.2,24.4,1.9,0.0,Unknown,High,High,Dry,9,2,Fall
Barnes Fire,2022-09-07,Modoc,5843.0,41.87117,-120.29122,9,2,Fall,Large,2022-09-07,,37.2,24.4,1.9,0.0,Unknown,High,High,Dry,9,2,Fall
Forward Fire,2022-09-09,Tehama,160.0,40.44109,-121.81822,9,4,Fall,Large,2022-09-09,,38.9,22.8,2.9,4.6,Unknown,High,High,Dry,9,4,Fall
Dutch Fire,2022-09-13,Placer,48.0,39.1902,-120.8266,9,1,Fall,Medium,2022-09-13,,,,,0.0,Unknown,,,Dry,9,1,Fall
Garden Fire,2022-09-17,Placer,29.0,39.9929,-121.2122,9,5,Fall,Small,2022-09-17,,,,,0.0,Unknown,,,Dry,9,5,Fall
97 Fire,2022-09-27,Siskiyou,30.0,41.4987,-122.3414,9,1,Fall,Small,2022-09-27,,,,,0.0,Unknown,,,Dry,9,1,Fall
Pleasant Fire ,2022-10-23,Inyo,50.0,37.38939,-118.50091,10,6,Fall,Medium,2022-10-23,,22.2,13.9,1.4,0.0,Unknown,Medium,Medium,Dry,10,6,Fall
66 Fire,2023-05-15,Riverside,127.0,33.569342,-116.092746,5,0,Spring,Medium,2023-05-15,,22.2,15.6,1.7,0.0,Unknown,Medium,Medium,Dry,5,0,Spring
Point Fire,2023-05-21,Shasta,10.0,40.417676,-122.47542,5,6,Spring,Small,2023-05-21,,,,,0.0,Unknown,,,Dry,5,6,Spring
Ramona Fire,2023-05-22,Riverside,338.0,33.823424,-117.033714,5,0,Spring,Large,2023-05-22,,,,,0.0,Unknown,,,Dry,5,0,Spring
Pistol Fire,2023-05-30,Fresno,123.0,36.9466,-119.6801,5,1,Spring,Medium,2023-05-30,,18.9,16.1,2.3,0.5,Unknown,Low,Medium,Dry,5,1,Spring
Sicard Fire,2023-05-30,Yuba,13.0,39.2349,-121.3475,5,1,Spring,Small,2023-05-30,,18.9,16.1,2.3,0.5,Unknown,Low,Medium,Dry,5,1,Spring
Orange Fire,2023-06-01,Fresno,108.0,36.678,-119.2971,6,3,Summer,Medium,2023-06-01,,,,,0.0,Unknown,,,Dry,6,3,Summer
Panoche Fire,2023-06-03,Fresno,65.0,36.7536,-120.8991,6,5,Summer,Medium,2023-06-03,,23.9,13.3,2.0,0.0,Unknown,Medium,Medium,Dry,6,5,Summer
Valley Fire,2023-06-03,Tulare,135.0,36.0322,-118.8582,6,5,Summer,Medium,2023-06-03,,23.9,13.3,2.0,0.0,Unknown,Medium,Medium,Dry,6,5,Summer
Range Fire,2023-06-04,Monterey,72.0,36.4647,-121.3319,6,6,Summer,Medium,2023-06-04,,23.3,15.6,1.9,0.0,Unknown,Medium,Medium,Dry,6,6,Summer
Rodeo Fire,2023-06-09,Fresno,15.0,36.70984,-119.304258,6,4,Summer,Small,2023-06-09,,21.7,15.6,1.3,0.0,Unknown,Low,Medium,Dry,6,4,Summer
Geology Fire,2023-06-10,San Bernardino,1088.0,33.896,-116.0533,6,5,Summer,Large,2023-06-10,,21.7,16.1,1.5,0.0,Unknown,Low,Medium,Dry,6,5,Summer
Gulch Fire,2023-06-10,Mariposa,25.0,37.4404,-120.1499,6,5,Summer,Small,2023-06-10,,21.7,16.1,1.5,0.0,Unknown,Low,Medium,Dry,6,5,Summer
Henderson Fire,2023-06-14,Lake,21.0,39.023,-122.7145,6,2,Summer,Small,2023-06-14,,,,,0.0,Unknown,,,Dry,6,2,Summer
Frank Fire,2023-06-15,Tehama,32.0,40.2869,-122.5955,6,3,Summer,Small,2023-06-15,,,,,0.0,Unknown,,,Dry,6,3,Summer
Scott Fire,2023-06-15,Yuba,115.0,39.3256,-121.3686,6,3,Summer,Medium,2023-06-15,,,,,0.0,Unknown,,,Dry,6,3,Summer
Snell Fire,2023-06-16,Napa,103.0,38.6994,-122.4379,6,4,Summer,Medium,2023-06-16,,23.9,17.8,2.1,0.0,Unknown,Medium,High,Dry,6,4,Summer
Rocky Fire,2023-06-18,Tulare,141.0,36.3002,-119.0828,6,6,Summer,Medium,2023-06-18,,22.8,16.7,1.9,0.0,Unknown,Medium,Medium,Dry,6,6,Summer
Slough Fire,2023-06-18,Fresno,640.0,36.5737,-120.188,6,6,Summer,Large,2023-06-18,,22.8,16.7,1.9,0.0,Unknown,Medium,Medium,Dry,6,6,Summer
Black Wood Fire,2023-06-20,San Diego,37.0,32.734788,-116.34461,6,1,Summer,Medium,2023-06-20,,26.1,16.7,1.9,0.0,Unknown,Medium,Medium,Dry,6,1,Summer
Garbani Fire,2023-06-20,Riverside,43.0,33.656034,-117.201092,6,1,Summer,Medium,2023-06-20,,26.1,16.7,1.9,0.0,Unknown,Medium,Medium,Dry,6,1,Summer
Viper Fire,2023-06-21,Riverside,25.0,33.984167,-117.138268,6,2,Summer,Small,2023-06-21,,,,,0.0,Unknown,,,Dry,6,2,Summer
Harney Fire,2023-06-21,Tuolumne,37.0,37.8558452,-120.3728742,6,2,Summer,Medium,2023-06-21,,,,,0.0,Unknown,,,Dry,6,2,Summer
Peoria Fire,2023-06-23,Yuba,59.0,39.258,-121.3801,6,4,Summer,Medium,2023-06-23,,,,,0.0,Unknown,,,Dry,6,4,Summer
Balfour Fire,2023-06-25,Contra Costa,74.0,37.9143,-121.7676,6,6,Summer,Medium,2023-06-25,,,,,0.0,Unknown,,,Dry,6,6,Summer
Crane Fire,2023-06-27,Fresno,24.0,36.8675,-119.0137,6,1,Summer,Small,2023-06-27,,22.8,16.1,2.5,0.0,Unknown,Medium,Medium,Dry,6,1,Summer
Juniper Fire,2023-06-27,Riverside,68.0,33.787329,-117.330286,6,1,Summer,Medium,2023-06-27,,22.8,16.1,2.5,0.0,Unknown,Medium,Medium,Dry,6,1,Summer
Nice Fire,2023-06-27,San Bernardino,90.0,34.0568,-117.0957,6,1,Summer,Medium,2023-06-27,,22.8,16.1,2.5,0.0,Unknown,Medium,Medium,Dry,6,1,Summer
Champagne Fire ,2023-06-30,Kern,25.0,34.9516,-118.4252,6,4,Summer,Small,2023-06-30,,27.8,16.7,1.8,0.0,Unknown,High,Medium,Dry,6,4,Summer
Gann Fire,2023-07-02,Calaveras,105.0,38.114444,-120.798285,7,6,Summer,Medium,2023-07-02,,27.8,16.7,1.7,0.0,Unknown,High,Medium,Dry,7,6,Summer
Peter Fire,2023-07-03,Los Angeles,14.0,34.516944,-118.193056,7,0,Summer,Small,2023-07-03,,25.6,15.6,1.7,0.0,Unknown,Medium,Medium,Dry,7,0,Summer
Roundup Fire,2023-07-04,San Bernardino,34.0,34.38695,-117.186767,7,1,Summer,Small,2023-07-04,,24.4,16.7,2.5,0.0,Unknown,Medium,Medium,Dry,7,1,Summer
Bernasconi Fire,2023-07-04,Riverside,18.0,33.838928,-117.153554,7,1,Summer,Small,2023-07-04,,24.4,16.7,2.5,0.0,Unknown,Medium,Medium,Dry,7,1,Summer
Lincoln Fire,2023-07-05,Riverside,39.0,33.583941,-116.078906,7,2,Summer,Medium,2023-07-05,,28.3,15.6,1.4,0.0,Unknown,High,Medium,Dry,7,2,Summer
Day Fire,2023-07-05,Riverside,56.0,33.837311,-117.278984,7,2,Summer,Medium,2023-07-05,,28.3,15.6,1.4,0.0,Unknown,High,Medium,Dry,7,2,Summer
Frog Fire,2023-07-06,Riverside,33.0,33.479,-117.0575,7,3,Summer,Small,2023-07-06,,23.9,15.6,2.2,0.0,Unknown,Medium,Medium,Dry,7,3,Summer
District Fire,2023-07-07,Kern,1044.0,34.8866,-118.9033,7,4,Summer,Large,2023-07-07,,22.8,17.8,3.0,0.0,Unknown,Medium,High,Dry,7,4,Summer
Vineyard Fire,2023-07-09,"Monterey, San Luis Obispo",391.0,35.8,-120.8169,7,6,Summer,Large,2023-07-09,,,,,0.0,Unknown,,,Dry,7,6,Summer
Park Fire,2023-07-09,San Diego,64.0,32.6003,-116.5836,7,6,Summer,Medium,2023-07-09,,,,,0.0,Unknown,,,Dry,7,6,Summer
Rider Fire,2023-07-11,Riverside,12.0,33.8302,-117.2616,7,1,Summer,Small,2023-07-11,,27.8,18.3,2.3,0.0,Unknown,High,High,Dry,7,1,Summer
Carbon Fire,2023-07-11,Amador,58.0,38.43948,-120.98731,7,1,Summer,Medium,2023-07-11,,27.8,18.3,2.3,0.0,Unknown,High,High,Dry,7,1,Summer
Snake Fire,2023-07-11,Riverside,30.0,33.7505,-117.348,7,1,Summer,Small,2023-07-11,,27.8,18.3,2.3,0.0,Unknown,High,High,Dry,7,1,Summer
Spring Fire,2023-07-11,Riverside,35.0,33.9364,-117.124,7,1,Summer,Small,2023-07-11,,27.8,18.3,2.3,0.0,Unknown,High,High,Dry,7,1,Summer
Liberty Fire,2023-07-11,Amador,71.0,38.2387,-121.0089,7,1,Summer,Medium,2023-07-11,,27.8,18.3,2.3,0.0,Unknown,High,High,Dry,7,1,Summer
Avocado Fire,2023-07-12,Riverside,10.0,33.505725,-117.300098,7,2,Summer,Small,2023-07-12,,30.6,18.9,2.3,0.0,Unknown,High,High,Dry,7,2,Summer
Pulsar Fire,2023-07-13,Riverside,12.0,33.821929,-117.068009,7,3,Summer,Small,2023-07-13,,28.9,19.4,2.8,0.0,Unknown,High,High,Dry,7,3,Summer
Highland Fire,2023-07-14,Riverside,105.0,33.907342,-116.946498,7,4,Summer,Medium,2023-07-14,,31.7,18.3,1.5,0.0,Unknown,High,High,Dry,7,4,Summer
Rabbit Fire,2023-07-14,Riverside,8355.0,33.889467,-117.070916,7,4,Summer,Large,2023-07-14,,31.7,18.3,1.5,0.0,Unknown,High,High,Dry,7,4,Summer
Reche Fire,2023-07-14,Riverside,436.0,33.9835,-117.2169,7,4,Summer,Large,2023-07-14,,31.7,18.3,1.5,0.0,Unknown,High,High,Dry,7,4,Summer
Gavilan Fire,2023-07-15,Riverside,336.0,33.817004,-117.358124,7,5,Summer,Large,2023-07-15,,28.3,18.3,2.0,0.0,Unknown,High,High,Dry,7,5,Summer
Lodoga Fire,2023-07-16,Colusa,22.0,39.2694,-122.466,7,6,Summer,Small,2023-07-16,,25.6,18.9,3.0,0.0,Unknown,Medium,High,Dry,7,6,Summer
Juniper Fire,2023-07-18,Fresno,15.0,36.1132,-120.5689,7,1,Summer,Small,2023-07-18,,,,,0.0,Unknown,,,Dry,7,1,Summer
Stony Fire,2023-07-18,Glenn,89.0,39.6685,-122.5259,7,1,Summer,Medium,2023-07-18,,,,,0.0,Unknown,,,Dry,7,1,Summer
Idria Fire,2023-07-19,San Benito,296.0,36.490487,-120.801732,7,2,Summer,Large,2023-07-19,,33.9,20.6,1.7,0.0,Unknown,High,High,Dry,7,2,Summer
Oak Fire,2023-07-19,Riverside,137.0,34.0182,-117.4261,7,2,Summer,Medium,2023-07-19,,33.9,20.6,1.7,0.0,Unknown,High,High,Dry,7,2,Summer
Wonder Fire,2023-07-24,Shasta,162.0,40.7316228,-122.3232056,7,0,Summer,Large,2023-07-24,,,,,0.0,Unknown,,,Dry,7,0,Summer
Long Fire,2023-07-25,Fresno,33.0,36.6932792,-119.1521739,7,1,Summer,Small,2023-07-25,,30.6,20.0,2.2,0.0,Unknown,High,High,Dry,7,1,Summer
Victor Fire,2023-07-25,Los Angeles,70.0,34.356691,-118.507954,7,1,Summer,Medium,2023-07-25,,30.6,20.0,2.2,0.0,Unknown,High,High,Dry,7,1,Summer
Agua Fire,2023-07-25,Los Angeles,421.0,34.438333,-118.326389,7,1,Summer,Large,2023-07-25,,30.6,20.0,2.2,0.0,Unknown,High,High,Dry,7,1,Summer
Turkey Fire,2023-07-26,Butte,65.0,39.446994,-121.399989,7,2,Summer,Medium,2023-07-26,,31.1,19.4,2.6,0.0,Unknown,High,High,Dry,7,2,Summer
Bonny Fire,2023-07-27,Riverside,2323.0,33.4769,-116.7247,7,3,Summer,Large,2023-07-27,,,,,0.0,Unknown,,,Dry,7,3,Summer
Sunset Fire,2023-07-27,Riverside,103.0,33.9372,-116.9081,7,3,Summer,Medium,2023-07-27,,,,,0.0,Unknown,,,Dry,7,3,Summer
Scodie Fire,2023-07-28,Kern,20.0,35.6967,-118.2148,7,4,Summer,Small,2023-07-28,,29.4,20.0,1.8,0.0,Unknown,High,High,Dry,7,4,Summer
Flynn Fire,2023-07-29,Alameda,80.0,37.7356,-121.6065,7,5,Summer,Medium,2023-07-29,,31.7,20.0,1.9,0.0,Unknown,High,High,Dry,7,5,Summer
Shell Fire,2023-07-30,San Luis Obispo,100.0,35.458459,-120.334625,7,6,Summer,Medium,2023-07-30,,30.0,21.1,2.8,0.0,Unknown,High,High,Dry,7,6,Summer
York Fire,2023-08-01,San Bernardino,93078.0,35.191889,-115.317389,8,1,Summer,Large,2023-08-01,,32.2,22.8,1.6,0.0,Unknown,High,High,Dry,8,1,Summer
Haberkern Fire,2023-08-01,Kern,35.0,36.7611111,-119.988888,8,1,Summer,Small,2023-08-01,,32.2,22.8,1.6,0.0,Unknown,High,High,Dry,8,1,Summer
Beale Fire,2023-08-01,Kern,61.0,35.403564,-120.181725,8,1,Summer,Medium,2023-08-01,,32.2,22.8,1.6,0.0,Unknown,High,High,Dry,8,1,Summer
Nuevo Fire,2023-08-01,Riverside,20.0,33.7995,-117.11938,8,1,Summer,Small,2023-08-01,,32.2,22.8,1.6,0.0,Unknown,High,High,Dry,8,1,Summer
RV Fire,2023-08-01,Merced,29.0,36.9648,-120.8839,8,1,Summer,Small,2023-08-01,,32.2,22.8,1.6,0.0,Unknown,High,High,Dry,8,1,Summer
East Fire ,2023-08-01,Kern,1291.0,35.490591,-118.875657,8,1,Summer,Large,2023-08-01,,32.2,22.8,1.6,0.0,Unknown,High,High,Dry,8,1,Summer
Almond Fire,2023-08-02,Riverside,95.0,33.91436,-116.76111,8,2,Summer,Medium,2023-08-02,,,,,0.0,Unknown,,,Dry,8,2,Summer
Stanley Fire,2023-08-02,Riverside,16.0,33.602019,-116.84334,8,2,Summer,Small,2023-08-02,,,,,0.0,Unknown,,,Dry,8,2,Summer
Clayton Fire,2023-08-03,Santa Clara,68.0,37.368648,-121.464716,8,3,Summer,Medium,2023-08-03,,26.1,19.4,2.3,0.0,Unknown,Medium,High,Dry,8,3,Summer
Ridge Fire,2023-08-04,Shasta,28.0,40.735974,-122.624538,8,4,Summer,Small,2023-08-04,,26.7,18.9,3.0,0.0,Unknown,High,High,Dry,8,4,Summer
Boulevard Fire,2023-08-04,Kern,88.0,35.0990626,-118.2951023,8,4,Summer,Medium,2023-08-04,,26.7,18.9,3.0,0.0,Unknown,High,High,Dry,8,4,Summer
No Name Fire,2023-08-05,Kern,1120.0,35.78611,-117.8875,8,5,Summer,Large,2023-08-05,,27.8,20.0,2.6,0.0,Unknown,High,High,Dry,8,5,Summer
Pass ,2023-08-06,San Diego,36.0,32.68535,-116.3017,8,6,Summer,Medium,2023-08-06,,27.8,19.4,3.0,0.0,Unknown,High,High,Dry,8,6,Summer
Almond Fire,2023-08-06,Kern,5228.0,35.614674,-119.835808,8,6,Summer,Large,2023-08-06,,27.8,19.4,3.0,0.0,Unknown,High,High,Dry,8,6,Summer
Bunnie Fire,2023-08-09,San Diego,184.0,32.994676,-116.855731,8,2,Summer,Large,2023-08-09,,,,,0.0,Unknown,,,Dry,8,2,Summer
Rock Fire,2023-08-09,Riverside,531.0,33.871189,-117.150639,8,2,Summer,Large,2023-08-09,,,,,0.0,Unknown,,,Dry,8,2,Summer
Cemetery Fire,2023-08-09,Butte,68.0,39.377918,-121.68793,8,2,Summer,Medium,2023-08-09,,,,,0.0,Unknown,,,Dry,8,2,Summer
Dry Creek Complex,2023-08-10,Tulare,301.0,36.5323,-119.0113,8,3,Summer,Large,2023-08-10,,26.1,20.6,2.6,0.0,Unknown,Medium,High,Dry,8,3,Summer
Hernandez Fire,2023-08-10,San Benito,75.0,36.4392121,-120.9783812,8,3,Summer,Medium,2023-08-10,,26.1,20.6,2.6,0.0,Unknown,Medium,High,Dry,8,3,Summer
Trotter,2023-08-14,Kern,52.0,35.1387962,-118.6027987,8,0,Summer,Medium,2023-08-14,,31.7,20.0,1.6,0.0,Unknown,High,High,Dry,8,0,Summer
Bitter Fire,2023-08-15,San Luis Obispo,695.0,35.4854,-120.0574,8,1,Summer,Large,2023-08-15,,33.3,20.0,1.3,0.0,Unknown,High,High,Dry,8,1,Summer
SKU August Lightning Complex,2023-08-15,Siskiyou,838.0,41.2477,-121.5041,8,1,Summer,Large,2023-08-15,,33.3,20.0,1.3,0.0,Unknown,High,High,Dry,8,1,Summer
South Fork Complex,2023-08-15,Trinity,3929.0,40.623606,-123.662677,8,1,Summer,Large,2023-08-15,,33.3,20.0,1.3,0.0,Unknown,High,High,Dry,8,1,Summer
Smith River Complex,2023-08-15,Del Norte,95107.0,41.958269,-123.868447,8,1,Summer,Large,2023-08-15,,33.3,20.0,1.3,0.0,Unknown,High,High,Dry,8,1,Summer
Happy Camp Complex,2023-08-16,Siskiyou,21725.0,41.777554,-123.045093,8,2,Summer,Large,2023-08-16,,30.6,20.0,2.2,0.0,Unknown,High,High,Dry,8,2,Summer
3-9 Fire,2023-08-16,Humboldt,2840.0,40.636317,-123.5797,8,2,Summer,Large,2023-08-16,,30.6,20.0,2.2,0.0,Unknown,High,High,Dry,8,2,Summer
Slide 1 Fire,2023-08-16,Tehama,473.0,40.036944,-122.855,8,2,Summer,Large,2023-08-16,,30.6,20.0,2.2,0.0,Unknown,High,High,Dry,8,2,Summer
Deep Fire,2023-08-16,Trinity,4198.0,40.93686,-122.94871,8,2,Summer,Large,2023-08-16,,30.6,20.0,2.2,0.0,Unknown,High,High,Dry,8,2,Summer
Cochrane Fire,2023-08-16,Santa Clara,72.0,37.18725,-121.67208,8,2,Summer,Medium,2023-08-16,,30.6,20.0,2.2,0.0,Unknown,High,High,Dry,8,2,Summer
Thirty Five Fire,2023-08-17,Glenn,109.0,39.6194,-122.3287,8,3,Summer,Medium,2023-08-17,,32.2,19.4,1.3,0.0,Unknown,High,High,Dry,8,3,Summer
Coyote Fire,2023-08-17,San Diego,466.0,32.6347,-116.6415,8,3,Summer,Large,2023-08-17,,32.2,19.4,1.3,0.0,Unknown,High,High,Dry,8,3,Summer
Plant Fire,2023-08-19,Santa Barbara,5464.0,34.9190169,-119.73328,8,5,Summer,Large,2023-08-19,,27.2,17.8,1.0,0.0,Unknown,High,High,Dry,8,5,Summer
SRF Lightning Complex,2023-08-20,Humboldt,50198.0,41.017222,-123.611167,8,6,Summer,Large,2023-08-20,,25.0,19.4,3.8,51.1,Unknown,Medium,High,Dry,8,6,Summer
Creek Fire,2023-09-06,Lake,28.0,38.903333,-122.601667,9,2,Fall,Small,2023-09-06,,28.3,19.4,1.7,0.0,Unknown,High,High,Dry,9,2,Fall
Quarry Fire,2023-09-09,Tuolumne,9130.0,38.06095,-119.991667,9,5,Fall,Large,2023-09-09,,31.7,21.7,2.1,0.0,Unknown,High,High,Dry,9,5,Fall
Knoll Fire,2023-09-10,Calaveras,32.0,38.18291,-120.7942,9,6,Fall,Small,2023-09-10,,,,,0.8,Unknown,,,Dry,9,6,Fall
Alta Fire,2023-09-12,Napa,14.0,38.3702,-122.1796,9,1,Fall,Small,2023-09-12,,25.6,19.4,2.9,0.0,Unknown,Medium,High,Dry,9,1,Fall
Caliente Fire,2023-09-16,Kern,55.0,35.2674,-118.616,9,5,Fall,Medium,2023-09-16,,22.8,20.0,1.2,0.0,Unknown,Medium,High,Dry,9,5,Fall
Meadow Fire,2023-09-26,Riverside,23.0,33.753608,-117.279764,9,1,Fall,Small,2023-09-26,,,,,0.0,Unknown,,,Dry,9,1,Fall
Green Fire,2023-10-06,San Luis Obispo,243.0,35.5421,-120.9739,10,4,Fall,Large,2023-10-06,,28.9,17.8,1.9,0.0,Unknown,High,High,Dry,10,4,Fall
Williams Fire,2023-10-06,Monterey,44.0,36.0295,-121.07148,10,4,Fall,Medium,2023-10-06,,28.9,17.8,1.9,0.0,Unknown,High,High,Dry,10,4,Fall
Wiley Fire,2023-10-07,Solano,36.0,38.265241,-121.981732,10,5,Fall,Medium,2023-10-07,,30.6,17.2,2.0,0.0,Unknown,High,High,Dry,10,5,Fall
Stanley Fire,2023-10-17,Riverside,5.0,33.592915,-116.857302,10,1,Fall,Small,2023-10-17,,26.7,17.2,1.1,0.0,Unknown,High,High,Dry,10,1,Fall
Border 34 Fire,2023-10-29,San Diego,24.0,32.598,-116.9196,10,6,Fall,Small,2023-10-29,,28.3,10.6,2.3,0.0,Unknown,High,Low,Dry,10,6,Fall
Highland Fire,2023-10-30,Riverside,2487.0,33.438207,-116.82307,10,0,Fall,Large,2023-10-30,,28.9,9.4,1.6,0.0,Unknown,High,Low,Dry,10,0,Fall
Lizzie Fire,2023-10-30,San Luis Obispo,124.0,35.2808,-120.644,10,0,Fall,Medium,2023-10-30,,28.9,9.4,1.6,0.0,Unknown,High,Low,Dry,10,0,Fall
Sun Fire,2023-11-09,Santa Barbara,211.0,34.55742,-120.32318,11,3,Fall,Large,2023-11-09,,28.3,13.9,3.8,0.0,Unknown,High,Medium,Dry,11,3,Fall
Lamb Fire,2023-11-14,Riverside,13.0,33.85008,-116.99867,11,1,Fall,Small,2023-11-14,,,,,0.0,Unknown,,,Dry,11,1,Fall
Manzanita Fire,2023-11-14,Riverside,15.0,33.839416,-117.003584,11,1,Fall,Small,2023-11-14,,,,,0.0,Unknown,,,Dry,11,1,Fall
Adams Fire,2023-11-19,Riverside,36.0,33.809953,-116.246207,11,6,Fall,Medium,2023-11-19,,,,,1.8,Unknown,,,Dry,11,6,Fall
Sierra Fire,2023-11-20,Riverside,35.0,33.8438665,-117.46406,11,0,Fall,Small,2023-11-20,,25.6,12.8,6.7,0.0,Unknown,Medium,Medium,Dry,11,0,Fall
Sage Fire,2023-11-23,San Diego,39.0,32.723389,-116.891493,11,3,Fall,Medium,2023-11-23,,22.8,12.8,2.4,0.0,Unknown,Medium,Medium,Dry,11,3,Fall
Border 38 Fire,2023-12-05,San Diego,13.0,32.5666,-116.7986,12,1,Winter,Small,2023-12-05,,29.4,10.0,0.8,0.0,Unknown,High,Low,Dry,12,1,Winter
Elm Fire,2023-12-09,Riverside,65.0,33.9007,-116.7635,12,5,Winter,Medium,2023-12-09,,,,,0.0,Unknown,,,Dry,12,5,Winter
South Fire,2023-12-09,Ventura,2715.0,34.327,-118.9938,12,5,Winter,Large,2023-12-09,,,,,0.0,Unknown,,,Dry,12,5,Winter
Pine Fire,2023-12-15,Kern,181.0,35.5593,-118.8696,12,4,Winter,Large,2023-12-15,,25.6,8.9,0.9,0.0,Unknown,Medium,Low,Dry,12,4,Winter
Border 42 Fire,2023-12-21,San Diego,50.0,32.6036,-116.7718,12,3,Winter,Medium,2023-12-21,,,,,17.8,Unknown,,,Dry,12,3,Winter
Palmas Fire,2024-02-20,Riverside,239.0,33.5103795,-115.82784,2,1,Winter,Large,2024-02-20,,,,,21.1,Unknown,,,Dry,2,1,Winter
 Bryson Fire,2024-02-27,Monterey,11.0,35.81148,-121.084104,2,1,Winter,Small,2024-02-27,,18.9,13.9,1.4,0.0,Unknown,Low,Medium,Dry,2,1,Winter
Cartago Fire,2024-04-03,Inyo,104.0,36.316401,-118.026767,4,2,Spring,Medium,2024-04-03,,,,,0.0,Unknown,,,Dry,4,2,Spring
Gardner Fire,2024-04-12,Kern,241.0,35.153062,-119.39529,4,4,Spring,Large,2024-04-12,,,,,0.0,Unknown,,,Dry,4,4,Spring
York Fire,2024-04-21,Kings,181.0,35.817759,-120.097738,4,6,Spring,Large,2024-04-21,,22.2,,,0.0,Unknown,Medium,,Dry,4,6,Spring
Pendola Fire,2024-04-21,Yuba,18.0,39.494086,-121.070752,4,6,Spring,Small,2024-04-21,,22.2,,,0.0,Unknown,Medium,,Dry,4,6,Spring
Refuge Fire,2024-04-26,Fresno,483.0,36.730979,-120.360998,4,4,Spring,Large,2024-04-26,,,,,0.0,Unknown,,,Dry,4,4,Spring
Billy Fire,2024-04-30,Merced,12.0,37.020145,-120.99063,4,1,Spring,Small,2024-04-30,,,,,0.0,Unknown,,,Dry,4,1,Spring
Virginiatown Fire,2024-05-02,Placer,95.0,38.902253,-121.201005,5,3,Spring,Medium,2024-05-02,,22.2,14.4,1.7,0.0,Unknown,Medium,Medium,Dry,5,3,Spring
School Fire,2024-05-02,Kern,1479.0,35.04847,-119.33179,5,3,Spring,Large,2024-05-02,,22.2,14.4,1.7,0.0,Unknown,Medium,Medium,Dry,5,3,Spring
Dawn Fire,2024-05-04,Kern,13.0,34.9117,-118.23,5,5,Spring,Small,2024-05-04,,,,,0.3,Unknown,,,Dry,5,5,Spring
Tram Fire,2024-05-04,Riverside,14.0,33.858369,-116.55819,5,5,Spring,Small,2024-05-04,,,,,0.3,Unknown,,,Dry,5,5,Spring
Magnolia Fire,2024-05-07,Riverside,37.0,33.9208,-116.807061,5,1,Spring,Medium,2024-05-07,,,,,0.0,Unknown,,,Dry,5,1,Spring
Almond Fire,2024-05-07,Riverside,40.0,33.903392,-116.774124,5,1,Spring,Medium,2024-05-07,,,,,0.0,Unknown,,,Dry,5,1,Spring
Sherwood Fire,2024-05-10,Kern,353.0,35.7193,-118.9429,5,4,Spring,Large,2024-05-10,,22.8,15.6,2.1,0.0,Unknown,Medium,Medium,Dry,5,4,Spring
Dom Fire,2024-05-11,Fresno,24.0,36.362559,-120.340061,5,5,Spring,Small,2024-05-11,,,,,0.0,Unknown,,,Dry,5,5,Spring
Jayne Fire,2024-05-11,Fresno,40.0,36.137571,-120.192362,5,5,Spring,Medium,2024-05-11,,,,,0.0,Unknown,,,Dry,5,5,Spring
Border 44 Fire,2024-05-11,San Diego,15.0,32.571374,-116.711161,5,5,Spring,Small,2024-05-11,,,,,0.0,Unknown,,,Dry,5,5,Spring
Red Fire,2024-05-11,San Bernardino,148.0,35.388107,-117.601135,5,5,Spring,Medium,2024-05-11,,,,,0.0,Unknown,,,Dry,5,5,Spring
National Fire,2024-05-12,San Bernardino,80.0,34.602884,-117.339379,5,6,Spring,Medium,2024-05-12,,21.1,15.6,1.7,0.0,Unknown,Low,Medium,Dry,5,6,Spring
Love 2 Fire,2024-05-13,San Diego,18.0,32.7754088,-116.8004,5,0,Spring,Small,2024-05-13,,,,,0.0,Unknown,,,Dry,5,0,Spring
John Fire,2024-05-14,Merced,12.0,37.244144,-120.652034,5,1,Spring,Small,2024-05-14,,20.0,14.4,2.9,0.0,Unknown,Low,Medium,Dry,5,1,Spring
Janell Fire,2024-05-14,Riverside,14.0,33.471139,-116.8539685,5,1,Spring,Small,2024-05-14,,20.0,14.4,2.9,0.0,Unknown,Low,Medium,Dry,5,1,Spring
Cow Fire,2024-05-15,Kern,132.0,35.4759526,-118.7503007,5,2,Spring,Medium,2024-05-15,,,,,0.5,Unknown,,,Dry,5,2,Spring
Ranch Fire,2024-05-15,Butte,10.0,39.693268,-121.449913,5,2,Spring,Small,2024-05-15,,,,,0.5,Unknown,,,Dry,5,2,Spring
Idria Fire,2024-05-15,San Benito,29.0,36.490486,-120.801731,5,2,Spring,Small,2024-05-15,,,,,0.5,Unknown,,,Dry,5,2,Spring
Petrol Fire,2024-05-17,Fresno,186.0,36.2748148,-120.33456,5,4,Spring,Large,2024-05-17,,,,,0.0,Unknown,,,Dry,5,4,Spring
Mission Fire,2024-05-18,Riverside,27.0,33.984278,-116.583317,5,5,Spring,Small,2024-05-18,,23.3,15.6,1.4,0.0,Unknown,Medium,Medium,Dry,5,5,Spring
Wind Fire,2024-05-20,Kern,121.0,34.96545,-118.99692,5,0,Spring,Medium,2024-05-20,,21.7,14.4,1.7,0.0,Unknown,Low,Medium,Dry,5,0,Spring
Hall Fire,2024-05-20,Tehama,12.0,40.014819,-122.129559,5,0,Spring,Small,2024-05-20,,21.7,14.4,1.7,0.0,Unknown,Low,Medium,Dry,5,0,Spring
Elk Fire,2024-05-21,Glenn,19.0,39.598771,-122.476758,5,1,Spring,Small,2024-05-21,,22.2,14.4,1.3,0.0,Unknown,Medium,Medium,Dry,5,1,Spring
Valley Fire,2024-05-21,Modoc,536.0,41.2449,-120.31,5,1,Spring,Large,2024-05-21,,22.2,14.4,1.3,0.0,Unknown,Medium,Medium,Dry,5,1,Spring
Knolls Fire,2024-05-22,San Diego,17.0,33.02113,-117.170895,5,2,Spring,Small,2024-05-22,,,,,0.0,Unknown,,,Dry,5,2,Spring
Seven Fire,2024-05-23,Butte,11.0,39.539678,-121.908346,5,3,Spring,Small,2024-05-23,,20.0,15.6,1.8,0.0,Unknown,Low,Medium,Dry,5,3,Spring
Shirleon Fire,2024-05-25,Riverside,34.0,33.895775,-116.901498,5,5,Spring,Small,2024-05-25,,,,,0.0,Unknown,,,Dry,5,5,Spring
Holiday Fire,2024-05-25,Kern,428.0,34.8492868,-118.2554355,5,5,Spring,Large,2024-05-25,,,,,0.0,Unknown,,,Dry,5,5,Spring
Nees Fire,2024-05-25,Fresno,47.0,36.850279,-120.771299,5,5,Spring,Medium,2024-05-25,,,,,0.0,Unknown,,,Dry,5,5,Spring
Central Fire,2024-05-25,Fresno,13.0,36.67799,-119.7858,5,5,Spring,Small,2024-05-25,,,,,0.0,Unknown,,,Dry,5,5,Spring
Harford Fire,2024-05-25,Riverside,18.0,33.812223,-117.340976,5,5,Spring,Small,2024-05-25,,,,,0.0,Unknown,,,Dry,5,5,Spring
Panoche Fire,2024-05-25,San Benito,191.0,36.5097274,-120.8471351,5,5,Spring,Large,2024-05-25,,,,,0.0,Unknown,,,Dry,5,5,Spring
Border 51 Fire,2024-05-26,San Diego,12.0,32.57583,-116.76972,5,6,Spring,Small,2024-05-26,,21.1,15.6,2.6,0.0,Unknown,Low,Medium,Dry,5,6,Spring
Flood Fire,2024-05-26,San Joaquin,58.0,38.017376,-120.944834,5,6,Spring,Medium,2024-05-26,,21.1,15.6,2.6,0.0,Unknown,Low,Medium,Dry,5,6,Spring
Millerton Fire,2024-05-26,Madera,47.0,37.01741,-119.689804,5,6,Spring,Medium,2024-05-26,,21.1,15.6,2.6,0.0,Unknown,Low,Medium,Dry,5,6,Spring
Vince Fire,2024-05-27,Los Angeles,22.0,34.50941,-118.05215,5,0,Spring,Small,2024-05-27,,21.1,14.4,2.6,0.0,Unknown,Low,Medium,Dry,5,0,Spring
Nby1 Fire,2024-05-28,San Bernardino,10.0,34.812972,-116.663042,5,1,Spring,Small,2024-05-28,,,,,0.0,Unknown,,,Dry,5,1,Spring
Yer1 Fire,2024-05-28,San Bernardino,10.0,34.88011,-116.815632,5,1,Spring,Small,2024-05-28,,,,,0.0,Unknown,,,Dry,5,1,Spring
Zediker Fire,2024-05-28,Fresno,35.0,36.617148,-119.520906,5,1,Spring,Small,2024-05-28,,,,,0.0,Unknown,,,Dry,5,1,Spring
Watt Fire,2024-05-28,Placer,20.0,38.728881,-121.392475,5,1,Spring,Small,2024-05-28,,,,,0.0,Unknown,,,Dry,5,1,Spring
Valley Center Fire,2024-05-28,San Bernardino,10.0,34.879647,-116.792378,5,1,Spring,Small,2024-05-28,,,,,0.0,Unknown,,,Dry,5,1,Spring
Mocal Fire,2024-05-28,Kern,116.0,35.180776,-119.558308,5,1,Spring,Medium,2024-05-28,,,,,0.0,Unknown,,,Dry,5,1,Spring
Hill Fire,2024-05-28,Santa Barbara,1383.0,34.8936966,-119.5572279,5,1,Spring,Large,2024-05-28,,,,,0.0,Unknown,,,Dry,5,1,Spring
Pepper Fire,2024-05-28,Fresno,29.0,36.68768,-119.158199,5,1,Spring,Small,2024-05-28,,,,,0.0,Unknown,,,Dry,5,1,Spring
Five Fire,2024-05-28,Fresno,150.0,36.43706,-120.393699,5,1,Spring,Medium,2024-05-28,,,,,0.0,Unknown,,,Dry,5,1,Spring
Dillon Fire,2024-05-28,Riverside,34.0,33.925778,-116.600203,5,1,Spring,Small,2024-05-28,,,,,0.0,Unknown,,,Dry,5,1,Spring
Shirleon Fire,2024-05-28,Riverside,15.0,33.896179,-116.917099,5,1,Spring,Small,2024-05-28,,,,,0.0,Unknown,,,Dry,5,1,Spring
Clark Fire,2024-05-28,Fresno,35.0,36.501499,-120.389098,5,1,Spring,Small,2024-05-28,,,,,0.0,Unknown,,,Dry,5,1,Spring
Devil Fire,2024-05-29,Kings,188.0,35.85008,-119.915199,5,2,Spring,Large,2024-05-29,,21.1,15.0,3.1,0.0,Unknown,Low,Medium,Dry,5,2,Spring
County Fire,2024-05-29,Tuolumne,13.0,37.828925,-120.634375,5,2,Spring,Small,2024-05-29,,21.1,15.0,3.1,0.0,Unknown,Low,Medium,Dry,5,2,Spring
Mateo Fire,2024-05-29,Fresno,762.0,36.734329,-120.314598,5,2,Spring,Large,2024-05-29,,21.1,15.0,3.1,0.0,Unknown,Low,Medium,Dry,5,2,Spring
Howard Fire,2024-05-30,Riverside,32.0,33.56557,-116.718429,5,3,Spring,Small,2024-05-30,,22.2,16.1,3.0,0.0,Unknown,Medium,Medium,Dry,5,3,Spring
Great 3 Fire,2024-05-30,San Diego,187.0,32.99611,-116.44756,5,3,Spring,Large,2024-05-30,,22.2,16.1,3.0,0.0,Unknown,Medium,Medium,Dry,5,3,Spring
Hawk Fire,2024-05-30,Fresno,10.0,36.842961,-119.601701,5,3,Spring,Small,2024-05-30,,22.2,16.1,3.0,0.0,Unknown,Medium,Medium,Dry,5,3,Spring
Firebaugh Fire,2024-05-30,Madera,1300.0,36.87565,-120.25511,5,3,Spring,Large,2024-05-30,,22.2,16.1,3.0,0.0,Unknown,Medium,Medium,Dry,5,3,Spring
Rosamond Fire,2024-05-30,Los Angeles,125.0,34.72107,-118.25483,5,3,Spring,Medium,2024-05-30,,22.2,16.1,3.0,0.0,Unknown,Medium,Medium,Dry,5,3,Spring
West Fire,2024-05-30,Kern,1575.0,34.91,-118.254,5,3,Spring,Large,2024-05-30,,22.2,16.1,3.0,0.0,Unknown,Medium,Medium,Dry,5,3,Spring
Bank Fire,2024-05-30,Tehama,12.0,40.089713,-122.398582,5,3,Spring,Small,2024-05-30,,22.2,16.1,3.0,0.0,Unknown,Medium,Medium,Dry,5,3,Spring
Canal Fire,2024-05-30,Madera,827.0,37.081421,-119.962104,5,3,Spring,Large,2024-05-30,,22.2,16.1,3.0,0.0,Unknown,Medium,Medium,Dry,5,3,Spring
Fields Fire,2024-05-31,Merced,22.0,37.565014,-120.425878,5,4,Spring,Small,2024-05-31,,,,,0.0,Unknown,,,Dry,5,4,Spring
Ranch Fire,2024-05-31,Kern,616.0,35.442336,-118.82214,5,4,Spring,Large,2024-05-31,,,,,0.0,Unknown,,,Dry,5,4,Spring
Field Fire,2024-05-31,Santa Barbara,201.0,34.9592,-119.698014,5,4,Spring,Large,2024-05-31,,,,,0.0,Unknown,,,Dry,5,4,Spring
Limonite Fire,2024-05-31,Riverside,18.0,33.975351,-117.505873,5,4,Spring,Small,2024-05-31,,,,,0.0,Unknown,,,Dry,5,4,Spring
Tesoro Fire,2024-05-31,Madera,109.0,37.01047,-119.7939,5,4,Spring,Medium,2024-05-31,,,,,0.0,Unknown,,,Dry,5,4,Spring
Red Fire,2024-05-31,Kern,98.0,35.601284,-118.4733,5,4,Spring,Medium,2024-05-31,,,,,0.0,Unknown,,,Dry,5,4,Spring
Boyd Fire,2024-06-01,Tulare,36.0,36.573169,-119.238103,6,5,Summer,Medium,2024-06-01,,21.7,16.1,2.6,0.0,Unknown,Low,Medium,Dry,6,5,Summer
Corral Fire,2024-06-01,San Joaquin,14168.0,37.633908,-121.50259,6,5,Summer,Large,2024-06-01,,21.7,16.1,2.6,0.0,Unknown,Low,Medium,Dry,6,5,Summer
Border 53 Fire,2024-06-01,San Diego,300.0,32.577083,-116.806666,6,5,Summer,Large,2024-06-01,,21.7,16.1,2.6,0.0,Unknown,Low,Medium,Dry,6,5,Summer
Raymond Fire,2024-06-01,Madera,27.0,36.974519,-120.044449,6,5,Summer,Small,2024-06-01,,21.7,16.1,2.6,0.0,Unknown,Low,Medium,Dry,6,5,Summer
Park Fire,2024-06-02,Riverside,13.0,33.790804,-116.927045,6,6,Summer,Small,2024-06-02,,,,,0.5,Unknown,,,Dry,6,6,Summer
Sorrel Fire,2024-06-03,San Bernardino,40.0,34.68341,-117.118935,6,0,Summer,Medium,2024-06-03,,,,,0.0,Unknown,,,Dry,6,0,Summer
Shadow Fire,2024-06-03,Kern,86.0,35.619008,-118.401334,6,0,Summer,Medium,2024-06-03,,,,,0.0,Unknown,,,Dry,6,0,Summer
Patterson Fire,2024-06-03,Alameda,95.0,37.714616,-121.568029,6,0,Summer,Medium,2024-06-03,,,,,0.0,Unknown,,,Dry,6,0,Summer
Springs Fire,2024-06-04,Tuolumne,17.0,37.842308,-120.524741,6,1,Summer,Small,2024-06-04,,24.4,15.6,1.5,0.0,Unknown,Medium,Medium,Dry,6,1,Summer
Russell Fire,2024-06-04,Fresno,25.0,36.916374,-120.657895,6,1,Summer,Small,2024-06-04,,24.4,15.6,1.5,0.0,Unknown,Medium,Medium,Dry,6,1,Summer
Road Fire,2024-06-04,Kern,1088.0,35.113531,-119.48669,6,1,Summer,Large,2024-06-04,,24.4,15.6,1.5,0.0,Unknown,Medium,Medium,Dry,6,1,Summer
Lotus Fire,2024-06-05,Riverside,30.0,34.013717,-117.403656,6,2,Summer,Small,2024-06-05,,,,,0.0,Unknown,,,Dry,6,2,Summer
Bitterwater ,2024-06-05,San Luis Obispo,331.0,35.37367,-120.094361,6,2,Summer,Large,2024-06-05,,,,,0.0,Unknown,,,Dry,6,2,Summer
Crystal Fire,2024-06-05,Napa,60.0,38.55954,-122.494472,6,2,Summer,Medium,2024-06-05,,,,,0.0,Unknown,,,Dry,6,2,Summer
Lost Fire,2024-06-06,Kern,3197.0,35.735279,-119.69294,6,3,Summer,Large,2024-06-06,,23.9,16.7,2.1,0.0,Unknown,Medium,Medium,Dry,6,3,Summer
155 Fire,2024-06-06,Kern,55.0,35.692183,-118.46771,6,3,Summer,Medium,2024-06-06,,23.9,16.7,2.1,0.0,Unknown,Medium,Medium,Dry,6,3,Summer
Gaskell Fire,2024-06-06,Kern,405.0,34.82333,-118.30848,6,3,Summer,Large,2024-06-06,,23.9,16.7,2.1,0.0,Unknown,Medium,Medium,Dry,6,3,Summer
Relay Fire,2024-06-06,Riverside,47.0,33.910994,-116.980503,6,3,Summer,Medium,2024-06-06,,23.9,16.7,2.1,0.0,Unknown,Medium,Medium,Dry,6,3,Summer
Devil Fire,2024-06-06,Kings,211.0,35.85594,-119.94084,6,3,Summer,Large,2024-06-06,,23.9,16.7,2.1,0.0,Unknown,Medium,Medium,Dry,6,3,Summer
Little Fire,2024-06-06,Fresno,34.0,36.777907,-120.729222,6,3,Summer,Small,2024-06-06,,23.9,16.7,2.1,0.0,Unknown,Medium,Medium,Dry,6,3,Summer
Pan Fire,2024-06-07,Fresno,34.0,36.786999,-120.764998,6,4,Summer,Small,2024-06-07,,20.6,16.7,3.1,0.3,Unknown,Low,Medium,Dry,6,4,Summer
Albers Fire,2024-06-07,Santa Clara,23.0,37.904572,-121.765839,6,4,Summer,Small,2024-06-07,,20.6,16.7,3.1,0.3,Unknown,Low,Medium,Dry,6,4,Summer
Garlock Fire,2024-06-07,Fresno,54.0,36.991558,-119.514348,6,4,Summer,Medium,2024-06-07,,20.6,16.7,3.1,0.3,Unknown,Low,Medium,Dry,6,4,Summer
Morgan Fire,2024-06-07,Riverside,14.0,33.487833,-117.052745,6,4,Summer,Small,2024-06-07,,20.6,16.7,3.1,0.3,Unknown,Low,Medium,Dry,6,4,Summer
Poleline Fire,2024-06-07,Merced,30.0,36.928296,-120.834941,6,4,Summer,Small,2024-06-07,,20.6,16.7,3.1,0.3,Unknown,Low,Medium,Dry,6,4,Summer
Koala Fire,2024-06-07,San Bernardino,25.0,34.520882,-117.451094,6,4,Summer,Small,2024-06-07,,20.6,16.7,3.1,0.3,Unknown,Low,Medium,Dry,6,4,Summer
Springs Fire,2024-06-07,Siskiyou,11.0,41.474683,-122.520453,6,4,Summer,Small,2024-06-07,,20.6,16.7,3.1,0.3,Unknown,Low,Medium,Dry,6,4,Summer
Rock Fire,2024-06-08,San Luis Obispo,50.0,35.774138,-120.772339,6,5,Summer,Medium,2024-06-08,,,,,0.0,Unknown,,,Dry,6,5,Summer
Aquaduct 2 Fire,2024-06-08,San Diego,110.0,32.84445,-117.08492,6,5,Summer,Medium,2024-06-08,,,,,0.0,Unknown,,,Dry,6,5,Summer
Cody Fire,2024-06-08,Kern,1260.0,35.64995,-119.031458,6,5,Summer,Large,2024-06-08,,,,,0.0,Unknown,,,Dry,6,5,Summer
Greenville Fire,2024-06-08,Alameda,44.0,37.72154,-121.702293,6,5,Summer,Medium,2024-06-08,,,,,0.0,Unknown,,,Dry,6,5,Summer
Creek Fire,2024-06-09,Kern,50.0,35.346667,-118.386667,6,6,Summer,Medium,2024-06-09,,22.8,16.7,2.9,0.0,Unknown,Medium,Medium,Dry,6,6,Summer
John Fire,2024-06-09,Contra Costa,55.0,38.00994,-121.91945,6,6,Summer,Medium,2024-06-09,,22.8,16.7,2.9,0.0,Unknown,Medium,Medium,Dry,6,6,Summer
Forest Fire,2024-06-09,Los Angeles,41.0,34.51346,-117.785551,6,6,Summer,Medium,2024-06-09,,22.8,16.7,2.9,0.0,Unknown,Medium,Medium,Dry,6,6,Summer
Rawson Fire,2024-06-10,Tehama,25.0,40.111484,-122.232365,6,0,Summer,Small,2024-06-10,,,,,0.0,Unknown,,,Dry,6,0,Summer
Spenceville Fire,2024-06-10,Yuba,23.0,39.133016,-121.309465,6,0,Summer,Small,2024-06-10,,,,,0.0,Unknown,,,Dry,6,0,Summer
Acorn Fire,2024-06-10,Calaveras,15.0,38.1179241,-120.79181,6,0,Summer,Small,2024-06-10,,,,,0.0,Unknown,,,Dry,6,0,Summer
Cod Fire,2024-06-10,Siskiyou,28.0,41.900664,-122.444022,6,0,Summer,Small,2024-06-10,,,,,0.0,Unknown,,,Dry,6,0,Summer
Hinkley Fire,2024-06-11,San Bernardino,126.0,34.89273,-117.188996,6,1,Summer,Medium,2024-06-11,,21.1,16.7,2.4,0.0,Unknown,Low,Medium,Dry,6,1,Summer
Lincoln Fire,2024-06-11,Los Angeles,17.0,34.65729,-118.09927,6,1,Summer,Small,2024-06-11,,21.1,16.7,2.4,0.0,Unknown,Low,Medium,Dry,6,1,Summer
Travel Fire,2024-06-11,Fresno,10.0,36.074598,-120.102025,6,1,Summer,Small,2024-06-11,,21.1,16.7,2.4,0.0,Unknown,Low,Medium,Dry,6,1,Summer
Oil Fire,2024-06-11,Kern,214.0,35.506667,-119.071667,6,1,Summer,Large,2024-06-11,,21.1,16.7,2.4,0.0,Unknown,Low,Medium,Dry,6,1,Summer
Stoddard 3 Fire,2024-06-11,San Bernardino,472.0,34.72209,-117.16739,6,1,Summer,Large,2024-06-11,,21.1,16.7,2.4,0.0,Unknown,Low,Medium,Dry,6,1,Summer
Jellys Fire,2024-06-11,Tehama,17.0,40.354308,-122.172379,6,1,Summer,Small,2024-06-11,,21.1,16.7,2.4,0.0,Unknown,Low,Medium,Dry,6,1,Summer
Flynn Fire,2024-06-11,Alameda,23.0,37.719182,-121.660326,6,1,Summer,Small,2024-06-11,,21.1,16.7,2.4,0.0,Unknown,Low,Medium,Dry,6,1,Summer
Carmen Fire,2024-06-11,Riverside,64.0,33.91768,-116.75466,6,1,Summer,Medium,2024-06-11,,21.1,16.7,2.4,0.0,Unknown,Low,Medium,Dry,6,1,Summer
Bear Fire,2024-06-12,San Luis Obispo,1404.0,35.293114,-119.953932,6,2,Summer,Large,2024-06-12,,,,,0.0,Unknown,,,Dry,6,2,Summer
Grant Fire,2024-06-12,Sacramento,119.0,38.59179,-121.17954,6,2,Summer,Medium,2024-06-12,,,,,0.0,Unknown,,,Dry,6,2,Summer
Llano Fire,2024-06-12,Los Angeles,30.0,34.498542,-117.686469,6,2,Summer,Small,2024-06-12,,,,,0.0,Unknown,,,Dry,6,2,Summer
Johnson Fire,2024-06-13,San Joaquin,20.0,38.177683,-121.033739,6,3,Summer,Small,2024-06-13,,,,,0.0,Unknown,,,Dry,6,3,Summer
Peterson Fire,2024-06-13,Lassen,22.0,39.879737,-120.028888,6,3,Summer,Small,2024-06-13,,,,,0.0,Unknown,,,Dry,6,3,Summer
5 Fire,2024-06-14,Kern,30.0,35.50256,-119.53449,6,4,Summer,Small,2024-06-14,,23.3,16.7,2.6,0.0,Unknown,Medium,Medium,Dry,6,4,Summer
Hesperia Fire,2024-06-15,San Bernardino,1078.0,34.30769,-117.28811,6,5,Summer,Large,2024-06-15,,24.4,16.7,2.6,0.0,Unknown,Medium,Medium,Dry,6,5,Summer
West Fire,2024-06-15,Los Angeles,300.0,34.73279,-118.29017,6,5,Summer,Large,2024-06-15,,24.4,16.7,2.6,0.0,Unknown,Medium,Medium,Dry,6,5,Summer
Rocky Fire,2024-06-15,Butte,18.0,39.548761,-121.355159,6,5,Summer,Small,2024-06-15,,24.4,16.7,2.6,0.0,Unknown,Medium,Medium,Dry,6,5,Summer
Sioux Fire,2024-06-15,Madera,15.0,37.207647,-119.673538,6,5,Summer,Small,2024-06-15,,24.4,16.7,2.6,0.0,Unknown,Medium,Medium,Dry,6,5,Summer
Junes Fire,2024-06-15,Butte,1056.0,39.369439,-121.518592,6,5,Summer,Large,2024-06-15,,24.4,16.7,2.6,0.0,Unknown,Medium,Medium,Dry,6,5,Summer
Post Fire,2024-06-15,"Los Angeles, Ventura",15563.0,34.79208,-118.8521,6,5,Summer,Large,2024-06-15,,24.4,16.7,2.6,0.0,Unknown,Medium,Medium,Dry,6,5,Summer
Felipe Fire,2024-06-15,Santa Clara,19.0,37.28197,-121.73844,6,5,Summer,Small,2024-06-15,,24.4,16.7,2.6,0.0,Unknown,Medium,Medium,Dry,6,5,Summer
Hernandez Fire,2024-06-15,San Benito,642.0,36.400976,-120.986676,6,5,Summer,Large,2024-06-15,,24.4,16.7,2.6,0.0,Unknown,Medium,Medium,Dry,6,5,Summer
Excelsior Fire,2024-06-16,Sacramento,877.0,38.52658,-121.28408,6,6,Summer,Large,2024-06-16,,23.9,17.2,3.8,0.0,Unknown,Medium,High,Dry,6,6,Summer
Lisa Fire,2024-06-16,Riverside,890.0,33.943389,-117.06443,6,6,Summer,Large,2024-06-16,,23.9,17.2,3.8,0.0,Unknown,Medium,High,Dry,6,6,Summer
Point Fire,2024-06-16,Sonoma,1207.0,38.705475,-123.012253,6,6,Summer,Large,2024-06-16,,23.9,17.2,3.8,0.0,Unknown,Medium,High,Dry,6,6,Summer
Inkopah 5 Fire,2024-06-16,Imperial,30.0,32.655183,-116.099983,6,6,Summer,Small,2024-06-16,,23.9,17.2,3.8,0.0,Unknown,Medium,High,Dry,6,6,Summer
Summit Fire,2024-06-16,San Bernardino,13.0,34.369667,-117.335667,6,6,Summer,Small,2024-06-16,,23.9,17.2,3.8,0.0,Unknown,Medium,High,Dry,6,6,Summer
Elgin Fire,2024-06-16,Merced,86.0,37.097775,-120.635371,6,6,Summer,Medium,2024-06-16,,23.9,17.2,3.8,0.0,Unknown,Medium,High,Dry,6,6,Summer
Max Fire,2024-06-16,Los Angeles,516.0,34.67529,-118.27108,6,6,Summer,Large,2024-06-16,,23.9,17.2,3.8,0.0,Unknown,Medium,High,Dry,6,6,Summer
Hidden Fire,2024-06-16,Shasta,45.0,40.72052,-122.23967,6,6,Summer,Medium,2024-06-16,,23.9,17.2,3.8,0.0,Unknown,Medium,High,Dry,6,6,Summer
62 Fire,2024-06-16,Riverside,13.0,33.984079,-116.583039,6,6,Summer,Small,2024-06-16,,23.9,17.2,3.8,0.0,Unknown,Medium,High,Dry,6,6,Summer
Douglas Fire,2024-06-17,Sacramento,400.0,38.54166,-121.24438,6,0,Summer,Large,2024-06-17,,,,,0.0,Unknown,,,Dry,6,0,Summer
Aero Fire,2024-06-17,Calaveras,5351.0,38.031684,-120.684174,6,0,Summer,Large,2024-06-17,,,,,0.0,Unknown,,,Dry,6,0,Summer
Coast Fire,2024-06-17,Monterey,15.0,36.311477,-121.855352,6,0,Summer,Small,2024-06-17,,,,,0.0,Unknown,,,Dry,6,0,Summer
Ingomar Fire,2024-06-17,Merced,12.0,37.15858,-120.968478,6,0,Summer,Small,2024-06-17,,,,,0.0,Unknown,,,Dry,6,0,Summer
Sites Fire,2024-06-17,Colusa,19195.0,39.31646,-122.46934,6,0,Summer,Large,2024-06-17,,,,,0.0,Unknown,,,Dry,6,0,Summer
Tuscany Fire,2024-06-17,Riverside,126.0,33.847642,-116.569117,6,0,Summer,Medium,2024-06-17,,,,,0.0,Unknown,,,Dry,6,0,Summer
Stage Fire,2024-06-17,Tulare,81.0,35.942249,-118.946399,6,0,Summer,Medium,2024-06-17,,,,,0.0,Unknown,,,Dry,6,0,Summer
Railroad Fire,2024-06-17,Madera,13.0,37.010829,-120.056215,6,0,Summer,Small,2024-06-17,,,,,0.0,Unknown,,,Dry,6,0,Summer
Slough Fire,2024-06-17,Riverside,33.0,36.996139,-120.383187,6,0,Summer,Small,2024-06-17,,,,,0.0,Unknown,,,Dry,6,0,Summer
Spring Fire,2024-06-18,Tuolumne,51.0,37.843349,-120.50804,6,1,Summer,Medium,2024-06-18,,23.3,17.2,3.7,0.0,Unknown,Medium,High,Dry,6,1,Summer
Sky Fire,2024-06-19,Kern,528.0,35.32752,-119.462711,6,2,Summer,Large,2024-06-19,,23.3,17.2,2.6,0.0,Unknown,Medium,High,Dry,6,2,Summer
Scotts Fire,2024-06-19,Lake,38.0,39.118221,-122.984408,6,2,Summer,Medium,2024-06-19,,23.3,17.2,2.6,0.0,Unknown,Medium,High,Dry,6,2,Summer
Daytona Fire,2024-06-19,Kern,123.0,35.382,-118.878444,6,2,Summer,Medium,2024-06-19,,23.3,17.2,2.6,0.0,Unknown,Medium,High,Dry,6,2,Summer
Vista Fire,2024-06-19,Merced,25.0,36.960029,-120.653749,6,2,Summer,Small,2024-06-19,,23.3,17.2,2.6,0.0,Unknown,Medium,High,Dry,6,2,Summer
Side Fire,2024-06-19,Tulare,137.0,36.016118,-118.828001,6,2,Summer,Medium,2024-06-19,,23.3,17.2,2.6,0.0,Unknown,Medium,High,Dry,6,2,Summer
Kirk Fire,2024-06-20,Solano,20.0,38.220139,-122.234173,6,3,Summer,Small,2024-06-20,,24.4,18.3,2.5,0.0,Unknown,Medium,High,Dry,6,3,Summer
Double Fire,2024-06-20,Yuba,13.0,39.458459,-121.303342,6,3,Summer,Small,2024-06-20,,24.4,18.3,2.5,0.0,Unknown,Medium,High,Dry,6,3,Summer
Pfe Fire,2024-06-20,Placer,15.0,38.728881,-121.392475,6,3,Summer,Small,2024-06-20,,24.4,18.3,2.5,0.0,Unknown,Medium,High,Dry,6,3,Summer
Jolon Fire,2024-06-21,Monterey,10.0,35.87405,-120.835545,6,4,Summer,Small,2024-06-21,,,,,0.0,Unknown,,,Dry,6,4,Summer
Water Fire,2024-06-21,Kern,543.0,35.60366,-119.96709,6,4,Summer,Large,2024-06-21,,,,,0.0,Unknown,,,Dry,6,4,Summer
Gulch Fire,2024-06-21,Madera,11.0,37.313117,-119.791537,6,4,Summer,Small,2024-06-21,,,,,0.0,Unknown,,,Dry,6,4,Summer
Basalt Fire,2024-06-21,Merced,58.0,37.060845,-121.057483,6,4,Summer,Medium,2024-06-21,,,,,0.0,Unknown,,,Dry,6,4,Summer
Willow Fire,2024-06-22,Madera,213.0,37.154953,-119.91267,6,5,Summer,Large,2024-06-22,,,,,0.0,Unknown,,,Dry,6,5,Summer
Border 58 Fire,2024-06-22,San Diego,137.0,32.58748,-116.894511,6,5,Summer,Medium,2024-06-22,,,,,0.0,Unknown,,,Dry,6,5,Summer
Watts Fire,2024-06-22,Fresno,90.0,36.91237,-119.419517,6,5,Summer,Medium,2024-06-22,,,,,0.0,Unknown,,,Dry,6,5,Summer
Needles Fire,2024-06-22,San Bernardino,70.0,34.85092,-114.61131,6,5,Summer,Medium,2024-06-22,,,,,0.0,Unknown,,,Dry,6,5,Summer
Valley Fire,2024-06-22,Tulare,2.0,36.274399,-119.090599,6,5,Summer,Small,2024-06-22,,,,,0.0,Unknown,,,Dry,6,5,Summer
Oak Fire,2024-06-23,Riverside,13.0,33.653953,-116.927015,6,6,Summer,Small,2024-06-23,,34.4,20.0,1.9,0.0,Unknown,High,High,Dry,6,6,Summer
Sheering Fire,2024-06-24,Tuolumne,528.0,38.163167,-119.985167,6,0,Summer,Large,2024-06-24,,32.8,21.1,1.9,0.0,Unknown,High,High,Dry,6,0,Summer
Fresno June Lightning Complex,2024-06-24,Fresno,10616.0,36.78113,-119.345863,6,0,Summer,Large,2024-06-24,,32.8,21.1,1.9,0.0,Unknown,High,High,Dry,6,0,Summer
Apache Fire,2024-06-24,Butte,691.0,39.418598,-121.482631,6,0,Summer,Large,2024-06-24,,32.8,21.1,1.9,0.0,Unknown,High,High,Dry,6,0,Summer
Amoruso Fire,2024-06-24,Placer,502.0,38.82437,-121.3909,6,0,Summer,Large,2024-06-24,,32.8,21.1,1.9,0.0,Unknown,High,High,Dry,6,0,Summer
Bear Fire,2024-06-24,Mariposa,19.0,37.557104,-120.171776,6,0,Summer,Small,2024-06-24,,32.8,21.1,1.9,0.0,Unknown,High,High,Dry,6,0,Summer
1-2 Fire,2024-06-24,San Joaquin,215.0,38.029246,-120.956888,6,0,Summer,Large,2024-06-24,,32.8,21.1,1.9,0.0,Unknown,High,High,Dry,6,0,Summer
White Fire,2024-06-24,Mariposa,52.0,37.42087,-120.00789,6,0,Summer,Medium,2024-06-24,,32.8,21.1,1.9,0.0,Unknown,High,High,Dry,6,0,Summer
Muscat Fire,2024-06-24,Fresno,142.0,36.68179,-119.35579,6,0,Summer,Medium,2024-06-24,,32.8,21.1,1.9,0.0,Unknown,High,High,Dry,6,0,Summer
10th Fire,2024-06-24,Kern,133.0,34.974609,-118.137537,6,0,Summer,Medium,2024-06-24,,32.8,21.1,1.9,0.0,Unknown,High,High,Dry,6,0,Summer
Willms Fire,2024-06-24,Tuolumne,12.0,37.814796,-120.656478,6,0,Summer,Small,2024-06-24,,32.8,21.1,1.9,0.0,Unknown,High,High,Dry,6,0,Summer
Serrano Fire,2024-06-24,Riverside,12.0,33.89433,-117.55522,6,0,Summer,Small,2024-06-24,,32.8,21.1,1.9,0.0,Unknown,High,High,Dry,6,0,Summer
Round Fire,2024-06-25,Kern,93.0,35.48989,-118.93111,6,1,Summer,Medium,2024-06-25,,,,,0.0,Unknown,,,Dry,6,1,Summer
Crabtree Fire,2024-06-25,Stanislaus,54.0,37.732422,-120.596351,6,1,Summer,Medium,2024-06-25,,,,,0.0,Unknown,,,Dry,6,1,Summer
Preston Fire,2024-06-25,Sonoma,11.0,38.845861,-123.019703,6,1,Summer,Small,2024-06-25,,,,,0.0,Unknown,,,Dry,6,1,Summer
Lavender Fire,2024-06-25,Kern,110.0,35.61181,-119.956633,6,1,Summer,Medium,2024-06-25,,,,,0.0,Unknown,,,Dry,6,1,Summer
Anchor Fire,2024-06-25,Fresno,12.0,36.631882,-119.3226,6,1,Summer,Small,2024-06-25,,,,,0.0,Unknown,,,Dry,6,1,Summer
Pass Fire,2024-06-26,Alameda,20.0,37.744764,-121.596245,6,2,Summer,Small,2024-06-26,,,,,0.0,Unknown,,,Dry,6,2,Summer
Basin Fire,2024-06-26,Fresno,14023.0,36.868064,-119.110336,6,2,Summer,Large,2024-06-26,,,,,0.0,Unknown,,,Dry,6,2,Summer
Columbia Fire,2024-06-26,Los Angeles,388.0,34.72313,-118.325308,6,2,Summer,Large,2024-06-26,,,,,0.0,Unknown,,,Dry,6,2,Summer
Clear Fire,2024-06-26,Modoc,890.0,41.884414,-121.239191,6,2,Summer,Large,2024-06-26,,,,,0.0,Unknown,,,Dry,6,2,Summer
Empire,2024-06-26,Contra Costa,250.0,37.933129,-121.777999,6,2,Summer,Large,2024-06-26,,,,,0.0,Unknown,,,Dry,6,2,Summer
Pizona Fire,2024-06-26,Mono,2160.0,38.000167,-118.49,6,2,Summer,Large,2024-06-26,,,,,0.0,Unknown,,,Dry,6,2,Summer
Veterans Fire,2024-06-27,Shasta,85.0,40.477613,-122.544406,6,3,Summer,Medium,2024-06-27,,,,,0.0,Unknown,,,Dry,6,3,Summer
Hollow Fire,2024-06-27,San Joaquin,210.0,37.672148,-121.457333,6,3,Summer,Large,2024-06-27,,,,,0.0,Unknown,,,Dry,6,3,Summer
Bar Fire ,2024-06-27,Butte,36.0,39.5281902,-121.533535,6,3,Summer,Medium,2024-06-27,,,,,0.0,Unknown,,,Dry,6,3,Summer
Spring Fire,2024-06-28,Tehama,100.0,40.402809,-121.994709,6,4,Summer,Medium,2024-06-28,,27.2,17.8,2.4,0.0,Unknown,High,High,Dry,6,4,Summer
Lime Fire,2024-06-28,Calaveras,27.0,38.197384,-120.80076,6,4,Summer,Small,2024-06-28,,27.2,17.8,2.4,0.0,Unknown,High,High,Dry,6,4,Summer
Adobe Fire,2024-06-28,Stanislaus,41.0,37.422757,-121.36663,6,4,Summer,Medium,2024-06-28,,27.2,17.8,2.4,0.0,Unknown,High,High,Dry,6,4,Summer
Cotton Fire,2024-06-28,San Luis Obispo,202.0,35.782724,-120.202099,6,4,Summer,Large,2024-06-28,,27.2,17.8,2.4,0.0,Unknown,High,High,Dry,6,4,Summer
Frazier Fire,2024-06-28,Fresno,11.0,37.06783,-119.50857,6,4,Summer,Small,2024-06-28,,27.2,17.8,2.4,0.0,Unknown,High,High,Dry,6,4,Summer
Lonoak Fire,2024-06-28,Monterey,255.0,36.21923,-121.08223,6,4,Summer,Large,2024-06-28,,27.2,17.8,2.4,0.0,Unknown,High,High,Dry,6,4,Summer
Round Fire,2024-06-29,Riverside,344.0,33.94343,-117.061943,6,5,Summer,Large,2024-06-29,,25.6,17.8,2.1,0.0,Unknown,Medium,High,Dry,6,5,Summer
Mines Fire,2024-06-29,Alameda,5.0,37.520283,-121.5458,6,5,Summer,Small,2024-06-29,,25.6,17.8,2.1,0.0,Unknown,Medium,High,Dry,6,5,Summer
Creek Fire,2024-06-29,El Dorado,16.0,38.895723,-120.930485,6,5,Summer,Small,2024-06-29,,25.6,17.8,2.1,0.0,Unknown,Medium,High,Dry,6,5,Summer
El Paso Fire,2024-06-29,Kern,471.0,35.486517,-117.74823,6,5,Summer,Large,2024-06-29,,25.6,17.8,2.1,0.0,Unknown,Medium,High,Dry,6,5,Summer
Canyon Fire,2024-06-30,Stanislaus,80.0,37.438803,-121.335653,6,6,Summer,Medium,2024-06-30,,26.1,17.2,2.5,0.0,Unknown,Medium,High,Dry,6,6,Summer
Sierra Fire ,2024-06-30,San Bernardino,400.0,34.04119,-117.43441,6,6,Summer,Large,2024-06-30,,26.1,17.2,2.5,0.0,Unknown,Medium,High,Dry,6,6,Summer
Indigo Fire,2024-06-30,Los Angeles,22.0,34.45733,-118.64093,6,6,Summer,Small,2024-06-30,,26.1,17.2,2.5,0.0,Unknown,Medium,High,Dry,6,6,Summer
Brentwood Fire,2024-06-30,San Luis Obispo,30.0,35.279739,-119.95363,6,6,Summer,Small,2024-06-30,,26.1,17.2,2.5,0.0,Unknown,Medium,High,Dry,6,6,Summer
Kitchen Fire,2024-07-01,San Diego,43.0,32.717444,-116.47191,7,0,Summer,Medium,2024-07-01,,27.8,18.3,2.3,0.0,Unknown,High,High,Dry,7,0,Summer
Kern Fire,2024-07-01,Kern,15.0,35.434012,-117.977028,7,0,Summer,Small,2024-07-01,,27.8,18.3,2.3,0.0,Unknown,High,High,Dry,7,0,Summer
Mccain Fire,2024-07-01,San Diego,1595.0,32.660837,-116.231794,7,0,Summer,Large,2024-07-01,,27.8,18.3,2.3,0.0,Unknown,High,High,Dry,7,0,Summer
Sunrise Fire,2024-07-01,Los Angeles,35.0,34.432003,-117.834801,7,0,Summer,Small,2024-07-01,,27.8,18.3,2.3,0.0,Unknown,High,High,Dry,7,0,Summer
High Desert Fire,2024-07-01,Lassen,10.0,40.408993,-120.52602,7,0,Summer,Small,2024-07-01,,27.8,18.3,2.3,0.0,Unknown,High,High,Dry,7,0,Summer
Power Fire,2024-07-02,Kern,200.0,35.470889,-118.750959,7,1,Summer,Large,2024-07-02,,25.6,18.3,2.4,0.0,Unknown,Medium,High,Dry,7,1,Summer
Luken Fire,2024-07-02,Riverside,18.0,33.79682,-117.264072,7,1,Summer,Small,2024-07-02,,25.6,18.3,2.4,0.0,Unknown,Medium,High,Dry,7,1,Summer
Bowman Fire,2024-07-02,Kern,13.0,35.608374,-117.899544,7,1,Summer,Small,2024-07-02,,25.6,18.3,2.4,0.0,Unknown,Medium,High,Dry,7,1,Summer
Moccasin Fire,2024-07-02,El Dorado,51.0,38.63826,-120.774929,7,1,Summer,Medium,2024-07-02,,25.6,18.3,2.4,0.0,Unknown,Medium,High,Dry,7,1,Summer
Border 60 Fire,2024-07-02,San Diego,23.0,32.582559,-116.616755,7,1,Summer,Small,2024-07-02,,25.6,18.3,2.4,0.0,Unknown,Medium,High,Dry,7,1,Summer
Denverton Fire,2024-07-02,Solano,25.0,38.242509,-121.91466,7,1,Summer,Small,2024-07-02,,25.6,18.3,2.4,0.0,Unknown,Medium,High,Dry,7,1,Summer
Yolla Fire,2024-07-02,Shasta,19.0,40.386141,-122.760479,7,1,Summer,Small,2024-07-02,,25.6,18.3,2.4,0.0,Unknown,Medium,High,Dry,7,1,Summer
Thompson Fire,2024-07-02,Butte,3789.0,39.53793,-121.5467,7,1,Summer,Large,2024-07-02,,25.6,18.3,2.4,0.0,Unknown,Medium,High,Dry,7,1,Summer
Toll Fire,2024-07-02,Napa,41.0,38.63744,-122.585297,7,1,Summer,Medium,2024-07-02,,25.6,18.3,2.4,0.0,Unknown,Medium,High,Dry,7,1,Summer
Airline Fire,2024-07-02,San Benito,1295.0,36.65921,-121.22114,7,1,Summer,Large,2024-07-02,,25.6,18.3,2.4,0.0,Unknown,Medium,High,Dry,7,1,Summer
Little Fire,2024-07-03,Fresno,11.0,36.786172,-120.757128,7,2,Summer,Small,2024-07-03,,,,,0.0,Unknown,,,Dry,7,2,Summer
Adrian Fire,2024-07-03,Los Angeles,80.0,34.573279,-118.1935,7,2,Summer,Medium,2024-07-03,,,,,0.0,Unknown,,,Dry,7,2,Summer
Slough Fire,2024-07-03,Sacramento,11.0,38.493205,-121.161253,7,2,Summer,Small,2024-07-03,,,,,0.0,Unknown,,,Dry,7,2,Summer
Grubbs Fire,2024-07-03,Butte,10.0,39.43511,-121.507399,7,2,Summer,Small,2024-07-03,,,,,0.0,Unknown,,,Dry,7,2,Summer
Olinda Fire,2024-07-03,Shasta,98.0,40.439362,-122.415486,7,2,Summer,Medium,2024-07-03,,,,,0.0,Unknown,,,Dry,7,2,Summer
Sharp Fire,2024-07-03,Ventura,133.0,34.294625,-118.742209,7,2,Summer,Medium,2024-07-03,,,,,0.0,Unknown,,,Dry,7,2,Summer
Adams Fire,2024-07-03,Lake,16.0,38.91033,-122.607362,7,2,Summer,Small,2024-07-03,,,,,0.0,Unknown,,,Dry,7,2,Summer
Orchard Fire,2024-07-03,Kern,831.0,35.10995,-118.3970832,7,2,Summer,Large,2024-07-03,,,,,0.0,Unknown,,,Dry,7,2,Summer
Shelly Fire,2024-07-03,Siskiyou,15520.0,41.465297,-123.057551,7,2,Summer,Large,2024-07-03,,,,,0.0,Unknown,,,Dry,7,2,Summer
Berry Fire,2024-07-03,Kern,60.0,35.633333,-118.816667,7,2,Summer,Medium,2024-07-03,,,,,0.0,Unknown,,,Dry,7,2,Summer
Olive Fire,2024-07-03,Kern,1310.0,35.612809,-119.9569496,7,2,Summer,Large,2024-07-03,,,,,0.0,Unknown,,,Dry,7,2,Summer
Watt Fire,2024-07-03,Placer,23.0,38.736113,-121.392532,7,2,Summer,Small,2024-07-03,,,,,0.0,Unknown,,,Dry,7,2,Summer
Sonora Fire ,2024-07-04,San Bernardino,5.0,34.50711,-117.5124,7,3,Summer,Small,2024-07-04,,,,,0.0,Unknown,,,Dry,7,3,Summer
Storey Fire,2024-07-04,Madera,10.0,36.974414,-120.032252,7,3,Summer,Small,2024-07-04,,,,,0.0,Unknown,,,Dry,7,3,Summer
Rd 18.75 / Ave 24 Fire,2024-07-04,Madera,10.0,37.09824,-120.206748,7,3,Summer,Small,2024-07-04,,,,,0.0,Unknown,,,Dry,7,3,Summer
Lumpkin Fire,2024-07-04,Butte,8.0,39.54992,-121.35037,7,3,Summer,Small,2024-07-04,,,,,0.0,Unknown,,,Dry,7,3,Summer
Nason Fire,2024-07-04,Riverside,65.0,33.928252,-117.191529,7,3,Summer,Medium,2024-07-04,,,,,0.0,Unknown,,,Dry,7,3,Summer
Grande Fire,2024-07-04,Stanislaus,323.0,37.46973,-121.23728,7,3,Summer,Large,2024-07-04,,,,,0.0,Unknown,,,Dry,7,3,Summer
Meiss Fire,2024-07-04,Sacramento,18.0,38.483838,-121.074404,7,3,Summer,Small,2024-07-04,,,,,0.0,Unknown,,,Dry,7,3,Summer
Highway Fire ,2024-07-04,Kern,75.0,35.25322,-119.2071,7,3,Summer,Medium,2024-07-04,,,,,0.0,Unknown,,,Dry,7,3,Summer
Deer Fire,2024-07-04,Tehama,32.0,40.2003,-122.30328,7,3,Summer,Small,2024-07-04,,,,,0.0,Unknown,,,Dry,7,3,Summer
Sotelo Fire,2024-07-04,Riverside,17.0,33.72325,-117.23049,7,3,Summer,Small,2024-07-04,,,,,0.0,Unknown,,,Dry,7,3,Summer
French Fire,2024-07-04,Mariposa,908.0,37.50959,-119.9771,7,3,Summer,Large,2024-07-04,,,,,0.0,Unknown,,,Dry,7,3,Summer
Rancho Fire,2024-07-05,Ventura,14.0,34.173631,-118.853661,7,4,Summer,Small,2024-07-05,,,,,0.0,Unknown,,,Dry,7,4,Summer
Plenty Fire,2024-07-05,Los Angeles,77.0,34.4792756,-118.506107,7,4,Summer,Medium,2024-07-05,,,,,0.0,Unknown,,,Dry,7,4,Summer
Lake Fire,2024-07-05,Santa Barbara,38664.0,34.785,-120.044833,7,4,Summer,Large,2024-07-05,,,,,0.0,Unknown,,,Dry,7,4,Summer
Vestal Fire,2024-07-05,Tehama,19.0,40.200879,-122.539089,7,4,Summer,Small,2024-07-05,,,,,0.0,Unknown,,,Dry,7,4,Summer
Hills Fire,2024-07-05,Riverside,71.0,33.757944,-117.113903,7,4,Summer,Medium,2024-07-05,,,,,0.0,Unknown,,,Dry,7,4,Summer
Dersch Fire,2024-07-05,Shasta,57.0,40.494374,-122.04948,7,4,Summer,Medium,2024-07-05,,,,,0.0,Unknown,,,Dry,7,4,Summer
Paloma Fire,2024-07-05,Merced,14.0,37.396908,-120.460411,7,4,Summer,Small,2024-07-05,,,,,0.0,Unknown,,,Dry,7,4,Summer
York Fire,2024-07-05,Kings,60.0,35.82553,-120.05765,7,4,Summer,Medium,2024-07-05,,,,,0.0,Unknown,,,Dry,7,4,Summer
Pocket Fire,2024-07-06,Sonoma,11.0,38.742834,-122.907373,7,5,Summer,Small,2024-07-06,,,,,0.0,Unknown,,,Dry,7,5,Summer
Pay Fire,2024-07-06,El Dorado,77.0,38.7231,-120.7549,7,5,Summer,Medium,2024-07-06,,,,,0.0,Unknown,,,Dry,7,5,Summer
Cahuilla Fire,2024-07-06,San Bernardino,75.0,34.5444065,-117.131163,7,5,Summer,Medium,2024-07-06,,,,,0.0,Unknown,,,Dry,7,5,Summer
Lucern Fire,2024-07-06,San Bernardino,419.0,34.45196,-117.03341,7,5,Summer,Large,2024-07-06,,,,,0.0,Unknown,,,Dry,7,5,Summer
Top Fire,2024-07-06,Riverside,49.0,33.964275,-117.3048,7,5,Summer,Medium,2024-07-06,,,,,0.0,Unknown,,,Dry,7,5,Summer
Granite Fire,2024-07-06,Mariposa,55.0,37.7133123,-120.325444,7,5,Summer,Medium,2024-07-06,,,,,0.0,Unknown,,,Dry,7,5,Summer
View Fire,2024-07-06,Ventura,14.0,34.19518,-118.90918,7,5,Summer,Small,2024-07-06,,,,,0.0,Unknown,,,Dry,7,5,Summer
Blue Water Fire,2024-07-06,San Bernardino,150.0,34.169517,-114.276308,7,5,Summer,Medium,2024-07-06,,,,,0.0,Unknown,,,Dry,7,5,Summer
Hilldale Fire,2024-07-07,Merced,10.0,37.081199,-120.998125,7,6,Summer,Small,2024-07-07,,,,,0.0,Unknown,,,Dry,7,6,Summer
Royal Fire,2024-07-07,Placer,215.0,39.2393,-120.4168,7,6,Summer,Large,2024-07-07,,,,,0.0,Unknown,,,Dry,7,6,Summer
Post Fire,2024-07-07,Riverside,11.0,33.788907,-117.293584,7,6,Summer,Small,2024-07-07,,,,,0.0,Unknown,,,Dry,7,6,Summer
North Fire,2024-07-07,Modoc,4685.0,41.256864,-120.503588,7,6,Summer,Large,2024-07-07,,,,,0.0,Unknown,,,Dry,7,6,Summer
Vista Fire,2024-07-07,San Bernardino,2936.0,34.292101,-117.606101,7,6,Summer,Large,2024-07-07,,,,,0.0,Unknown,,,Dry,7,6,Summer
Tesla Fire,2024-07-08,Alameda,27.0,37.66504,-121.696665,7,0,Summer,Small,2024-07-08,,,,,0.0,Unknown,,,Dry,7,0,Summer
Sand Fire,2024-07-08,Tulare,31.0,36.640352,-119.242623,7,0,Summer,Small,2024-07-08,,,,,0.0,Unknown,,,Dry,7,0,Summer
Mina Fire,2024-07-08,Mendocino,98.0,39.970543,-123.38746,7,0,Summer,Medium,2024-07-08,,,,,0.0,Unknown,,,Dry,7,0,Summer
Bogus Fire,2024-07-08,Siskiyou,411.0,41.884429,-122.392257,7,0,Summer,Large,2024-07-08,,,,,0.0,Unknown,,,Dry,7,0,Summer
Franklin Fire,2024-07-08,San Luis Obispo,53.0,35.591462,-120.645939,7,0,Summer,Medium,2024-07-08,,,,,0.0,Unknown,,,Dry,7,0,Summer
Caliente Fire,2024-07-08,Kern,60.0,35.273067,-118.651434,7,0,Summer,Medium,2024-07-08,,,,,0.0,Unknown,,,Dry,7,0,Summer
Panoche Fire,2024-07-09,San Benito,93.0,36.6067,-120.8765,7,1,Summer,Medium,2024-07-09,,,,,0.0,Unknown,,,Dry,7,1,Summer
Breckenridge Fire,2024-07-09,Kern,277.0,34.400099,-118.783698,7,1,Summer,Large,2024-07-09,,,,,0.0,Unknown,,,Dry,7,1,Summer
Teresa Fire,2024-07-09,Santa Clara,20.0,37.201128,-121.736403,7,1,Summer,Small,2024-07-09,,,,,0.0,Unknown,,,Dry,7,1,Summer
Cow 2 Fire,2024-07-09,Tulare,509.0,36.026333,-118.801528,7,1,Summer,Large,2024-07-09,,,,,0.0,Unknown,,,Dry,7,1,Summer
Todd Fire,2024-07-09,Los Angeles,35.0,34.7192091,-118.023431,7,1,Summer,Small,2024-07-09,,,,,0.0,Unknown,,,Dry,7,1,Summer
Woodland Fire,2024-07-10,Los Angeles,20.0,34.60698,-118.3211,7,2,Summer,Small,2024-07-10,,29.4,18.3,1.6,0.0,Unknown,High,High,Dry,7,2,Summer
Poppy Fire,2024-07-10,Los Angeles,87.0,34.43725,-118.3404,7,2,Summer,Medium,2024-07-10,,29.4,18.3,1.6,0.0,Unknown,High,High,Dry,7,2,Summer
Point Fire,2024-07-10,Humboldt,85.0,40.11416,-123.7729,7,2,Summer,Medium,2024-07-10,,29.4,18.3,1.6,0.0,Unknown,High,High,Dry,7,2,Summer
Ranch Fire,2024-07-10,Lassen,21.0,39.803617,-120.03505,7,2,Summer,Small,2024-07-10,,29.4,18.3,1.6,0.0,Unknown,High,High,Dry,7,2,Summer
Railbridge Fire,2024-07-11,Butte,130.0,39.40436,-121.49395,7,3,Summer,Medium,2024-07-11,,,,,0.0,Unknown,,,Dry,7,3,Summer
Carrizo 5 Fire,2024-07-11,San Diego,10.0,32.636552,-116.165773,7,3,Summer,Small,2024-07-11,,,,,0.0,Unknown,,,Dry,7,3,Summer
Pilot Fire,2024-07-12,Kern,50.0,35.2928626,-119.242617,7,4,Summer,Medium,2024-07-12,,26.7,18.3,1.5,0.0,Unknown,High,High,Dry,7,4,Summer
Indiana Fire,2024-07-12,Merced,20.0,37.112938,-120.595644,7,4,Summer,Small,2024-07-12,,26.7,18.3,1.5,0.0,Unknown,High,High,Dry,7,4,Summer
Ranch Fire,2024-07-12,Monterey,29.0,35.9001968,-120.433304,7,4,Summer,Small,2024-07-12,,26.7,18.3,1.5,0.0,Unknown,High,High,Dry,7,4,Summer
Athens Fire,2024-07-12,Placer,260.0,38.8364594,-121.332377,7,4,Summer,Large,2024-07-12,,26.7,18.3,1.5,0.0,Unknown,High,High,Dry,7,4,Summer
Bluff Fire,2024-07-12,Riverside,50.0,33.95319,-116.87638,7,4,Summer,Medium,2024-07-12,,26.7,18.3,1.5,0.0,Unknown,High,High,Dry,7,4,Summer
Pauba Fire,2024-07-12,Riverside,101.0,33.485557,-117.02173,7,4,Summer,Medium,2024-07-12,,26.7,18.3,1.5,0.0,Unknown,High,High,Dry,7,4,Summer
Horse Fire (Previously 3-7),2024-07-13,Lassen,42.0,40.9067636,-121.179979,7,5,Summer,Medium,2024-07-13,,,,,0.0,Unknown,,,Dry,7,5,Summer
Quality Fire,2024-07-13,Inyo,51.0,36.576457,-118.057587,7,5,Summer,Medium,2024-07-13,,,,,0.0,Unknown,,,Dry,7,5,Summer
Rim Fire,2024-07-13,Lassen,1262.0,40.90368,-121.160755,7,5,Summer,Large,2024-07-13,,,,,0.0,Unknown,,,Dry,7,5,Summer
Packsaddle Fire,2024-07-13,Tulare,47.0,35.9273945,-118.429923,7,5,Summer,Medium,2024-07-13,,,,,0.0,Unknown,,,Dry,7,5,Summer
Hurricane Fire,2024-07-13,"Kern, San Luis Obispo",12703.0,35.199333,-119.695667,7,5,Summer,Large,2024-07-13,,,,,0.0,Unknown,,,Dry,7,5,Summer
Minor Fire,2024-07-13,Los Angeles,50.0,34.67478,-118.253976,7,5,Summer,Medium,2024-07-13,,,,,0.0,Unknown,,,Dry,7,5,Summer
2024 SQF Lightning Complex,2024-07-13,"Kern, Tulare",33026.0,35.986772,-118.311422,7,5,Summer,Large,2024-07-13,,,,,0.0,Unknown,,,Dry,7,5,Summer
White Fire,2024-07-13,Kern,5563.0,34.963024,-118.533425,7,5,Summer,Large,2024-07-13,,,,,0.0,Unknown,,,Dry,7,5,Summer
Soda Fire,2024-07-13,San Luis Obispo,161.0,35.009077,-119.531779,7,5,Summer,Large,2024-07-13,,,,,0.0,Unknown,,,Dry,7,5,Summer
Rancho Fire,2024-07-13,Kern,9950.0,35.10343,-118.746636,7,5,Summer,Large,2024-07-13,,,,,0.0,Unknown,,,Dry,7,5,Summer
Sentinel Fire,2024-07-14,Fresno,258.0,36.759833,-118.663333,7,6,Summer,Large,2024-07-14,,,,,0.0,Unknown,,,Dry,7,6,Summer
Holloway Fire,2024-07-14,Kern,10.0,35.6453,-119.76107,7,6,Summer,Small,2024-07-14,,,,,0.0,Unknown,,,Dry,7,6,Summer
Pickett Fire,2024-07-14,Trinity,22.0,40.3464,-123.362,7,6,Summer,Small,2024-07-14,,,,,0.0,Unknown,,,Dry,7,6,Summer
Lost Hills Fire,2024-07-14,Kern,4032.0,35.636093,-119.669093,7,6,Summer,Large,2024-07-14,,,,,0.0,Unknown,,,Dry,7,6,Summer
Laura Fire,2024-07-14,Kern,77.0,35.56702,-118.40739,7,6,Summer,Medium,2024-07-14,,,,,0.0,Unknown,,,Dry,7,6,Summer
Solar Fire,2024-07-14,Monterey,11.0,35.856649,-120.278024,7,6,Summer,Small,2024-07-14,,,,,0.0,Unknown,,,Dry,7,6,Summer
Mcnab Fire,2024-07-14,Mendocino,10.0,39.041985,-123.15297,7,6,Summer,Small,2024-07-14,,,,,0.0,Unknown,,,Dry,7,6,Summer
Dewey Fire,2024-07-14,Siskiyou,109.0,41.765149,-122.353169,7,6,Summer,Medium,2024-07-14,,,,,0.0,Unknown,,,Dry,7,6,Summer
Five Fire,2024-07-14,Kern,360.0,35.3858693,-119.367525,7,6,Summer,Large,2024-07-14,,,,,0.0,Unknown,,,Dry,7,6,Summer
Paradise Fire,2024-07-15,Siskiyou,101.0,41.787938,-122.516407,7,0,Summer,Medium,2024-07-15,,,,,0.0,Unknown,,,Dry,7,0,Summer
5 Fire,2024-07-15,Kern,348.0,35.784624,-119.779871,7,0,Summer,Large,2024-07-15,,,,,0.0,Unknown,,,Dry,7,0,Summer
Point Fire,2024-07-15,Modoc,298.0,41.7975,-121.369,7,0,Summer,Large,2024-07-15,,,,,0.0,Unknown,,,Dry,7,0,Summer
San Joaquin Fire,2024-07-15,Lake,8.0,38.979194,-122.684661,7,0,Summer,Small,2024-07-15,,,,,0.0,Unknown,,,Dry,7,0,Summer
Hill Fire,2024-07-15,"Humboldt, Trinity",7224.0,40.7721611,-123.63975,7,0,Summer,Large,2024-07-15,,,,,0.0,Unknown,,,Dry,7,0,Summer
Five 2 Fire,2024-07-15,Kern,347.0,35.5879546,-119.624655,7,0,Summer,Large,2024-07-15,,,,,0.0,Unknown,,,Dry,7,0,Summer
Happy Fire,2024-07-16,Fresno,12543.0,36.850037,-118.738174,7,1,Summer,Large,2024-07-16,,,,,0.0,Unknown,,,Dry,7,1,Summer
Willow Fire,2024-07-16,Kern,175.0,34.92221,-118.257558,7,1,Summer,Large,2024-07-16,,,,,0.0,Unknown,,,Dry,7,1,Summer
Donomore Fire,2024-07-16,Siskiyou,35.0,42.0083,-122.90457,7,1,Summer,Small,2024-07-16,,,,,0.0,Unknown,,,Dry,7,1,Summer
Plantation Fire,2024-07-17,Modoc,31.0,41.842269,-120.341894,7,2,Summer,Small,2024-07-17,,,,,0.0,Unknown,,,Dry,7,2,Summer
Sloane Fire,2024-07-17,San Diego,14.0,32.773489,-116.803223,7,2,Summer,Small,2024-07-17,,,,,0.0,Unknown,,,Dry,7,2,Summer
Tire Fire,2024-07-18,Fresno,16.0,36.29538,-120.267799,7,3,Summer,Small,2024-07-18,,25.0,20.0,3.5,0.0,Unknown,Medium,High,Dry,7,3,Summer
Dorado Fire,2024-07-18,Fresno,43.0,36.29802,-120.211458,7,3,Summer,Medium,2024-07-18,,25.0,20.0,3.5,0.0,Unknown,Medium,High,Dry,7,3,Summer
Ducor 2 Fire,2024-07-18,Tulare,142.0,35.96289,-119.0507,7,3,Summer,Medium,2024-07-18,,25.0,20.0,3.5,0.0,Unknown,Medium,High,Dry,7,3,Summer
Lookout Fire,2024-07-19,Madera,11.0,37.3137,-119.6859,7,4,Summer,Small,2024-07-19,,26.1,19.4,2.5,0.0,Unknown,Medium,High,Dry,7,4,Summer
Lehi Fire,2024-07-19,Placer,9.0,38.8807773,-121.156605,7,4,Summer,Small,2024-07-19,,26.1,19.4,2.5,0.0,Unknown,Medium,High,Dry,7,4,Summer
La Tuna Fire,2024-07-19,Los Angeles,43.0,34.23514,-118.30239,7,4,Summer,Medium,2024-07-19,,26.1,19.4,2.5,0.0,Unknown,Medium,High,Dry,7,4,Summer
Fork Fire,2024-07-19,Los Angeles,301.0,34.239686,-117.76113,7,4,Summer,Large,2024-07-19,,26.1,19.4,2.5,0.0,Unknown,Medium,High,Dry,7,4,Summer
Abbey Fire,2024-07-19,San Bernardino,10.0,34.083439,-117.139626,7,4,Summer,Small,2024-07-19,,26.1,19.4,2.5,0.0,Unknown,Medium,High,Dry,7,4,Summer
Deer Fire,2024-07-19,Los Angeles,272.0,34.5938959,-118.063529,7,4,Summer,Large,2024-07-19,,26.1,19.4,2.5,0.0,Unknown,Medium,High,Dry,7,4,Summer
Liberty Fire,2024-07-19,San Joaquin,104.0,38.2391935,-121.0869519,7,4,Summer,Medium,2024-07-19,,26.1,19.4,2.5,0.0,Unknown,Medium,High,Dry,7,4,Summer
Panoche Fire,2024-07-19,San Benito,37.0,36.606754,-120.876583,7,4,Summer,Medium,2024-07-19,,26.1,19.4,2.5,0.0,Unknown,Medium,High,Dry,7,4,Summer
Ridge Fire,2024-07-20,"Colusa, Lake",2756.0,39.0329124,-122.457217,7,5,Summer,Large,2024-07-20,,,,,0.0,Unknown,,,Dry,7,5,Summer
Tin Fire,2024-07-20,Riverside,125.0,33.847742,-117.461546,7,5,Summer,Medium,2024-07-20,,,,,0.0,Unknown,,,Dry,7,5,Summer
Rios Fire,2024-07-20,Mendocino,6.0,39.635533,-123.344954,7,5,Summer,Small,2024-07-20,,,,,0.0,Unknown,,,Dry,7,5,Summer
Coyote Fire,2024-07-20,Calaveras,203.0,38.031044,-120.852597,7,5,Summer,Large,2024-07-20,,,,,0.0,Unknown,,,Dry,7,5,Summer
Peach Fire,2024-07-20,Monterey,80.0,36.1933173,-120.777302,7,5,Summer,Medium,2024-07-20,,,,,0.0,Unknown,,,Dry,7,5,Summer
Eagle Fire,2024-07-21,Riverside,1609.0,33.824352,-117.502905,7,6,Summer,Large,2024-07-21,,,,,0.0,Unknown,,,Dry,7,6,Summer
Hawarden Fire,2024-07-21,Riverside,588.0,33.9278521,-117.3727011,7,6,Summer,Large,2024-07-21,,,,,0.0,Unknown,,,Dry,7,6,Summer
Canyon Fire,2024-07-21,Stanislaus,15.0,37.47012,-121.24303,7,6,Summer,Small,2024-07-21,,,,,0.0,Unknown,,,Dry,7,6,Summer
Wasioja Fire,2024-07-21,Santa Barbara,70.0,34.9842984,-119.782853,7,6,Summer,Medium,2024-07-21,,,,,0.0,Unknown,,,Dry,7,6,Summer
Columbia Fire,2024-07-22,Riverside,58.0,33.999524,-117.32122,7,0,Summer,Medium,2024-07-22,,31.1,19.4,1.7,0.0,Unknown,High,High,Dry,7,0,Summer
Pencil Fire,2024-07-22,Modoc,396.0,41.80078,-120.519727,7,0,Summer,Large,2024-07-22,,31.1,19.4,1.7,0.0,Unknown,High,High,Dry,7,0,Summer
Gold Complex,2024-07-22,Plumas,3007.0,39.726014,-120.535158,7,0,Summer,Large,2024-07-22,,31.1,19.4,1.7,0.0,Unknown,High,High,Dry,7,0,Summer
Tar Fire,2024-07-22,Kings,32.0,35.960403,-120.154889,7,0,Summer,Small,2024-07-22,,31.1,19.4,1.7,0.0,Unknown,High,High,Dry,7,0,Summer
Juniper Fire,2024-07-22,Riverside,15.0,33.757839,-117.112942,7,0,Summer,Small,2024-07-22,,31.1,19.4,1.7,0.0,Unknown,High,High,Dry,7,0,Summer
Acres Fire,2024-07-23,Madera,10.0,37.081853,-120.074549,7,1,Summer,Small,2024-07-23,,,,,0.0,Unknown,,,Dry,7,1,Summer
Beaver Fire,2024-07-23,San Benito,19.0,36.362544,-120.802733,7,1,Summer,Small,2024-07-23,,,,,0.0,Unknown,,,Dry,7,1,Summer
R-6 Fire,2024-07-23,Lassen,26.0,40.914833,-120.0485,7,1,Summer,Small,2024-07-23,,,,,0.0,Unknown,,,Dry,7,1,Summer
Cow Camp Fire,2024-07-23,Mono,292.0,38.300167,-119.074167,7,1,Summer,Large,2024-07-23,,,,,0.0,Unknown,,,Dry,7,1,Summer
Maria Fire,2024-07-23,Calaveras,71.0,38.2856696,-120.656662,7,1,Summer,Medium,2024-07-23,,,,,0.0,Unknown,,,Dry,7,1,Summer
Oakdale Fire,2024-07-23,Merced,96.0,37.430142,-120.541611,7,1,Summer,Medium,2024-07-23,,,,,0.0,Unknown,,,Dry,7,1,Summer
Border 63 Fire,2024-07-23,San Diego,12.0,32.59738,-116.568589,7,1,Summer,Small,2024-07-23,,,,,0.0,Unknown,,,Dry,7,1,Summer
Circle Fire,2024-07-23,Madera,49.0,37.152487,-119.65963,7,1,Summer,Medium,2024-07-23,,,,,0.0,Unknown,,,Dry,7,1,Summer
Metz Fire,2024-07-23,Monterey,1100.0,36.3404047,-121.199629,7,1,Summer,Large,2024-07-23,,,,,0.0,Unknown,,,Dry,7,1,Summer
Harry Fire,2024-07-23,Siskiyou,10.0,41.673939,-122.369802,7,1,Summer,Small,2024-07-23,,,,,0.0,Unknown,,,Dry,7,1,Summer
Pentz Fire,2024-07-24,Butte,40.0,39.638817,-121.680996,7,2,Summer,Medium,2024-07-24,,,,,0.0,Unknown,,,Dry,7,2,Summer
Bullion Fire,2024-07-24,Mariposa,50.0,37.51019,-120.046081,7,2,Summer,Medium,2024-07-24,,,,,0.0,Unknown,,,Dry,7,2,Summer
Grove 2 Fire,2024-07-24,San Diego,863.0,33.409448,-116.741601,7,2,Summer,Large,2024-07-24,,,,,0.0,Unknown,,,Dry,7,2,Summer
Scales Fire,2024-07-24,Tehama,59.0,40.356228,-122.283667,7,2,Summer,Medium,2024-07-24,,,,,0.0,Unknown,,,Dry,7,2,Summer
Park Fire,2024-07-24,"Butte, Tehama",429603.0,39.7789,-121.76168,7,2,Summer,Large,2024-07-24,,,,,0.0,Unknown,,,Dry,7,2,Summer
Horse Fire,2024-07-24,Modoc,13.0,41.742143,-121.304529,7,2,Summer,Small,2024-07-24,,,,,0.0,Unknown,,,Dry,7,2,Summer
Borel Fire,2024-07-24,Kern,59288.0,35.515,-118.6836,7,2,Summer,Large,2024-07-24,,,,,0.0,Unknown,,,Dry,7,2,Summer
Flora Fire,2024-07-24,Sonoma,36.0,38.590922,-122.768983,7,2,Summer,Medium,2024-07-24,,,,,0.0,Unknown,,,Dry,7,2,Summer
Hatchett Fire,2024-07-25,Tulare,19.0,35.99271,-118.934596,7,3,Summer,Small,2024-07-25,,30.0,19.4,2.3,0.0,Unknown,High,High,Dry,7,3,Summer
Acorn Fire,2024-07-25,Lake,151.0,39.140133,-122.87667,7,3,Summer,Medium,2024-07-25,,30.0,19.4,2.3,0.0,Unknown,High,High,Dry,7,3,Summer
Lawton Fire,2024-07-25,San Bernardino,17.0,34.042687,-117.26745,7,3,Summer,Small,2024-07-25,,30.0,19.4,2.3,0.0,Unknown,High,High,Dry,7,3,Summer
Macy Fire,2024-07-25,Riverside,145.0,33.656742,-117.383235,7,3,Summer,Medium,2024-07-25,,30.0,19.4,2.3,0.0,Unknown,High,High,Dry,7,3,Summer
Flynn Fire,2024-07-25,Alameda,429.0,37.724532,-121.69605,7,3,Summer,Large,2024-07-25,,30.0,19.4,2.3,0.0,Unknown,High,High,Dry,7,3,Summer
Simpson Fire,2024-07-25,Fresno,47.0,36.98268,-118.61484,7,3,Summer,Medium,2024-07-25,,30.0,19.4,2.3,0.0,Unknown,High,High,Dry,7,3,Summer
Dockery Fire,2024-07-26,Fresno,20.0,36.573716,-119.601794,7,4,Summer,Small,2024-07-26,,,,,0.0,Unknown,,,Dry,7,4,Summer
Creek Fire,2024-07-26,Alameda,744.0,37.515462,-121.830534,7,4,Summer,Large,2024-07-26,,,,,0.0,Unknown,,,Dry,7,4,Summer
Point Fire,2024-07-26,Contra Costa,471.0,38.02175,-121.99056,7,4,Summer,Large,2024-07-26,,,,,0.0,Unknown,,,Dry,7,4,Summer
Lammers Fire,2024-07-26,San Joaquin,20.0,37.7146,-121.4764,7,4,Summer,Small,2024-07-26,,,,,0.0,Unknown,,,Dry,7,4,Summer
Victoria Fire,2024-07-26,Los Angeles,10.0,34.50523,-118.245656,7,4,Summer,Small,2024-07-26,,,,,0.0,Unknown,,,Dry,7,4,Summer
Riley Fire,2024-07-27,Mendocino,12.0,39.418982,-123.590238,7,5,Summer,Small,2024-07-27,,25.6,18.9,2.7,0.0,Unknown,Medium,High,Dry,7,5,Summer
Cosgrove Fire,2024-07-27,Calaveras,12.0,38.222987,-120.802822,7,5,Summer,Small,2024-07-27,,25.6,18.9,2.7,0.0,Unknown,Medium,High,Dry,7,5,Summer
Museum Fire,2024-07-27,Riverside,21.0,33.856642,-117.204108,7,5,Summer,Small,2024-07-27,,25.6,18.9,2.7,0.0,Unknown,Medium,High,Dry,7,5,Summer
Walnut Fire,2024-07-27,Riverside,68.0,33.826534,-117.257982,7,5,Summer,Medium,2024-07-27,,25.6,18.9,2.7,0.0,Unknown,Medium,High,Dry,7,5,Summer
Walker Fire,2024-07-28,Riverside,65.0,33.731572,-117.393766,7,6,Summer,Medium,2024-07-28,,28.3,17.2,1.4,0.0,Unknown,High,High,Dry,7,6,Summer
Border 65 Fire,2024-07-28,San Diego,61.0,32.576716,-116.699961,7,6,Summer,Medium,2024-07-28,,28.3,17.2,1.4,0.0,Unknown,High,High,Dry,7,6,Summer
Sunset Fire,2024-07-28,Humboldt,13.0,40.368506,-124.362017,7,6,Summer,Small,2024-07-28,,28.3,17.2,1.4,0.0,Unknown,High,High,Dry,7,6,Summer
Nixon Fire,2024-07-29,Riverside,5192.0,33.4773,-116.7805,7,0,Summer,Large,2024-07-29,,26.7,17.2,2.3,0.0,Unknown,High,High,Dry,7,0,Summer
Cougar Fire,2024-07-29,Tehama,9.0,40.002008,-122.404759,7,0,Summer,Small,2024-07-29,,26.7,17.2,2.3,0.0,Unknown,High,High,Dry,7,0,Summer
Carmen Fire,2024-07-29,Riverside,11.0,33.910649,-116.782856,7,0,Summer,Small,2024-07-29,,26.7,17.2,2.3,0.0,Unknown,High,High,Dry,7,0,Summer
Italian Fire,2024-07-29,Fresno,46.0,37.1336,-119.394,7,0,Summer,Medium,2024-07-29,,26.7,17.2,2.3,0.0,Unknown,High,High,Dry,7,0,Summer
Eagle Fire,2024-07-30,San Luis Obispo,11.0,35.7205881,-120.561774,7,1,Summer,Small,2024-07-30,,,,,0.0,Unknown,,,Dry,7,1,Summer
Border 66 Fire,2024-07-30,San Diego,300.0,32.5736,-116.6961,7,1,Summer,Large,2024-07-30,,,,,0.0,Unknown,,,Dry,7,1,Summer
Pole Fire,2024-07-30,San Bernardino,300.0,34.413261,-117.172494,7,1,Summer,Large,2024-07-30,,,,,0.0,Unknown,,,Dry,7,1,Summer
Pedro Fire,2024-07-30,"Mariposa, Tuolumne",3815.0,37.689773,-120.31848,7,1,Summer,Large,2024-07-30,,,,,0.0,Unknown,,,Dry,7,1,Summer
Dino Fire,2024-07-31,Merced,15.0,37.068124,-121.213195,7,2,Summer,Small,2024-07-31,,,,,0.0,Unknown,,,Dry,7,2,Summer
Alamos Fire,2024-08-02,Riverside,72.0,33.582198,-117.166941,8,4,Summer,Medium,2024-08-02,,33.9,19.4,1.3,0.0,Unknown,High,High,Dry,8,4,Summer
Tahoe Fire,2024-08-03,Merced,22.0,37.353634,-120.507495,8,5,Summer,Small,2024-08-03,,,,,0.0,Unknown,,,Dry,8,5,Summer
Burbank Fire ,2024-08-03,Los Angeles,75.0,34.172602,-118.475521,8,5,Summer,Medium,2024-08-03,,,,,0.0,Unknown,,,Dry,8,5,Summer
Echo Fire,2024-08-03,Mariposa,12.0,37.756167,-119.416517,8,5,Summer,Small,2024-08-03,,,,,0.0,Unknown,,,Dry,8,5,Summer
Coffee Pot Fire,2024-08-03,Tulare,14104.0,36.38857,-118.768,8,5,Summer,Large,2024-08-03,,,,,0.0,Unknown,,,Dry,8,5,Summer
Franklin Fire,2024-08-04,Riverside,12.0,33.671261,-117.318087,8,6,Summer,Small,2024-08-04,,29.4,18.9,2.4,0.0,Unknown,High,High,Dry,8,6,Summer
Bella Fire,2024-08-04,Kern,500.0,35.633966,-117.970987,8,6,Summer,Large,2024-08-04,,29.4,18.9,2.4,0.0,Unknown,High,High,Dry,8,6,Summer
Middle Fire,2024-08-04,Tuolumne,310.0,37.862367,-119.704567,8,6,Summer,Large,2024-08-04,,29.4,18.9,2.4,0.0,Unknown,High,High,Dry,8,6,Summer
Morrison Fire,2024-08-04,Tuolumne,30.0,37.9043,-119.615283,8,6,Summer,Small,2024-08-04,,29.4,18.9,2.4,0.0,Unknown,High,High,Dry,8,6,Summer
Gover Fire,2024-08-05,Shasta,12.0,40.393586,-122.176593,8,0,Summer,Small,2024-08-05,,30.6,20.0,2.2,0.0,Unknown,High,High,Dry,8,0,Summer
Kimtu Fire,2024-08-05,Humboldt,14.0,40.08453,-123.807764,8,0,Summer,Small,2024-08-05,,30.6,20.0,2.2,0.0,Unknown,High,High,Dry,8,0,Summer
Edgehill Fire,2024-08-05,San Bernardino,54.0,34.1516679,-117.3043742,8,0,Summer,Medium,2024-08-05,,30.6,20.0,2.2,0.0,Unknown,High,High,Dry,8,0,Summer
Crozier Fire,2024-08-06,El Dorado,1938.0,38.82889,-120.6975,8,1,Summer,Large,2024-08-06,,26.7,19.4,3.1,0.0,Unknown,High,High,Dry,8,1,Summer
Purple Fire,2024-08-07,Butte,10.0,39.46018,-121.35725,8,2,Summer,Small,2024-08-07,,27.2,20.0,3.6,0.0,Unknown,High,High,Dry,8,2,Summer
Silver Fire,2024-08-07,El Dorado,41.0,38.7027118,-121.020844,8,2,Summer,Medium,2024-08-07,,27.2,20.0,3.6,0.0,Unknown,High,High,Dry,8,2,Summer
Town Fire,2024-08-07,Calaveras,10.0,38.217239,-120.833961,8,2,Summer,Small,2024-08-07,,27.2,20.0,3.6,0.0,Unknown,High,High,Dry,8,2,Summer
Valley Fire,2024-08-08,Madera,55.0,36.954837,-120.291882,8,3,Summer,Medium,2024-08-08,,26.1,20.0,3.0,0.0,Unknown,Medium,High,Dry,8,3,Summer
Canyon Fire,2024-08-08,Tuolumne,80.0,37.978113,-120.21464,8,3,Summer,Medium,2024-08-08,,26.1,20.0,3.0,0.0,Unknown,Medium,High,Dry,8,3,Summer
Boise Fire,2024-08-09,Humboldt,12929.0,41.2522,-123.5113,8,4,Summer,Large,2024-08-09,,,,,0.0,Unknown,,,Dry,8,4,Summer
Blue Fire,2024-08-09,Solano,60.0,38.3073,-122.0501,8,4,Summer,Medium,2024-08-09,,,,,0.0,Unknown,,,Dry,8,4,Summer
Cal Fire,2024-08-09,Kern,60.0,35.0307313,-118.364146,8,4,Summer,Medium,2024-08-09,,,,,0.0,Unknown,,,Dry,8,4,Summer
Mission Fire,2024-08-10,Riverside,11.0,33.640118,-117.292525,8,5,Summer,Small,2024-08-10,,,,,0.0,Unknown,,,Dry,8,5,Summer
Summit Fire,2024-08-10,Calaveras,21.0,38.324942,-120.427903,8,5,Summer,Small,2024-08-10,,,,,0.0,Unknown,,,Dry,8,5,Summer
Lower Fire,2024-08-10,Shasta,110.0,40.581893,-122.449341,8,5,Summer,Medium,2024-08-10,,,,,0.0,Unknown,,,Dry,8,5,Summer
Mack Fire,2024-08-10,Riverside,63.0,33.822694,-117.282555,8,5,Summer,Medium,2024-08-10,,,,,0.0,Unknown,,,Dry,8,5,Summer
Blue Fire,2024-08-10,Kern,427.0,35.33324,-118.419612,8,5,Summer,Large,2024-08-10,,,,,0.0,Unknown,,,Dry,8,5,Summer
Meiss Fire,2024-08-11,Sacramento,108.0,38.427179,-121.054386,8,6,Summer,Medium,2024-08-11,,29.4,21.1,2.5,0.0,Unknown,High,High,Dry,8,6,Summer
Anita Fire,2024-08-12,San Diego,20.0,32.717599,-116.927749,8,0,Summer,Small,2024-08-12,,31.1,20.6,1.7,0.0,Unknown,High,High,Dry,8,0,Summer
Reservoir Fire,2024-08-12,Lake,68.0,39.07015,-122.509941,8,0,Summer,Medium,2024-08-12,,31.1,20.6,1.7,0.0,Unknown,High,High,Dry,8,0,Summer
Oso Fire,2024-08-12,Stanislaus,11.0,37.471329,-121.23737,8,0,Summer,Small,2024-08-12,,31.1,20.6,1.7,0.0,Unknown,High,High,Dry,8,0,Summer
Turbine Fire,2024-08-12,Kern,329.0,35.0200352,-118.3419912,8,0,Summer,Large,2024-08-12,,31.1,20.6,1.7,0.0,Unknown,High,High,Dry,8,0,Summer
Papa Fire,2024-08-13,San Diego,60.0,33.3073021,-117.368598,8,1,Summer,Medium,2024-08-13,,31.1,19.4,1.8,0.0,Unknown,High,High,Dry,8,1,Summer
Kahlon Fire,2024-08-13,Merced,17.0,37.181034,-120.32559,8,1,Summer,Small,2024-08-13,,31.1,19.4,1.8,0.0,Unknown,High,High,Dry,8,1,Summer
Queenstone Fire,2024-08-13,Marin,18.0,38.043415,-122.562044,8,1,Summer,Small,2024-08-13,,31.1,19.4,1.8,0.0,Unknown,High,High,Dry,8,1,Summer
Moon Fire,2024-08-13,Los Angeles,15.0,34.284624,-117.8406047,8,1,Summer,Small,2024-08-13,,31.1,19.4,1.8,0.0,Unknown,High,High,Dry,8,1,Summer
Bruns Fire,2024-08-14,Contra Costa,25.0,37.809344,-121.604861,8,2,Summer,Small,2024-08-14,,31.1,19.4,1.4,0.0,Unknown,High,High,Dry,8,2,Summer
White Fire,2024-08-14,Riverside,13.0,33.922735,-116.650391,8,2,Summer,Small,2024-08-14,,31.1,19.4,1.4,0.0,Unknown,High,High,Dry,8,2,Summer
Zarzo Fire,2024-08-15,Mariposa,103.0,37.630738,-120.313718,8,3,Summer,Medium,2024-08-15,,32.8,19.4,1.6,0.0,Unknown,High,High,Dry,8,3,Summer
Waltz Fire,2024-08-15,Merced,85.0,37.349442,-120.238125,8,3,Summer,Medium,2024-08-15,,32.8,19.4,1.6,0.0,Unknown,High,High,Dry,8,3,Summer
Marco Fire,2024-08-16,San Bernardino,65.0,34.475777,-117.463332,8,4,Summer,Medium,2024-08-16,,,,,0.0,Unknown,,,Dry,8,4,Summer
Pendulum Fire,2024-08-16,Kern,269.0,35.4189737,-118.8709169,8,4,Summer,Large,2024-08-16,,,,,0.0,Unknown,,,Dry,8,4,Summer
Marysville Fire,2024-08-17,Butte,23.0,39.468991,-121.561366,8,5,Summer,Small,2024-08-17,,26.1,21.1,2.5,0.0,Unknown,Medium,High,Dry,8,5,Summer
Cypress Fire,2024-08-17,San Luis Obispo,88.0,35.578845,-120.901571,8,5,Summer,Medium,2024-08-17,,26.1,21.1,2.5,0.0,Unknown,Medium,High,Dry,8,5,Summer
Hills Fire,2024-08-18,Madera,172.0,36.909429,-119.792619,8,6,Summer,Large,2024-08-18,,27.2,21.1,2.1,0.0,Unknown,High,High,Dry,8,6,Summer
Grant Fire,2024-08-19,"Alameda, San Joaquin",16.0,37.740555,-121.585729,8,0,Summer,Small,2024-08-19,,34.4,18.3,1.0,0.0,Unknown,High,High,Dry,8,0,Summer
Interlake Fire,2024-08-19,Monterey,22.0,35.8378,-121.038125,8,0,Summer,Small,2024-08-19,,34.4,18.3,1.0,0.0,Unknown,High,High,Dry,8,0,Summer
Livermore Fire,2024-08-19,Alameda,16.0,37.665174,-121.740217,8,0,Summer,Small,2024-08-19,,34.4,18.3,1.0,0.0,Unknown,High,High,Dry,8,0,Summer
Green Fire,2024-08-19,Alameda,6.0,37.7055278,-121.6971111,8,0,Summer,Small,2024-08-19,,34.4,18.3,1.0,0.0,Unknown,High,High,Dry,8,0,Summer
Railroad Fire,2024-08-19,Solano,60.0,38.193824,-121.8572856,8,0,Summer,Medium,2024-08-19,,34.4,18.3,1.0,0.0,Unknown,High,High,Dry,8,0,Summer
Quimby Fire,2024-08-19,Santa Clara,33.0,37.333444,-121.7338333,8,0,Summer,Small,2024-08-19,,34.4,18.3,1.0,0.0,Unknown,High,High,Dry,8,0,Summer
Bishop Fire,2024-08-20,San Luis Obispo,15.0,35.275553,-120.644048,8,1,Summer,Small,2024-08-20,,33.3,19.4,1.8,0.0,Unknown,High,High,Dry,8,1,Summer
Rancho Fire,2024-08-20,San Luis Obispo,9.0,35.704967,-120.582252,8,1,Summer,Small,2024-08-20,,33.3,19.4,1.8,0.0,Unknown,High,High,Dry,8,1,Summer
Grade Fire,2024-08-20,Santa Barbara,25.0,34.5337178,-120.195855,8,1,Summer,Small,2024-08-20,,33.3,19.4,1.8,0.0,Unknown,High,High,Dry,8,1,Summer
Winchester Fire,2024-08-20,Riverside,10.0,33.71271,-117.08414,8,1,Summer,Small,2024-08-20,,33.3,19.4,1.8,0.0,Unknown,High,High,Dry,8,1,Summer
Ace Fire,2024-08-21,Calaveras,16.0,38.190649,-120.828003,8,2,Summer,Small,2024-08-21,,,,,0.0,Unknown,,,Dry,8,2,Summer
Amaral Fire,2024-08-21,Solano,11.0,38.252807,-122.171501,8,2,Summer,Small,2024-08-21,,,,,0.0,Unknown,,,Dry,8,2,Summer
Turner Fire,2024-08-21,Merced,15.0,37.372385,-120.959582,8,2,Summer,Small,2024-08-21,,,,,0.0,Unknown,,,Dry,8,2,Summer
Canyon Fire,2024-08-21,Los Angeles,25.0,34.29046,-118.288398,8,2,Summer,Small,2024-08-21,,,,,0.0,Unknown,,,Dry,8,2,Summer
Edna Fire,2024-08-22,Riverside,33.0,33.9009,-116.869456,8,3,Summer,Small,2024-08-22,,,,,0.0,Unknown,,,Dry,8,3,Summer
Walmort Fire,2024-08-22,Sacramento,45.0,38.3809,-121.251908,8,3,Summer,Medium,2024-08-22,,,,,0.0,Unknown,,,Dry,8,3,Summer
Beach Fire,2024-08-22,Riverside,34.0,33.9689911,-117.49379,8,3,Summer,Small,2024-08-22,,,,,0.0,Unknown,,,Dry,8,3,Summer
Proctor 8 Fire,2024-08-23,San Diego,27.0,32.675679,-116.92502,8,4,Summer,Small,2024-08-23,,25.6,19.4,2.8,0.0,Unknown,Medium,High,Dry,8,4,Summer
Banning Fire,2024-08-23,Riverside,86.0,33.928939,-116.846198,8,4,Summer,Medium,2024-08-23,,25.6,19.4,2.8,0.0,Unknown,Medium,High,Dry,8,4,Summer
Refugio Fire,2024-08-23,Santa Barbara,86.0,34.506,-120.064,8,4,Summer,Medium,2024-08-23,,25.6,19.4,2.8,0.0,Unknown,Medium,High,Dry,8,4,Summer
Chevelle Fire,2024-08-23,Tulare,27.0,35.805079,-119.053499,8,4,Summer,Small,2024-08-23,,25.6,19.4,2.8,0.0,Unknown,Medium,High,Dry,8,4,Summer
Motor Fire,2024-08-23,Los Angeles,11.0,34.6592518,-118.7548048,8,4,Summer,Small,2024-08-23,,25.6,19.4,2.8,0.0,Unknown,Medium,High,Dry,8,4,Summer
Far Fire,2024-08-23,Placer,12.0,39.037213,-121.312694,8,4,Summer,Small,2024-08-23,,25.6,19.4,2.8,0.0,Unknown,Medium,High,Dry,8,4,Summer
Benito Fire,2024-08-24,Fresno,17.0,36.730979,-120.360998,8,5,Summer,Small,2024-08-24,,,,,0.0,Unknown,,,Dry,8,5,Summer
Summit Fire ,2024-08-24,San Bernardino,76.0,34.318425,-117.340037,8,5,Summer,Medium,2024-08-24,,,,,0.0,Unknown,,,Dry,8,5,Summer
Wild Wash Fire,2024-08-24,San Bernardino,23.0,34.701134,-117.204094,8,5,Summer,Small,2024-08-24,,,,,0.0,Unknown,,,Dry,8,5,Summer
Tenaja Fire,2024-08-25,Riverside,130.0,33.583553,-117.403313,8,6,Summer,Medium,2024-08-25,,,,,0.0,Unknown,,,Dry,8,6,Summer
Solar Fire,2024-08-25,Merced,22.0,37.115241,-121.033398,8,6,Summer,Small,2024-08-25,,,,,0.0,Unknown,,,Dry,8,6,Summer
Park Fire ,2024-08-25,Riverside,16.0,33.7580149,-116.9496357,8,6,Summer,Small,2024-08-25,,,,,0.0,Unknown,,,Dry,8,6,Summer
Florin Fire,2024-08-26,Sacramento,42.0,38.496413,-121.297565,8,0,Summer,Medium,2024-08-26,,,,,0.0,Unknown,,,Dry,8,0,Summer
Excelsior Fire,2024-08-26,Sacramento,38.0,38.524067,-121.279094,8,0,Summer,Medium,2024-08-26,,,,,0.0,Unknown,,,Dry,8,0,Summer
Weller Fire,2024-08-27,Kern,78.0,35.5497,-118.958785,8,1,Summer,Medium,2024-08-27,,28.9,18.3,1.4,0.0,Unknown,High,High,Dry,8,1,Summer
Johnson Fire,2024-08-27,San Bernardino,15.0,34.4045559,-117.559695,8,1,Summer,Small,2024-08-27,,28.9,18.3,1.4,0.0,Unknown,High,High,Dry,8,1,Summer
Pioneer Fire,2024-08-27,San Bernardino,22.0,34.452109,-117.077204,8,1,Summer,Small,2024-08-27,,28.9,18.3,1.4,0.0,Unknown,High,High,Dry,8,1,Summer
Gulch Fire,2024-08-28,Sonoma,19.0,38.233952,-122.520366,8,2,Summer,Small,2024-08-28,,,,,0.0,Unknown,,,Dry,8,2,Summer
Silver Fire,2024-08-28,Calaveras,12.0,38.361834,-120.499717,8,2,Summer,Small,2024-08-28,,,,,0.0,Unknown,,,Dry,8,2,Summer
Keys Fire,2024-08-28,San Diego,18.0,33.2902,-117.0764,8,2,Summer,Small,2024-08-28,,,,,0.0,Unknown,,,Dry,8,2,Summer
Way Fire,2024-08-29,Kern,88.0,35.694044,-118.426716,8,3,Summer,Medium,2024-08-29,,27.8,17.8,1.7,0.0,Unknown,High,High,Dry,8,3,Summer
Two Fire,2024-08-29,Sonoma,33.0,38.264246,-122.743925,8,3,Summer,Small,2024-08-29,,27.8,17.8,1.7,0.0,Unknown,High,High,Dry,8,3,Summer
Vasco Fire,2024-08-29,Alameda,16.0,37.777334,-121.71679,8,3,Summer,Small,2024-08-29,,27.8,17.8,1.7,0.0,Unknown,High,High,Dry,8,3,Summer
Armstrong Fire,2024-08-31,Contra Costa,20.0,37.838349,-121.632921,8,5,Summer,Small,2024-08-31,,,,,0.0,Unknown,,,Dry,8,5,Summer
Minton Fire,2024-08-31,Riverside,22.0,33.758036,-117.112489,8,5,Summer,Small,2024-08-31,,,,,0.0,Unknown,,,Dry,8,5,Summer
Bichota Fire,2024-08-31,Los Angeles,3.0,34.25914,-117.856102,8,5,Summer,Small,2024-08-31,,,,,0.0,Unknown,,,Dry,8,5,Summer
High Fire,2024-08-31,Tehama,45.0,39.993914,-122.560451,8,5,Summer,Medium,2024-08-31,,,,,0.0,Unknown,,,Dry,8,5,Summer
Union Fire,2024-08-31,San Luis Obispo,11.0,35.655361,-120.533933,8,5,Summer,Small,2024-08-31,,,,,0.0,Unknown,,,Dry,8,5,Summer
Robert Fire,2024-09-01,Solano,48.0,38.207676,-122.156703,9,6,Fall,Medium,2024-09-01,,,,,0.0,Unknown,,,Dry,9,6,Fall
Argyle Fire,2024-09-01,Monterey,91.0,36.015369,-121.129602,9,6,Fall,Medium,2024-09-01,,,,,0.0,Unknown,,,Dry,9,6,Fall
Record Fire,2024-09-01,Riverside,517.0,33.8126,-116.9476,9,6,Fall,Large,2024-09-01,,,,,0.0,Unknown,,,Dry,9,6,Fall
Centerville Fire,2024-09-02,Butte,59.0,39.73984,-121.69988,9,0,Fall,Medium,2024-09-02,,,,,0.0,Unknown,,,Dry,9,0,Fall
Gabriel Fire,2024-09-02,Los Angeles,40.0,34.122607,-117.953154,9,0,Fall,Medium,2024-09-02,,,,,0.0,Unknown,,,Dry,9,0,Fall
Hwy 152 E/ Rd 13 Fire,2024-09-02,Madera,40.0,37.083449,-120.310758,9,0,Fall,Medium,2024-09-02,,,,,0.0,Unknown,,,Dry,9,0,Fall
Bear Fire,2024-09-02,Sierra,3323.0,39.596704,-120.21859,9,0,Fall,Large,2024-09-02,,,,,0.0,Unknown,,,Dry,9,0,Fall
Hawk Fire,2024-09-03,San Luis Obispo,14.0,35.313339,-120.623763,9,1,Fall,Small,2024-09-03,,33.9,19.4,1.4,0.0,Unknown,High,High,Dry,9,1,Fall
Boone Fire,2024-09-03,Fresno,17600.0,36.12175,-120.58848,9,1,Fall,Large,2024-09-03,,33.9,19.4,1.4,0.0,Unknown,High,High,Dry,9,1,Fall
Backus Fire,2024-09-03,Kern,41.0,34.876586,-118.248827,9,1,Fall,Medium,2024-09-03,,33.9,19.4,1.4,0.0,Unknown,High,High,Dry,9,1,Fall
Chapman Fire,2024-09-04,Riverside,18.0,33.472372,-116.651385,9,2,Fall,Small,2024-09-04,,32.2,20.6,2.1,0.0,Unknown,High,High,Dry,9,2,Fall
Post Fire,2024-09-04,Riverside,264.0,33.773143,-117.297767,9,2,Fall,Large,2024-09-04,,32.2,20.6,2.1,0.0,Unknown,High,High,Dry,9,2,Fall
Line Fire,2024-09-05,San Bernardino,43978.0,34.121119,-117.154705,9,3,Fall,Large,2024-09-05,,33.9,21.1,2.0,0.0,Unknown,High,High,Dry,9,3,Fall
Dorado Fire,2024-09-05,Fresno,502.0,36.13751,-120.24039,9,3,Fall,Large,2024-09-05,,33.9,21.1,2.0,0.0,Unknown,High,High,Dry,9,3,Fall
Midway Rd Fire,2024-09-05,Merced,10.0,37.055082,-120.750881,9,3,Fall,Small,2024-09-05,,33.9,21.1,2.0,0.0,Unknown,High,High,Dry,9,3,Fall
Cove Fire,2024-09-06,Riverside,15.0,33.758174,-116.738699,9,4,Fall,Small,2024-09-06,,42.8,22.8,2.5,0.0,Unknown,High,High,Dry,9,4,Fall
Canary Fire,2024-09-06,San Diego,25.0,33.44756,-117.40342,9,4,Fall,Small,2024-09-06,,42.8,22.8,2.5,0.0,Unknown,High,High,Dry,9,4,Fall
Pine Fire,2024-09-06,Mendocino,18.0,39.351831,-123.186117,9,4,Fall,Small,2024-09-06,,42.8,22.8,2.5,0.0,Unknown,High,High,Dry,9,4,Fall
Church 2 Fire,2024-09-07,San Diego,40.0,32.700797,-116.357286,9,5,Fall,Medium,2024-09-07,,35.0,24.4,1.7,0.0,Unknown,High,High,Dry,9,5,Fall
Roblar Fire ,2024-09-07,San Diego,950.0,33.4088,-117.3623,9,5,Fall,Large,2024-09-07,,35.0,24.4,1.7,0.0,Unknown,High,High,Dry,9,5,Fall
Mill Creek 4 Fire,2024-09-07,Humboldt,25.0,41.1088,-123.6761,9,5,Fall,Small,2024-09-07,,35.0,24.4,1.7,0.0,Unknown,High,High,Dry,9,5,Fall
Cotton Fire,2024-09-07,Fresno,314.0,36.639321,-120.30277,9,5,Fall,Large,2024-09-07,,35.0,24.4,1.7,0.0,Unknown,High,High,Dry,9,5,Fall
Boyles Fire,2024-09-08,Lake,81.0,38.92934,-122.61065,9,6,Fall,Medium,2024-09-08,,,,,0.0,Unknown,,,Dry,9,6,Fall
Bridge Fire,2024-09-08,"Los Angeles, San Bernardino",56030.0,34.2396,-117.7625,9,6,Fall,Large,2024-09-08,,,,,0.0,Unknown,,,Dry,9,6,Fall
Rice 2 Fire,2024-09-08,San Diego,20.0,33.353446,-117.135771,9,6,Fall,Small,2024-09-08,,,,,0.0,Unknown,,,Dry,9,6,Fall
Train Fire,2024-09-09,Kern,48.0,35.2659,-118.62193,9,0,Fall,Medium,2024-09-09,,35.6,22.2,2.3,0.0,Unknown,High,High,Dry,9,0,Fall
Wicklow Fire,2024-09-09,Amador,63.0,38.361232,-120.814317,9,0,Fall,Medium,2024-09-09,,35.6,22.2,2.3,0.0,Unknown,High,High,Dry,9,0,Fall
Sunset Fire,2024-09-09,Riverside,54.0,33.917991,-116.91162,9,0,Fall,Medium,2024-09-09,,35.6,22.2,2.3,0.0,Unknown,High,High,Dry,9,0,Fall
Airport Fire,2024-09-09,"Orange, Riverside",23526.0,33.6676762,-117.566221,9,0,Fall,Large,2024-09-09,,35.6,22.2,2.3,0.0,Unknown,High,High,Dry,9,0,Fall
Apollo Fire,2024-09-10,Los Angeles,800.0,34.77011,-118.53335,9,1,Fall,Large,2024-09-10,,,,,0.0,Unknown,,,Dry,9,1,Fall
Kelso Fire,2024-09-10,Alameda,22.0,37.7952949,-121.6060708,9,1,Fall,Small,2024-09-10,,,,,0.0,Unknown,,,Dry,9,1,Fall
Coyote Fire,2024-09-10,Riverside,20.0,33.803944,-116.30113,9,1,Fall,Small,2024-09-10,,,,,0.0,Unknown,,,Dry,9,1,Fall
Willow Fire,2024-09-11,Contra Costa,62.0,38.0115396,-121.997014,9,2,Fall,Medium,2024-09-11,,26.7,16.7,2.2,0.0,Unknown,High,Medium,Dry,9,2,Fall
Joshua Fire,2024-09-11,Los Angeles,30.0,34.50295,-118.045033,9,2,Fall,Small,2024-09-11,,26.7,16.7,2.2,0.0,Unknown,High,Medium,Dry,9,2,Fall
Alpaugh Fire,2024-09-11,Tulare,18.0,35.863675,-119.536893,9,2,Fall,Small,2024-09-11,,26.7,16.7,2.2,0.0,Unknown,High,Medium,Dry,9,2,Fall
Quincy Fire,2024-09-12,Butte,85.0,39.48058,-121.42105,9,3,Fall,Medium,2024-09-12,,,,,0.0,Unknown,,,Dry,9,3,Fall
Bell Fire,2024-09-14,El Dorado,12.0,38.545436,-120.840433,9,5,Fall,Small,2024-09-14,,,,,0.0,Unknown,,,Dry,9,5,Fall
Cougar Fire,2024-09-15,Sonoma,53.0,38.145843,-122.485218,9,6,Fall,Medium,2024-09-15,,24.4,20.0,2.2,0.0,Unknown,Medium,High,Dry,9,6,Fall
Ripple Fire,2024-09-15,Fresno,15.0,36.682583,-119.189459,9,6,Fall,Small,2024-09-15,,24.4,20.0,2.2,0.0,Unknown,Medium,High,Dry,9,6,Fall
Rosa Fire,2024-09-16,Santa Barbara,20.0,34.59556,-120.35679,9,0,Fall,Small,2024-09-16,,23.9,16.7,2.3,0.0,Unknown,Medium,Medium,Dry,9,0,Fall
Executive Fire,2024-09-17,Tehama,58.0,39.93192,-122.307297,9,1,Fall,Medium,2024-09-17,,24.4,15.0,1.5,0.0,Unknown,Medium,Medium,Dry,9,1,Fall
Phelps Fire,2024-09-19,Fresno,35.0,36.15407,-120.259824,9,3,Fall,Small,2024-09-19,,24.4,17.2,1.4,0.0,Unknown,Medium,High,Dry,9,3,Fall
Antonio Fire,2024-09-23,Sonoma,11.0,38.187148,-122.656105,9,0,Fall,Small,2024-09-23,,27.8,16.7,1.2,0.0,Unknown,High,Medium,Dry,9,0,Fall
Plymire Fire,2024-09-26,Tehama,14.0,40.201159,-122.284309,9,3,Fall,Small,2024-09-26,,,,,0.0,Unknown,,,Dry,9,3,Fall
Chase Fire ,2024-09-27,Kern,35.0,35.374332,-118.84398,9,4,Fall,Small,2024-09-27,,,,,0.0,Unknown,,,Dry,9,4,Fall
86 Fire,2024-09-27,Riverside,38.0,33.540008,-116.099893,9,4,Fall,Medium,2024-09-27,,,,,0.0,Unknown,,,Dry,9,4,Fall
Pinnacles Fire,2024-09-27,San Benito,17.0,36.493781,-121.147092,9,4,Fall,Small,2024-09-27,,,,,0.0,Unknown,,,Dry,9,4,Fall
Meiss Fire,2024-09-27,Sacramento,42.0,38.427179,-121.054386,9,4,Fall,Medium,2024-09-27,,,,,0.0,Unknown,,,Dry,9,4,Fall
Cindy Fire ,2024-09-28,Los Angeles,13.0,34.5352699,-118.1176558,9,5,Fall,Small,2024-09-28,,,,,0.0,Unknown,,,Dry,9,5,Fall
Ridge Fire,2024-09-29,Santa Barbara,17.0,34.50334,-120.274,9,6,Fall,Small,2024-09-29,,,,,0.0,Unknown,,,Dry,9,6,Fall
Soda Fire,2024-09-30,San Luis Obispo,633.0,35.351479,-120.005229,9,0,Fall,Large,2024-09-30,,,,,0.0,Unknown,,,Dry,9,0,Fall
Tiger Fire,2024-09-30,Amador,4.0,38.4546979,-120.49265,9,0,Fall,Small,2024-09-30,,,,,0.0,Unknown,,,Dry,9,0,Fall
Lago Fire,2024-10-02,Los Angeles,25.0,34.497433,-118.616267,10,2,Fall,Small,2024-10-02,,,,,0.0,Unknown,,,Dry,10,2,Fall
Peak Fire,2024-10-02,Tuolumne,316.0,38.250731,-119.939391,10,2,Fall,Large,2024-10-02,,,,,0.0,Unknown,,,Dry,10,2,Fall
Bear Fire,2024-10-02,Humboldt,23.0,40.471128,-123.654313,10,2,Fall,Small,2024-10-02,,,,,0.0,Unknown,,,Dry,10,2,Fall
Two Mile Fire,2024-10-03,Colusa,10.0,39.218344,-122.153187,10,3,Fall,Small,2024-10-03,,,,,0.0,Unknown,,,Dry,10,3,Fall
Ranch Fire,2024-10-03,Kings,10.0,35.854009,-120.08283,10,3,Fall,Small,2024-10-03,,,,,0.0,Unknown,,,Dry,10,3,Fall
Felicia Fire,2024-10-03,Ventura,367.0,34.46437,-118.7641,10,3,Fall,Large,2024-10-03,,,,,0.0,Unknown,,,Dry,10,3,Fall
Central 2 Fire,2024-10-04,Fresno,15.0,36.69212,-119.5922,10,4,Fall,Small,2024-10-04,,,,,0.0,Unknown,,,Dry,10,4,Fall
Ruby Fire,2024-10-04,Kern,50.0,34.957874,-118.190532,10,4,Fall,Medium,2024-10-04,,,,,0.0,Unknown,,,Dry,10,4,Fall
Glenhaven Fire,2024-10-04,Lake,417.0,39.026764,-122.718183,10,4,Fall,Large,2024-10-04,,,,,0.0,Unknown,,,Dry,10,4,Fall
Wolf Fire,2024-10-04,Fresno,22.0,36.692574,-119.645931,10,4,Fall,Small,2024-10-04,,,,,0.0,Unknown,,,Dry,10,4,Fall
Dutch Fire,2024-10-05,Nevada,28.0,39.227018,-120.834831,10,5,Fall,Small,2024-10-05,,,,,0.0,Unknown,,,Dry,10,5,Fall
Tuledad Fire,2024-10-06,Lassen,564.0,40.887485,-120.144717,10,6,Fall,Large,2024-10-06,,30.0,17.8,1.1,0.0,Unknown,High,High,Dry,10,6,Fall
Hambone Fire,2024-10-06,Siskiyou,15.0,41.281183,-121.652642,10,6,Fall,Small,2024-10-06,,30.0,17.8,1.1,0.0,Unknown,High,High,Dry,10,6,Fall
Verjeles Fire,2024-10-06,Yuba,12.0,39.3574,-121.3681,10,6,Fall,Small,2024-10-06,,30.0,17.8,1.1,0.0,Unknown,High,High,Dry,10,6,Fall
Wood Fire,2024-10-06,Humboldt,26.0,40.176118,-123.820482,10,6,Fall,Small,2024-10-06,,30.0,17.8,1.1,0.0,Unknown,High,High,Dry,10,6,Fall
Posta 3 Fire,2024-10-07,San Diego,413.0,32.723782,-116.424495,10,0,Fall,Large,2024-10-07,,29.4,16.7,1.1,0.0,Unknown,High,Medium,Dry,10,0,Fall
Cemetery Fire,2024-10-08,Modoc,56.0,41.19492,-120.94668,10,1,Fall,Medium,2024-10-08,,28.9,15.6,0.9,0.0,Unknown,High,Medium,Dry,10,1,Fall
Piney Fire ,2024-10-08,Monterey,225.0,36.378918,-121.563092,10,1,Fall,Large,2024-10-08,,28.9,15.6,0.9,0.0,Unknown,High,Medium,Dry,10,1,Fall
Shoe Fire,2024-10-09,Shasta,5124.0,40.923444,-122.10167,10,2,Fall,Large,2024-10-09,,,,,0.0,Unknown,,,Dry,10,2,Fall
Bahrman Fire,2024-10-09,Riverside,110.0,33.555137,-116.683446,10,2,Fall,Medium,2024-10-09,,,,,0.0,Unknown,,,Dry,10,2,Fall
Miles Fire,2024-10-11,Riverside,23.0,33.733233,-117.441832,10,4,Fall,Small,2024-10-11,,25.0,15.0,1.4,0.0,Unknown,Medium,Medium,Dry,10,4,Fall
Jack Fire,2024-10-13,Riverside,260.0,33.9239548,-117.0375417,10,6,Fall,Large,2024-10-13,,22.8,15.6,2.0,0.0,Unknown,Medium,Medium,Dry,10,6,Fall
Marvin Fire,2024-10-13,Riverside,12.0,33.81851826,-117.0764047,10,6,Fall,Small,2024-10-13,,22.8,15.6,2.0,0.0,Unknown,Medium,Medium,Dry,10,6,Fall
Canyon Fire,2024-10-15,San Luis Obispo,16.0,35.318949,-120.133664,10,1,Fall,Small,2024-10-15,,21.1,16.7,2.0,0.0,Unknown,Low,Medium,Dry,10,1,Fall
Snake Fire,2024-10-17,San Luis Obispo,8.0,35.375211,-120.435273,10,3,Fall,Small,2024-10-17,,22.8,17.2,2.0,0.0,Unknown,Medium,High,Dry,10,3,Fall
Maria Fire,2024-10-17,San Luis Obispo,80.0,34.98749,-120.430379,10,3,Fall,Medium,2024-10-17,,22.8,17.2,2.0,0.0,Unknown,Medium,High,Dry,10,3,Fall
Hay Fire,2024-10-18,Solano,869.0,38.3151744,-121.8584227,10,4,Fall,Large,2024-10-18,,25.0,15.0,1.8,0.0,Unknown,Medium,Medium,Dry,10,4,Fall
Keller Fire,2024-10-18,Alameda,15.0,37.7741494,-122.1569455,10,4,Fall,Small,2024-10-18,,25.0,15.0,1.8,0.0,Unknown,Medium,Medium,Dry,10,4,Fall
Mission Fire,2024-10-18,Riverside,17.0,33.979878,-117.401904,10,4,Fall,Small,2024-10-18,,25.0,15.0,1.8,0.0,Unknown,Medium,Medium,Dry,10,4,Fall
Pedley Fire,2024-10-19,Riverside,15.0,34.017513,-117.479583,10,5,Fall,Small,2024-10-19,,27.8,10.6,1.3,0.0,Unknown,High,Low,Dry,10,5,Fall
Dove Fire,2024-10-19,Kern,954.0,35.45554,-118.1033,10,5,Fall,Large,2024-10-19,,27.8,10.6,1.3,0.0,Unknown,High,Low,Dry,10,5,Fall
Lost Fire,2024-10-19,Fresno,13.0,36.03643,-120.182476,10,5,Fall,Small,2024-10-19,,27.8,10.6,1.3,0.0,Unknown,High,Low,Dry,10,5,Fall
162 Fire,2024-10-19,Glenn,60.0,39.4643049,-121.965973,10,5,Fall,Medium,2024-10-19,,27.8,10.6,1.3,0.0,Unknown,High,Low,Dry,10,5,Fall
Gilardi Fire,2024-10-19,San Luis Obispo,50.0,35.342748,-120.758104,10,5,Fall,Medium,2024-10-19,,27.8,10.6,1.3,0.0,Unknown,High,Low,Dry,10,5,Fall
Iowa Fire,2024-10-21,Yuba,38.0,39.293028,-121.48061,10,0,Fall,Medium,2024-10-21,,31.7,12.2,1.2,0.0,Unknown,High,Medium,Dry,10,0,Fall
Golden Fire,2024-10-24,Riverside,40.0,33.443458,-116.87992,10,3,Fall,Medium,2024-10-24,,,,,0.0,Unknown,,,Dry,10,3,Fall
Coalinga Fire,2024-10-24,Fresno,5.0,36.281579,-120.300799,10,3,Fall,Small,2024-10-24,,,,,0.0,Unknown,,,Dry,10,3,Fall
Riverview Fire,2024-10-24,Santa Barbara,64.0,34.62078,-120.259123,10,3,Fall,Medium,2024-10-24,,,,,0.0,Unknown,,,Dry,10,3,Fall
Alray Fire,2024-10-26,San Bernardino,16.0,34.35491,-117.467864,10,5,Fall,Small,2024-10-26,,,,,0.0,Unknown,,,Dry,10,5,Fall
Lost Fire,2024-10-26,Fresno,15.0,36.048799,-120.164271,10,5,Fall,Small,2024-10-26,,,,,0.0,Unknown,,,Dry,10,5,Fall
Campbell Fire,2024-10-28,Tulare,524.0,36.229517,-118.858046,10,0,Fall,Large,2024-10-28,,21.7,13.9,2.6,0.0,Unknown,Low,Medium,Dry,10,0,Fall
Hog Fire,2024-10-30,Tehama,40.0,40.24402,-121.972909,10,2,Fall,Medium,2024-10-30,,,,,0.0,Unknown,,,Dry,10,2,Fall
Horseshoe Fire,2024-10-30,Inyo,4537.0,36.496333,-118.139117,10,2,Fall,Large,2024-10-30,,,,,0.0,Unknown,,,Dry,10,2,Fall
Quarry Fire,2024-10-31,San Diego,10.0,32.69011,-117.01352,10,3,Fall,Small,2024-10-31,,23.9,8.9,1.3,0.0,Unknown,Medium,Low,Dry,10,3,Fall
Montezuma Fire,2024-10-31,San Diego,37.0,32.77126,-117.09495,10,3,Fall,Medium,2024-10-31,,23.9,8.9,1.3,0.0,Unknown,Medium,Low,Dry,10,3,Fall
Gaylord Fire,2024-11-03,Tehama,47.0,39.925884,-122.132235,11,6,Fall,Medium,2024-11-03,,,,,0.3,Unknown,,,Dry,11,6,Fall
Wolf Fire,2024-11-04,Riverside,25.0,33.886528,-116.90239,11,0,Fall,Small,2024-11-04,,,,,0.0,Unknown,,,Dry,11,0,Fall
Lake Fire,2024-11-05,Trinity,44.0,40.342148,-123.420067,11,1,Fall,Medium,2024-11-05,,,,,0.0,Unknown,,,Dry,11,1,Fall
Broad Fire,2024-11-06,Los Angeles,50.0,34.033917,-118.704833,11,2,Fall,Medium,2024-11-06,,,,,0.0,Unknown,,,Dry,11,2,Fall
Mountain Fire,2024-11-06,Ventura,19904.0,34.3189,-118.9689,11,2,Fall,Large,2024-11-06,,,,,0.0,Unknown,,,Dry,11,2,Fall
Valley Fire,2024-11-06,Shasta,11.0,40.432155,-122.426405,11,2,Fall,Small,2024-11-06,,,,,0.0,Unknown,,,Dry,11,2,Fall
Lemon Fire,2024-11-06,Tulare,40.0,36.393723,-119.011663,11,2,Fall,Medium,2024-11-06,,,,,0.0,Unknown,,,Dry,11,2,Fall
Frenchman Fire,2024-11-07,Los Angeles,94.0,34.615371,-118.749654,11,3,Fall,Medium,2024-11-07,,,,,0.0,Unknown,,,Dry,11,3,Fall
Santa Lucia Fire,2024-11-07,Santa Barbara,125.0,34.691118,-120.501728,11,3,Fall,Medium,2024-11-07,,,,,0.0,Unknown,,,Dry,11,3,Fall
Garden Fire,2024-11-08,San Diego,48.0,33.33393,-117.18097,11,4,Fall,Medium,2024-11-08,,,,,0.0,Unknown,,,Dry,11,4,Fall
Resort 2 Fire,2024-11-08,San Diego,25.0,33.286514,-116.64017,11,4,Fall,Small,2024-11-08,,,,,0.0,Unknown,,,Dry,11,4,Fall
Waucoba Fire,2024-11-11,Inyo,8.0,37.0211,-118.007,11,0,Fall,Small,2024-11-11,,,,,0.0,Unknown,,,Dry,11,0,Fall
Bull Fire,2024-11-12,Kings,11.0,35.96313,-119.966199,11,1,Fall,Small,2024-11-12,,,,,0.0,Unknown,,,Dry,11,1,Fall
Eternal Fire,2024-11-13,Lassen,20.0,40.361854,-120.446162,11,2,Fall,Small,2024-11-13,,,,,0.0,Unknown,,,Dry,11,2,Fall
John Fire,2024-11-14,Merced,13.0,36.862905,-120.781992,11,3,Fall,Small,2024-11-14,,22.8,7.2,0.9,0.0,Unknown,Medium,Low,Dry,11,3,Fall
Kamm Fire,2024-11-16,Fresno,10.0,36.531149,-120.485099,11,5,Fall,Small,2024-11-16,,,,,0.0,Unknown,,,Dry,11,5,Fall
Sandy Fire,2024-11-17,Monterey,23.0,35.956529,-120.654725,11,6,Fall,Small,2024-11-17,,20.6,7.2,1.9,0.0,Unknown,Low,Low,Dry,11,6,Fall
Millar Fire,2024-11-20,San Diego,11.0,32.72754,-116.93722,11,2,Fall,Small,2024-11-20,,22.8,8.3,0.7,0.0,Unknown,Medium,Low,Dry,11,2,Fall
Brauns Fire,2024-11-20,Calaveras,50.0,38.205892,-120.730521,11,2,Fall,Medium,2024-11-20,,22.8,8.3,0.7,0.0,Unknown,Medium,Low,Dry,11,2,Fall
Hidden Valley Fire,2024-11-20,Riverside,46.0,33.963907,-114.513662,11,2,Fall,Medium,2024-11-20,,22.8,8.3,0.7,0.0,Unknown,Medium,Low,Dry,11,2,Fall
Michigan Fire,2024-11-21,Amador,24.0,38.379304,-120.986172,11,3,Fall,Small,2024-11-21,,,,,0.0,Unknown,,,Dry,11,3,Fall
Broadway Fire,2024-11-21,Monterey,57.0,36.203824,-121.141238,11,3,Fall,Medium,2024-11-21,,,,,0.0,Unknown,,,Dry,11,3,Fall
Duck Fire,2024-11-21,San Joaquin,73.0,38.00025,-120.944749,11,3,Fall,Medium,2024-11-21,,,,,0.0,Unknown,,,Dry,11,3,Fall
Canal Fire,2024-11-22,Madera,34.0,37.051003,-119.926528,11,4,Fall,Small,2024-11-22,,,,,0.0,Unknown,,,Dry,11,4,Fall
Border 77 Fire,2024-11-23,San Diego,98.0,32.5891998,-116.9079487,11,5,Fall,Medium,2024-11-23,,17.8,10.0,1.0,0.3,Unknown,Low,Low,Dry,11,5,Fall
Canyon Crest Fire,2024-11-28,"Riverside, San Bernardino",254.0,34.034077,-117.481178,11,3,Fall,Large,2024-11-28,,25.6,11.7,2.5,0.0,Unknown,Medium,Low,Dry,11,3,Fall
Derrick Fire,2024-12-02,Fresno,74.0,36.443544,-120.419992,12,0,Winter,Medium,2024-12-02,,23.9,7.8,0.4,0.0,Unknown,Medium,Low,Dry,12,0,Winter
Franklin Fire,2024-12-09,Los Angeles,4086.0,34.06343,-118.69642,12,0,Winter,Large,2024-12-09,,20.6,11.1,1.4,0.0,Unknown,Low,Low,Dry,12,0,Winter
Rogers Fire ,2024-12-10,San Bernardino,10.0,34.6492,-117.3543,12,1,Winter,Small,2024-12-10,,25.0,8.3,3.6,0.0,Unknown,Medium,Low,Dry,12,1,Winter
Addie Fire,2024-12-14,Kern,30.0,35.27248,-119.61551,12,5,Winter,Small,2024-12-14,,18.9,9.4,1.0,0.0,Unknown,Low,Low,Dry,12,5,Winter
Soto Fire,2024-12-17,Riverside,25.0,34.002023,-117.440844,12,1,Winter,Small,2024-12-17,,23.3,7.8,0.9,0.0,Unknown,Medium,Low,Dry,12,1,Winter
Soda Fire,2024-12-21,"Kern, San Luis Obispo",419.0,34.9868,-119.477,12,5,Winter,Large,2024-12-21,,18.9,8.9,0.9,0.0,Unknown,Low,Low,Dry,12,5,Winter
Border Fire,2025-01-01,San Diego,25.0,32.59853,-116.82817,1,2,Winter,Small,2025-01-01,,18.3,6.7,0.5,0.0,Unknown,Low,Low,Dry,1,2,Winter
Oak Fire,2025-01-01,Santa Barbara,42.0,34.883723,-120.246601,1,2,Winter,Medium,2025-01-01,,18.3,6.7,0.5,0.0,Unknown,Low,Low,Dry,1,2,Winter
Palisades Fire,2025-01-07,Los Angeles,23448.0,34.07022,-118.54453,1,1,Winter,Large,2025-01-07,,,,,0.0,Unknown,,,Dry,1,1,Winter
Eaton Fire,2025-01-07,Los Angeles,14021.0,34.203483,-118.069155,1,1,Winter,Large,2025-01-07,,,,,0.0,Unknown,,,Dry,1,1,Winter
Hurst Fire,2025-01-07,Los Angeles,799.0,34.32533,-118.478134,1,1,Winter,Large,2025-01-07,,,,,0.0,Unknown,,,Dry,1,1,Winter
Tyler Fire,2025-01-08,Riverside,11.0,33.706565,-116.164126,1,2,Winter,Small,2025-01-08,,,,,0.0,Unknown,,,Dry,1,2,Winter
Woodley Fire,2025-01-08,Los Angeles,30.0,34.17973,-118.47438,1,2,Winter,Small,2025-01-08,,,,,0.0,Unknown,,,Dry,1,2,Winter
Olivas Fire,2025-01-08,Ventura,11.0,34.244456,-119.2567768,1,2,Winter,Small,2025-01-08,,,,,0.0,Unknown,,,Dry,1,2,Winter
Lidia Fire,2025-01-08,Los Angeles,348.0,34.4408,-118.2433,1,2,Winter,Large,2025-01-08,,,,,0.0,Unknown,,,Dry,1,2,Winter
Sunset Fire ,2025-01-08,Los Angeles,43.0,34.1105,-118.3536,1,2,Winter,Medium,2025-01-08,,,,,0.0,Unknown,,,Dry,1,2,Winter
Kenneth Fire,2025-01-09,"Los Angeles, Ventura",1052.0,34.185198,-118.66991,1,3,Winter,Large,2025-01-09,,22.8,7.8,2.3,0.0,Unknown,Medium,Low,Dry,1,3,Winter
Archer Fire,2025-01-10,Los Angeles,19.0,34.3087,-118.5111,1,4,Winter,Small,2025-01-10,,,,,0.0,Unknown,,,Dry,1,4,Winter
Auto Fire,2025-01-13,Ventura,61.0,34.23661,-119.20224,1,0,Winter,Medium,2025-01-13,,,,,0.0,Unknown,,,Dry,1,0,Winter
Scout Fire,2025-01-14,Riverside,2.0,33.989,-117.3887,1,1,Winter,Small,2025-01-14,,21.1,3.9,1.1,0.0,Unknown,Low,Low,Dry,1,1,Winter
Little Mountain Fire,2025-01-15,San Bernardino,34.0,34.154384,-117.32064,1,2,Winter,Small,2025-01-15,,,,,0.0,Unknown,,,Dry,1,2,Winter
Pala Fire,2025-01-21,San Diego,17.0,33.363226,-117.162897,1,1,Winter,Small,2025-01-21,,22.2,5.6,2.6,0.0,Unknown,Medium,Low,Dry,1,1,Winter
Clay Fire,2025-01-21,Riverside,39.0,33.96682,-117.47055,1,1,Winter,Medium,2025-01-21,,22.2,5.6,2.6,0.0,Unknown,Medium,Low,Dry,1,1,Winter
Lilac Fire,2025-01-21,San Diego,85.0,33.30932,-117.152114,1,1,Winter,Medium,2025-01-21,,22.2,5.6,2.6,0.0,Unknown,Medium,Low,Dry,1,1,Winter
Friars Fire,2025-01-21,San Diego,3.0,32.7702,-117.1698,1,1,Winter,Small,2025-01-21,,22.2,5.6,2.6,0.0,Unknown,Medium,Low,Dry,1,1,Winter
Ncfr3 4 Fire,2025-01-21,San Diego,80.0,33.299921,-117.174205,1,1,Winter,Medium,2025-01-21,,22.2,5.6,2.6,0.0,Unknown,Medium,Low,Dry,1,1,Winter
Center Fire,2025-01-22,San Diego,7.0,33.001,-117.0887,1,2,Winter,Small,2025-01-22,,27.2,6.7,0.9,0.0,Unknown,High,Low,Dry,1,2,Winter
Hughes Fire,2025-01-22,Los Angeles,10425.0,34.553008,-118.56687,1,2,Winter,Large,2025-01-22,,27.2,6.7,0.9,0.0,Unknown,High,Low,Dry,1,2,Winter
Sepulveda Fire,2025-01-23,Los Angeles,45.0,34.0968,-118.47541,1,3,Winter,Medium,2025-01-23,,28.3,8.3,3.0,0.0,Unknown,High,Low,Dry,1,3,Winter
Laguna Fire,2025-01-23,Ventura,83.0,34.1655,-119.059,1,3,Winter,Medium,2025-01-23,,28.3,8.3,3.0,0.0,Unknown,High,Low,Dry,1,3,Winter
Border 2 Fire,2025-01-23,San Diego,6625.0,32.5947,-116.8437,1,3,Winter,Large,2025-01-23,,28.3,8.3,3.0,0.0,Unknown,High,Low,Dry,1,3,Winter
Gilman Fire,2025-01-23,San Diego,2.0,32.8622,-117.237,1,3,Winter,Small,2025-01-23,,28.3,8.3,3.0,0.0,Unknown,High,Low,Dry,1,3,Winter
Gibbel Fire,2025-01-23,Riverside,15.0,33.708601,-116.964339,1,3,Winter,Small,2025-01-23,,28.3,8.3,3.0,0.0,Unknown,High,Low,Dry,1,3,Winter
Rosa Fire,2025-01-29,San Luis Obispo,105.0,35.303682,-119.982524,1,2,Winter,Medium,2025-01-29,,17.8,5.6,0.9,0.0,Unknown,Low,Low,Dry,1,2,Winter
Cross Fire,2025-02-09,Monterey,16.0,35.945458,-121.117684,2,6,Winter,Small,2025-02-09,,19.4,8.3,1.3,0.0,Unknown,Low,Low,Dry,2,6,Winter
Eaton Flood,2025-02-13,Los Angeles,0.0,34.2038707,-118.1584203,2,3,Winter,Small,2025-02-13,,,,,22.1,Unknown,,,Dry,2,3,Winter
Penny Fire,2025-02-26,San Diego,9.0,32.922111,-116.475667,2,2,Winter,Small,2025-02-26,,22.8,10.0,1.6,0.0,Unknown,Medium,Low,Dry,2,2,Winter
Scout Fire,2025-02-28,San Diego,39.0,33.250188,-116.688664,2,4,Winter,Medium,2025-02-28,,,,,0.0,Unknown,,,Dry,2,4,Winter
Ranch Fire,2025-03-08,San Bernardino,60.0,34.643056,-117.351944,3,5,Spring,Medium,2025-03-08,,19.4,6.7,1.3,0.0,Unknown,Low,Low,Dry,3,5,Spring
Range Fire,2025-03-12,Santa Barbara,14.0,34.738888,-120.574436,3,2,Spring,Small,2025-03-12,,16.7,12.2,3.4,2.3,Unknown,Low,Medium,Dry,3,2,Spring
Aha Quin Fire,2025-03-12,Riverside,16.0,33.732521,-114.510789,3,2,Spring,Small,2025-03-12,,16.7,12.2,3.4,2.3,Unknown,Low,Medium,Dry,3,2,Spring
Buchanan Fire,2025-03-24,Riverside,25.0,33.525303,-116.100296,3,0,Spring,Small,2025-03-24,,24.4,12.8,2.2,0.0,Unknown,Medium,Medium,Dry,3,0,Spring
Silver Fire,2025-03-30,Inyo,1611.0,37.399684,-118.352523,3,6,Spring,Large,2025-03-30,,19.4,12.2,1.6,0.3,Unknown,Low,Medium,Dry,3,6,Spring
Wild Fire,2025-04-01,Fresno,37.0,36.72005,-120.387063,4,1,Spring,Medium,2025-04-01,,,,,0.0,Unknown,,,Dry,4,1,Spring
68 Fire,2025-04-02,Riverside,13.0,33.554725,-116.07895,4,2,Spring,Small,2025-04-02,,,,,0.0,Unknown,,,Dry,4,2,Spring
Hillcrest Fire,2025-04-07,Kern,14.0,35.38229,-118.90064,4,0,Spring,Small,2025-04-07,,,,,0.0,Unknown,,,Dry,4,0,Spring
Wildrose Fire,2025-04-08,San Bernardino,15.0,34.7001802,-117.1823536,4,1,Spring,Small,2025-04-08,,,,,0.0,Unknown,,,Dry,4,1,Spring
Lake Fire,2025-04-13,Del Norte,10.0,41.869329,-124.185699,4,6,Spring,Small,2025-04-13,,21.1,13.3,1.8,0.0,Unknown,Low,Medium,Dry,4,6,Spring
33 Fire,2025-04-15,Kern,11.0,35.120005,-119.43823,4,1,Spring,Small,2025-04-15,,,,,0.0,Unknown,,,Dry,4,1,Spring
Boyd Fire,2025-04-17,Imperial,15.0,32.9021295,-115.2930033,4,3,Spring,Small,2025-04-17,,16.7,14.4,1.7,0.0,Unknown,Low,Medium,Dry,4,3,Spring
Canyon Fire,2025-04-18,Merced,26.0,36.991952,-120.908311,4,4,Spring,Small,2025-04-18,,,,,0.0,Unknown,,,Dry,4,4,Spring
Dunes Fire,2025-04-18,Del Norte,37.0,41.804082,-124.220177,4,4,Spring,Medium,2025-04-18,,,,,0.0,Unknown,,,Dry,4,4,Spring
Panoche Fire,2025-04-20,San Benito,29.0,36.656093,-120.876101,4,6,Spring,Small,2025-04-20,,,,,0.0,Unknown,,,Dry,4,6,Spring
Sandy Fire,2025-04-23,Merced,21.0,37.185799,-120.513485,4,2,Spring,Small,2025-04-23,,18.9,13.9,1.4,0.0,Unknown,Low,Medium,Dry,4,2,Spring
Laporte Fire,2025-04-23,Yuba,15.0,39.516462,-121.19237,4,2,Spring,Small,2025-04-23,,18.9,13.9,1.4,0.0,Unknown,Low,Medium,Dry,4,2,Spring
Church Fire,2025-04-24,Riverside,50.0,33.638422,-116.142626,4,3,Spring,Medium,2025-04-24,,,,,0.0,Unknown,,,Dry,4,3,Spring
Reef Fire,2025-04-25,Kings,335.0,35.813704,-120.014805,4,4,Spring,Large,2025-04-25,,18.3,13.3,3.4,0.0,Unknown,Low,Medium,Dry,4,4,Spring
County Fire,2025-04-28,Siskiyou,15.0,41.92216,-121.3501,4,0,Spring,Small,2025-04-28,,,,,0.0,Unknown,,,Dry,4,0,Spring
Silver Fire,2025-04-28,Inyo,1600.0,37.399684,-118.352523,4,0,Spring,Large,2025-04-28,,,,,0.0,Unknown,,,Dry,4,0,Spring
Felipe Fire,2025-05-01,San Diego,50.0,33.098585,-116.470729,5,3,Spring,Medium,2025-05-01,,20.6,15.0,2.5,0.0,Unknown,Low,Medium,Dry,5,3,Spring
Eastman Fire,2025-05-02,Madera,10.0,37.2304128,-119.9868107,5,4,Spring,Small,2025-05-02,,,,,0.0,Unknown,,,Dry,5,4,Spring
Carroll Fire ,2025-05-04,Sacramento,90.0,38.350603,-121.398847,5,6,Spring,Medium,2025-05-04,,,,,0.0,Unknown,,,Dry,5,6,Spring
Pioneer Fire,2025-05-04,Tehama,68.0,40.2367915,-122.4158944,5,6,Spring,Medium,2025-05-04,,,,,0.0,Unknown,,,Dry,5,6,Spring
Putah Fire,2025-05-05,Solano,17.0,38.492882,-122.004577,5,0,Spring,Small,2025-05-05,,18.9,13.9,1.9,0.0,Unknown,Low,Medium,Dry,5,0,Spring
Springs Fire,2025-05-06,Tulare,1817.0,35.817188,-118.954931,5,1,Spring,Large,2025-05-06,,18.3,13.9,1.5,0.0,Unknown,Low,Medium,Dry,5,1,Spring
Matthew Fire,2025-05-06,Nevada,10.0,39.067758,-121.273365,5,1,Spring,Small,2025-05-06,,18.3,13.9,1.5,0.0,Unknown,Low,Medium,Dry,5,1,Spring
Scarlet Fire,2025-05-08,Fresno,66.0,36.6034,-120.3885,5,3,Spring,Medium,2025-05-08,,23.9,14.4,1.7,0.0,Unknown,Medium,Medium,Dry,5,3,Spring
Anchor Fire,2025-05-09,Fresno,44.0,36.704866,-119.30285,5,4,Spring,Medium,2025-05-09,,,,,0.0,Unknown,,,Dry,5,4,Spring
Grande Fire,2025-05-09,Stanislaus,13.0,37.462643,-121.183569,5,4,Spring,Small,2025-05-09,,,,,0.0,Unknown,,,Dry,5,4,Spring
99 Fire,2025-05-09,Butte,32.0,39.55236,-121.688719,5,4,Spring,Small,2025-05-09,,,,,0.0,Unknown,,,Dry,5,4,Spring
Cherokee Fire,2025-05-10,Tulare,20.0,36.4213337,-118.9149505,5,5,Spring,Small,2025-05-10,,32.8,15.0,2.3,0.0,Unknown,High,Medium,Dry,5,5,Spring
Pozo Fire,2025-05-10,San Luis Obispo,86.0,35.4018646,-120.1997983,5,5,Spring,Medium,2025-05-10,,32.8,15.0,2.3,0.0,Unknown,High,Medium,Dry,5,5,Spring
Catlett Fire,2025-05-10,Placer,175.0,38.846183,-121.407882,5,5,Spring,Large,2025-05-10,,32.8,15.0,2.3,0.0,Unknown,High,Medium,Dry,5,5,Spring
Energy Fire,2025-05-12,San Luis Obispo,43.0,35.351787,-120.040599,5,0,Spring,Medium,2025-05-12,,22.8,15.6,2.8,0.0,Unknown,Medium,Medium,Dry,5,0,Spring
Sapphire Fire,2025-05-12,San Bernardino,10.0,33.954739,-117.702445,5,0,Spring,Small,2025-05-12,,22.8,15.6,2.8,0.0,Unknown,Medium,Medium,Dry,5,0,Spring
Robinson Fire,2025-05-13,Merced,120.0,37.498636,-120.44704,5,1,Spring,Medium,2025-05-13,,20.6,14.4,3.3,0.0,Unknown,Low,Medium,Dry,5,1,Spring
Hansen Fire,2025-05-13,San Joaquin,16.0,37.719785,-121.53522,5,1,Spring,Small,2025-05-13,,20.6,14.4,3.3,0.0,Unknown,Low,Medium,Dry,5,1,Spring
L7a 2 Fire,2025-05-13,Merced,120.0,37.493638,-120.445783,5,1,Spring,Medium,2025-05-13,,20.6,14.4,3.3,0.0,Unknown,Low,Medium,Dry,5,1,Spring
Acres Fire,2025-05-14,Madera,636.0,37.0815942,-120.0170157,5,2,Spring,Large,2025-05-14,,,,,0.0,Unknown,,,Dry,5,2,Spring
Duck Fire,2025-05-14,San Joaquin,68.0,37.944835,-120.928401,5,2,Spring,Medium,2025-05-14,,,,,0.0,Unknown,,,Dry,5,2,Spring
Toro Fire,2025-05-14,Riverside,28.0,33.757845,-117.345037,5,2,Spring,Small,2025-05-14,,,,,0.0,Unknown,,,Dry,5,2,Spring
Globe Fire,2025-05-15,Santa Barbara,27.0,34.886238,-120.593673,5,3,Spring,Small,2025-05-15,,23.9,13.9,2.2,0.0,Unknown,Medium,Medium,Dry,5,3,Spring
Baxter Fire,2025-05-15,Riverside,60.0,33.610162,-117.149827,5,3,Spring,Medium,2025-05-15,,23.9,13.9,2.2,0.0,Unknown,Medium,Medium,Dry,5,3,Spring
Acampo Fire,2025-05-15,San Joaquin,22.0,38.148511,-121.040983,5,3,Spring,Small,2025-05-15,,23.9,13.9,2.2,0.0,Unknown,Medium,Medium,Dry,5,3,Spring
White Fire,2025-05-15,Merced,23.0,37.244386,-120.198126,5,3,Spring,Small,2025-05-15,,23.9,13.9,2.2,0.0,Unknown,Medium,Medium,Dry,5,3,Spring
Washoe Fire,2025-05-16,Fresno,25.0,36.652363,-120.460299,5,4,Spring,Small,2025-05-16,,,,,0.0,Unknown,,,Dry,5,4,Spring
Academy Fire,2025-05-16,San Diego,49.0,33.0859909,-116.9455267,5,4,Spring,Medium,2025-05-16,,,,,0.0,Unknown,,,Dry,5,4,Spring
Adams Fire,2025-05-17,Fresno,30.0,36.631825,-119.317698,5,5,Spring,Small,2025-05-17,,20.6,14.4,2.8,0.0,Unknown,Low,Medium,Dry,5,5,Spring
Jacobs Fire,2025-05-17,Fresno,15.0,36.639031,-119.313661,5,5,Spring,Small,2025-05-17,,20.6,14.4,2.8,0.0,Unknown,Low,Medium,Dry,5,5,Spring
Idria Fire,2025-05-17,San Benito,330.0,36.543667,-120.835667,5,5,Spring,Large,2025-05-17,,20.6,14.4,2.8,0.0,Unknown,Low,Medium,Dry,5,5,Spring
Nella Fire,2025-05-17,Merced,535.0,37.0462978,-120.9680028,5,5,Spring,Large,2025-05-17,,20.6,14.4,2.8,0.0,Unknown,Low,Medium,Dry,5,5,Spring
Kahlon Fire,2025-05-17,Merced,19.0,37.187714,-120.333898,5,5,Spring,Small,2025-05-17,,20.6,14.4,2.8,0.0,Unknown,Low,Medium,Dry,5,5,Spring
12th St / B St Fire,2025-05-17,Fresno,10.0,36.630347,-119.320298,5,5,Spring,Small,2025-05-17,,20.6,14.4,2.8,0.0,Unknown,Low,Medium,Dry,5,5,Spring
Grange Fire,2025-05-18,Stanislaus,30.0,37.6693899,-120.4395747,5,6,Spring,Small,2025-05-18,,21.7,15.0,3.1,0.0,Unknown,Low,Medium,Dry,5,6,Spring
Sunset Fire,2025-05-18,Placer,65.0,38.824583,-121.349272,5,6,Spring,Medium,2025-05-18,,21.7,15.0,3.1,0.0,Unknown,Low,Medium,Dry,5,6,Spring
Corn Fire,2025-05-18,Fresno,26.0,36.661361,-119.14466,5,6,Spring,Small,2025-05-18,,21.7,15.0,3.1,0.0,Unknown,Low,Medium,Dry,5,6,Spring
Panoche Fire,2025-05-18,Fresno,27.0,36.63874,-120.624598,5,6,Spring,Small,2025-05-18,,21.7,15.0,3.1,0.0,Unknown,Low,Medium,Dry,5,6,Spring
Democrat Fire,2025-05-18,Kern,895.0,35.479027,-118.7094208,5,6,Spring,Large,2025-05-18,,21.7,15.0,3.1,0.0,Unknown,Low,Medium,Dry,5,6,Spring
Walnut Fire,2025-05-18,Contra Costa,51.0,37.874694,-121.69861,5,6,Spring,Medium,2025-05-18,,21.7,15.0,3.1,0.0,Unknown,Low,Medium,Dry,5,6,Spring
Gunsmoke Fire,2025-05-18,Tehama,10.0,40.1624,-122.5868,5,6,Spring,Small,2025-05-18,,21.7,15.0,3.1,0.0,Unknown,Low,Medium,Dry,5,6,Spring
Jaw Fire,2025-05-19,Kern,4327.0,35.3158,-118.2225,5,0,Spring,Large,2025-05-19,,,,,0.0,Unknown,,,Dry,5,0,Spring
Spring Fire,2025-05-19,Siskiyou,12.0,41.33512,-122.32687,5,0,Spring,Small,2025-05-19,,,,,0.0,Unknown,,,Dry,5,0,Spring
Auburn Fire,2025-05-20,San Bernardino,54.0,34.590737,-117.465727,5,1,Spring,Medium,2025-05-20,,31.7,15.0,1.3,0.0,Unknown,High,Medium,Dry,5,1,Spring
Mission Fire,2025-05-20,Merced,54.0,37.27341,-120.451639,5,1,Spring,Medium,2025-05-20,,31.7,15.0,1.3,0.0,Unknown,High,Medium,Dry,5,1,Spring
Crossing Fire,2025-05-20,Riverside,126.0,33.466549,-116.8260846,5,1,Spring,Medium,2025-05-20,,31.7,15.0,1.3,0.0,Unknown,High,Medium,Dry,5,1,Spring
Cunningham Fire,2025-05-20,Merced,201.0,37.344921,-120.25151,5,1,Spring,Large,2025-05-20,,31.7,15.0,1.3,0.0,Unknown,High,Medium,Dry,5,1,Spring
Phillips Fire,2025-05-20,Merced,20.0,37.03473,-120.818154,5,1,Spring,Small,2025-05-20,,31.7,15.0,1.3,0.0,Unknown,High,Medium,Dry,5,1,Spring
Sargent Fire,2025-05-20,Monterey,13.0,35.952527,-120.859456,5,1,Spring,Small,2025-05-20,,31.7,15.0,1.3,0.0,Unknown,High,Medium,Dry,5,1,Spring
Sierra Fire,2025-05-21,Riverside,20.0,33.847742,-117.461546,5,2,Spring,Small,2025-05-21,,26.7,16.7,2.9,0.0,Unknown,High,Medium,Dry,5,2,Spring
Creston Fire,2025-05-22,San Luis Obispo,14.0,35.564837,-120.560704,5,3,Spring,Small,2025-05-22,,,,,0.0,Unknown,,,Dry,5,3,Spring
Dan Fire,2025-05-22,Merced,100.0,37.244432,-120.670161,5,3,Spring,Medium,2025-05-22,,,,,0.0,Unknown,,,Dry,5,3,Spring
Midway Fire,2025-05-22,Alameda,261.0,37.71488,-121.561663,5,3,Spring,Large,2025-05-22,,,,,0.0,Unknown,,,Dry,5,3,Spring
Inn Fire,2025-05-22,Mono,728.0,38.009312,-119.156506,5,3,Spring,Large,2025-05-22,,,,,0.0,Unknown,,,Dry,5,3,Spring
Orange Fire,2025-05-22,Fresno,15.0,36.624674,-119.322692,5,3,Spring,Small,2025-05-22,,,,,0.0,Unknown,,,Dry,5,3,Spring
Spence Fire,2025-05-23,Yuba,58.0,39.118918,-121.331078,5,4,Spring,Medium,2025-05-23,,24.4,16.1,2.2,0.0,Unknown,Medium,Medium,Dry,5,4,Spring
Guadalupe Fire,2025-05-23,Santa Clara,15.0,37.2106583,-121.8947894,5,4,Spring,Small,2025-05-23,,24.4,16.1,2.2,0.0,Unknown,Medium,Medium,Dry,5,4,Spring
Milpas Fire,2025-05-24,San Bernardino,43.0,34.413935,-117.102917,5,5,Spring,Medium,2025-05-24,,,,,0.0,Unknown,,,Dry,5,5,Spring
Southside Fire,2025-05-24,San Benito,11.0,36.77321,-121.345501,5,5,Spring,Small,2025-05-24,,,,,0.0,Unknown,,,Dry,5,5,Spring
Pluto Fire,2025-05-24,Siskiyou,12.0,41.573333,-122.295,5,5,Spring,Small,2025-05-24,,,,,0.0,Unknown,,,Dry,5,5,Spring
Rifle Fire,2025-05-24,Fresno,19.0,36.944525,-119.676186,5,5,Spring,Small,2025-05-24,,,,,0.0,Unknown,,,Dry,5,5,Spring
Gun Fire,2025-05-25,Fresno,11.0,36.622453,-120.657656,5,6,Spring,Small,2025-05-25,,22.2,16.1,3.2,0.0,Unknown,Medium,Medium,Dry,5,6,Spring
Lake Fire,2025-05-26,Stanislaus,28.0,37.648407,-120.492179,5,0,Spring,Small,2025-05-26,,,,,0.0,Unknown,,,Dry,5,0,Spring
Pecan Fire,2025-05-26,Fresno,14.0,36.611351,-119.43763,5,0,Spring,Small,2025-05-26,,,,,0.0,Unknown,,,Dry,5,0,Spring
Cherry Fire,2025-05-26,Solano,52.0,38.34346,-122.016511,5,0,Spring,Medium,2025-05-26,,,,,0.0,Unknown,,,Dry,5,0,Spring
Orange Fire,2025-05-26,Tulare,10.0,36.60254,-119.296,5,0,Spring,Small,2025-05-26,,,,,0.0,Unknown,,,Dry,5,0,Spring
Run Fire,2025-05-26,Madera,420.0,37.08447,-119.99113,5,0,Spring,Large,2025-05-26,,,,,0.0,Unknown,,,Dry,5,0,Spring
65 Fire,2025-05-27,Kern,30.0,35.46115,-119.08242,5,1,Spring,Small,2025-05-27,,,,,0.0,Unknown,,,Dry,5,1,Spring
Belmont Fire,2025-05-28,Fresno,75.0,36.749107,-120.373279,5,2,Spring,Medium,2025-05-28,,,,,0.0,Unknown,,,Dry,5,2,Spring
Juniper Fire,2025-05-28,Siskiyou,49.0,41.5892356,-122.3472513,5,2,Spring,Medium,2025-05-28,,,,,0.0,Unknown,,,Dry,5,2,Spring
Stadium Fire,2025-05-28,Fresno,30.0,36.613311,-119.322764,5,2,Spring,Small,2025-05-28,,,,,0.0,Unknown,,,Dry,5,2,Spring
Paloma Fire,2025-05-29,Merced,31.0,37.396908,-120.460411,5,3,Spring,Small,2025-05-29,,,,,0.0,Unknown,,,Dry,5,3,Spring
Frazier Fire,2025-05-29,Kern,105.0,34.8229,-118.9121,5,3,Spring,Medium,2025-05-29,,,,,0.0,Unknown,,,Dry,5,3,Spring
Hensley Fire,2025-05-30,Madera,24.0,37.100283,-119.883749,5,4,Spring,Small,2025-05-30,,32.2,17.8,3.1,0.0,Unknown,High,High,Dry,5,4,Spring
Henderson Fire,2025-05-30,San Diego,256.0,33.3803841,-117.0608758,5,4,Spring,Large,2025-05-30,,32.2,17.8,3.1,0.0,Unknown,High,High,Dry,5,4,Spring
Grubbs Fire,2025-05-30,Butte,10.0,39.444691,-121.45917,5,4,Spring,Small,2025-05-30,,32.2,17.8,3.1,0.0,Unknown,High,High,Dry,5,4,Spring
Eureka Fire,2025-05-30,San Bernardino,214.0,34.0618164,-116.3269976,5,4,Spring,Large,2025-05-30,,32.2,17.8,3.1,0.0,Unknown,High,High,Dry,5,4,Spring
Emily Fire,2025-05-30,Los Angeles,10.0,34.7561047,-118.46498,5,4,Spring,Small,2025-05-30,,32.2,17.8,3.1,0.0,Unknown,High,High,Dry,5,4,Spring
Cove Fire,2025-05-31,Fresno,14.0,36.63234,-119.3495,5,5,Spring,Small,2025-05-31,,26.1,18.9,2.9,0.0,Unknown,Medium,High,Dry,5,5,Spring
State Fire,2025-05-31,Riverside,10.0,33.799855,-116.972054,5,5,Spring,Small,2025-05-31,,26.1,18.9,2.9,0.0,Unknown,Medium,High,Dry,5,5,Spring
Mccabe Fire,2025-05-31,Merced,15.0,37.125121,-121.088612,5,5,Spring,Small,2025-05-31,,26.1,18.9,2.9,0.0,Unknown,Medium,High,Dry,5,5,Spring
Coyote Fire,2025-05-31,Lassen,22.0,40.4095336,-120.526195,5,5,Spring,Small,2025-05-31,,26.1,18.9,2.9,0.0,Unknown,Medium,High,Dry,5,5,Spring
Round Fire,2025-05-31,Ventura,2.0,34.709092,-119.336243,5,5,Spring,Small,2025-05-31,,26.1,18.9,2.9,0.0,Unknown,Medium,High,Dry,5,5,Spring
Rose Fire,2025-06-02,Fresno,1200.0,36.60343,-120.178698,6,0,Summer,Large,2025-06-02,,26.1,16.7,2.6,0.0,Unknown,Medium,Medium,Dry,6,0,Summer
Cottonwood Fire,2025-06-02,Siskiyou,19.0,41.923333,-122.566666,6,0,Summer,Small,2025-06-02,,26.1,16.7,2.6,0.0,Unknown,Medium,Medium,Dry,6,0,Summer
Rector Fire,2025-06-02,Fresno,56.0,36.7665646,-119.238331,6,0,Summer,Medium,2025-06-02,,26.1,16.7,2.6,0.0,Unknown,Medium,Medium,Dry,6,0,Summer
Vista Grande Fire,2025-06-02,Solano,62.0,38.276076,-122.0643336,6,0,Summer,Medium,2025-06-02,,26.1,16.7,2.6,0.0,Unknown,Medium,Medium,Dry,6,0,Summer
Ford Fire,2025-06-03,Fresno,75.0,36.7485076,-119.3741071,6,1,Summer,Medium,2025-06-03,,,,,0.0,Unknown,,,Dry,6,1,Summer
Quail Fire,2025-06-04,Shasta,16.0,40.542584,-122.274206,6,2,Summer,Small,2025-06-04,,22.2,16.1,2.2,0.0,Unknown,Medium,Medium,Dry,6,2,Summer
Fort Fire,2025-06-04,Kern,389.0,34.8892431,-118.920401,6,2,Summer,Large,2025-06-04,,22.2,16.1,2.2,0.0,Unknown,Medium,Medium,Dry,6,2,Summer
Juan Fire,2025-06-05,San Luis Obispo,24.0,35.386609,-120.1656,6,3,Summer,Small,2025-06-05,,,,,0.5,Unknown,,,Dry,6,3,Summer
Fink Fire,2025-06-05,Stanislaus,13.0,37.39594,-121.145689,6,3,Summer,Small,2025-06-05,,,,,0.5,Unknown,,,Dry,6,3,Summer
Grade Fire,2025-06-05,Monterey,7.0,36.520325,-121.757033,6,3,Summer,Small,2025-06-05,,,,,0.5,Unknown,,,Dry,6,3,Summer
Jack Fire,2025-06-05,Kern,50.0,35.708223,-120.157902,6,3,Summer,Medium,2025-06-05,,,,,0.5,Unknown,,,Dry,6,3,Summer
Sabe Fire,2025-06-05,San Benito,17.0,36.800358,-121.274403,6,3,Summer,Small,2025-06-05,,,,,0.5,Unknown,,,Dry,6,3,Summer
Perez Fire,2025-06-06,Fresno,20.0,36.766702,-120.384115,6,4,Summer,Small,2025-06-06,,23.9,17.2,1.6,0.0,Unknown,Medium,High,Dry,6,4,Summer
Letter Fire,2025-06-08,Plumas,11.0,39.8933,-121.287,6,6,Summer,Small,2025-06-08,,,,,0.0,Unknown,,,Dry,6,6,Summer
Reading Fire,2025-06-08,Trinity,47.0,40.6399341,-122.9447813,6,6,Summer,Medium,2025-06-08,,,,,0.0,Unknown,,,Dry,6,6,Summer
Windy Fire,2025-06-09,Madera,12.0,37.34,-119.327,6,0,Summer,Small,2025-06-09,,,,,0.0,Unknown,,,Dry,6,0,Summer
Antonio Fire,2025-06-09,Santa Clara,18.0,37.353834,-121.554371,6,0,Summer,Small,2025-06-09,,,,,0.0,Unknown,,,Dry,6,0,Summer
Feather Complex Fire,2025-06-09,Plumas,19.0,39.8913619,-121.2897146,6,0,Summer,Small,2025-06-09,,,,,0.0,Unknown,,,Dry,6,0,Summer
Miller Fire,2025-06-09,Trinity,30.0,40.436496,-123.409997,6,0,Summer,Small,2025-06-09,,,,,0.0,Unknown,,,Dry,6,0,Summer
Cahuilla Fire,2025-06-10,Riverside,188.0,33.540872,-116.740299,6,1,Summer,Large,2025-06-10,,27.2,16.7,2.1,0.0,Unknown,High,Medium,Dry,6,1,Summer
McNamara Fire,2025-06-10,Merced,43.0,37.228714,-120.457979,6,1,Summer,Medium,2025-06-10,,27.2,16.7,2.1,0.0,Unknown,High,Medium,Dry,6,1,Summer
Ranch Fire,2025-06-10,San Bernardino,4293.0,34.3745,-117.1232,6,1,Summer,Large,2025-06-10,,27.2,16.7,2.1,0.0,Unknown,High,Medium,Dry,6,1,Summer
Bethany Fire,2025-06-10,Los Angeles,20.0,34.2,-118.309,6,1,Summer,Small,2025-06-10,,27.2,16.7,2.1,0.0,Unknown,High,Medium,Dry,6,1,Summer
Greilich Fire,2025-06-10,Amador,11.0,38.454,-120.889,6,1,Summer,Small,2025-06-10,,27.2,16.7,2.1,0.0,Unknown,High,Medium,Dry,6,1,Summer
SKU Early June Lightning Complex,2025-06-10,Siskiyou,108.0,41.716795,-122.345743,6,1,Summer,Medium,2025-06-10,,27.2,16.7,2.1,0.0,Unknown,High,Medium,Dry,6,1,Summer
Lake Fire,2025-06-10,Kern,23.0,35.116076,-119.30306,6,1,Summer,Small,2025-06-10,,27.2,16.7,2.1,0.0,Unknown,High,Medium,Dry,6,1,Summer
River Fire,2025-06-11,Madera,20.0,36.858259,-120.442537,6,2,Summer,Small,2025-06-11,,25.6,17.8,1.9,0.0,Unknown,Medium,High,Dry,6,2,Summer
Lobinger Fire,2025-06-11,Tehama,13.0,39.943968,-122.211579,6,2,Summer,Small,2025-06-11,,25.6,17.8,1.9,0.0,Unknown,Medium,High,Dry,6,2,Summer
Rocky Fire,2025-06-11,Tulare,137.0,36.301073,-119.089751,6,2,Summer,Medium,2025-06-11,,25.6,17.8,1.9,0.0,Unknown,Medium,High,Dry,6,2,Summer
Dino Fire,2025-06-11,Santa Clara,266.0,37.066401,-121.219118,6,2,Summer,Large,2025-06-11,,25.6,17.8,1.9,0.0,Unknown,Medium,High,Dry,6,2,Summer
Willow Fire,2025-06-11,Modoc,18.0,41.812667,-120.245333,6,2,Summer,Small,2025-06-11,,25.6,17.8,1.9,0.0,Unknown,Medium,High,Dry,6,2,Summer
Little Fire,2025-06-11,San Benito,586.0,36.656093,-120.876101,6,2,Summer,Large,2025-06-11,,25.6,17.8,1.9,0.0,Unknown,Medium,High,Dry,6,2,Summer
Ford Fire,2025-06-11,Colusa,14.0,39.302133,-122.488411,6,2,Summer,Small,2025-06-11,,25.6,17.8,1.9,0.0,Unknown,Medium,High,Dry,6,2,Summer
Hudson Fire,2025-06-12,Kern,616.0,34.9578,-119.403,6,3,Summer,Large,2025-06-12,,25.0,16.7,2.1,0.0,Unknown,Medium,Medium,Dry,6,3,Summer
Firestone Fire,2025-06-12,Fresno,482.0,36.0931954,-120.4557421,6,3,Summer,Large,2025-06-12,,25.0,16.7,2.1,0.0,Unknown,Medium,Medium,Dry,6,3,Summer
Claro Fire,2025-06-12,San Diego,45.0,33.080796,-117.212509,6,3,Summer,Medium,2025-06-12,,25.0,16.7,2.1,0.0,Unknown,Medium,Medium,Dry,6,3,Summer
Airline Fire,2025-06-12,San Benito,46.0,36.351124,-120.963426,6,3,Summer,Medium,2025-06-12,,25.0,16.7,2.1,0.0,Unknown,Medium,Medium,Dry,6,3,Summer
Rica Fire,2025-06-13,Yuba,25.0,39.27736,-121.479804,6,4,Summer,Small,2025-06-13,,23.3,15.6,2.9,0.0,Unknown,Medium,Medium,Dry,6,4,Summer
Eagle Fire,2025-06-13,San Luis Obispo,38.0,35.78442,-120.926961,6,4,Summer,Medium,2025-06-13,,23.3,15.6,2.9,0.0,Unknown,Medium,Medium,Dry,6,4,Summer
Clement Fire,2025-06-13,Shasta,20.0,40.479167,-122.4495,6,4,Summer,Small,2025-06-13,,23.3,15.6,2.9,0.0,Unknown,Medium,Medium,Dry,6,4,Summer
Dogs Fire,2025-06-13,Kern,4407.0,35.6025,-119.0082,6,4,Summer,Large,2025-06-13,,23.3,15.6,2.9,0.0,Unknown,Medium,Medium,Dry,6,4,Summer
Linda Fire,2025-06-13,Solano,111.0,38.4513,-122.0102,6,4,Summer,Medium,2025-06-13,,23.3,15.6,2.9,0.0,Unknown,Medium,Medium,Dry,6,4,Summer
Eldorado Fire,2025-06-14,Fresno,50.0,36.2548,-120.211198,6,5,Summer,Medium,2025-06-14,,,,,0.0,Unknown,,,Dry,6,5,Summer
Bitter Fire,2025-06-14,San Luis Obispo,1651.0,35.543275,-120.155841,6,5,Summer,Large,2025-06-14,,,,,0.0,Unknown,,,Dry,6,5,Summer
Riosa Fire,2025-06-15,Placer,49.0,38.9750021,-121.3711948,6,6,Summer,Medium,2025-06-15,,,,,0.0,Unknown,,,Dry,6,6,Summer
Heaven Fire,2025-06-15,Siskiyou,20.0,41.829538,-122.655185,6,6,Summer,Small,2025-06-15,,,,,0.0,Unknown,,,Dry,6,6,Summer
Oak Fire,2025-06-15,Fresno,17.0,37.029083,-119.521241,6,6,Summer,Small,2025-06-15,,,,,0.0,Unknown,,,Dry,6,6,Summer
Vista Fire,2025-06-15,Riverside,15.0,33.817645,-116.865296,6,6,Summer,Small,2025-06-15,,,,,0.0,Unknown,,,Dry,6,6,Summer
Raymond 2 Fire,2025-06-16,Madera,30.0,36.98112,-120.034098,6,0,Summer,Small,2025-06-16,,,,,0.0,Unknown,,,Dry,6,0,Summer
Howe Fire,2025-06-16,Ventura,44.0,34.390543,-118.788721,6,0,Summer,Medium,2025-06-16,,,,,0.0,Unknown,,,Dry,6,0,Summer
Raymond Fire,2025-06-16,Madera,10.0,36.982098,-120.03479,6,0,Summer,Small,2025-06-16,,,,,0.0,Unknown,,,Dry,6,0,Summer
Mission 2 Fire,2025-06-16,San Diego,21.0,33.304144,-117.222897,6,0,Summer,Small,2025-06-16,,,,,0.0,Unknown,,,Dry,6,0,Summer
Flume Fire,2025-06-16,Tuolumne,10.0,38.002498,-120.428245,6,0,Summer,Small,2025-06-16,,,,,0.0,Unknown,,,Dry,6,0,Summer
Elm Fire,2025-06-16,Monterey,17.0,36.285576,-121.288116,6,0,Summer,Small,2025-06-16,,,,,0.0,Unknown,,,Dry,6,0,Summer
Mission Fire,2025-06-16,Alameda,64.0,37.579302,-121.917569,6,0,Summer,Medium,2025-06-16,,,,,0.0,Unknown,,,Dry,6,0,Summer
Maria Fire,2025-06-16,Ventura,54.0,34.338157,-119.068341,6,0,Summer,Medium,2025-06-16,,,,,0.0,Unknown,,,Dry,6,0,Summer
Tule Fire,2025-06-17,Tulare,40.0,36.024449,-118.803799,6,1,Summer,Medium,2025-06-17,,,,,0.0,Unknown,,,Dry,6,1,Summer
Monte Fire ,2025-06-17,San Diego,1495.0,32.8921885,-116.8435559,6,1,Summer,Large,2025-06-17,,,,,0.0,Unknown,,,Dry,6,1,Summer
Bonanza Fire,2025-06-17,El Dorado,181.0,38.65789,-120.88977,6,1,Summer,Large,2025-06-17,,,,,0.0,Unknown,,,Dry,6,1,Summer
Ranch Pl Fire,2025-06-17,Santa Clara,92.0,37.4097645,-121.8445081,6,1,Summer,Medium,2025-06-17,,,,,0.0,Unknown,,,Dry,6,1,Summer
South Fire,2025-06-18,Fresno,20.0,36.617484,-119.325847,6,2,Summer,Small,2025-06-18,,29.4,17.8,2.1,0.0,Unknown,High,High,Dry,6,2,Summer
Band Fire,2025-06-18,Mariposa,13.0,37.644013,-120.32096,6,2,Summer,Small,2025-06-18,,29.4,17.8,2.1,0.0,Unknown,High,High,Dry,6,2,Summer
Rider Fire,2025-06-18,Riverside,50.0,33.827937,-117.26152,6,2,Summer,Medium,2025-06-18,,29.4,17.8,2.1,0.0,Unknown,High,High,Dry,6,2,Summer
Somersville Fire,2025-06-18,Contra Costa,358.0,37.981065,-121.850359,6,2,Summer,Large,2025-06-18,,29.4,17.8,2.1,0.0,Unknown,High,High,Dry,6,2,Summer
Iverson Fire,2025-06-19,Monterey,11.0,36.527575,-121.41631,6,3,Summer,Small,2025-06-19,,25.6,18.3,2.5,0.0,Unknown,Medium,High,Dry,6,3,Summer
Rancho Fire,2025-06-19,Shasta,157.0,40.405179,-122.314137,6,3,Summer,Large,2025-06-19,,25.6,18.3,2.5,0.0,Unknown,Medium,High,Dry,6,3,Summer
Cut Fire,2025-06-19,Kings,20.0,36.07288,-120.102299,6,3,Summer,Small,2025-06-19,,25.6,18.3,2.5,0.0,Unknown,Medium,High,Dry,6,3,Summer
Hawick Fire,2025-06-19,San Diego,51.0,32.828836,-116.8865217,6,3,Summer,Medium,2025-06-19,,25.6,18.3,2.5,0.0,Unknown,Medium,High,Dry,6,3,Summer
Coal Fire,2025-06-19,Fresno,90.0,36.29538,-120.267799,6,3,Summer,Medium,2025-06-19,,25.6,18.3,2.5,0.0,Unknown,Medium,High,Dry,6,3,Summer
Clark Fire,2025-06-20,Butte,25.0,39.619667,-121.628921,6,4,Summer,Small,2025-06-20,,23.3,18.9,3.4,0.0,Unknown,Medium,High,Dry,6,4,Summer
Le Grand Fire,2025-06-20,Merced,12.0,37.227475,-120.378832,6,4,Summer,Small,2025-06-20,,23.3,18.9,3.4,0.0,Unknown,Medium,High,Dry,6,4,Summer
Happy Fire,2025-06-20,Shasta,2.0,40.486435,-122.393131,6,4,Summer,Small,2025-06-20,,23.3,18.9,3.4,0.0,Unknown,Medium,High,Dry,6,4,Summer
Pilitas Fire,2025-06-20,San Luis Obispo,20.0,35.351553,-120.496248,6,4,Summer,Small,2025-06-20,,23.3,18.9,3.4,0.0,Unknown,Medium,High,Dry,6,4,Summer
Rush Fire,2025-06-20,Trinity,33.0,40.712794,-122.81401,6,4,Summer,Small,2025-06-20,,23.3,18.9,3.4,0.0,Unknown,Medium,High,Dry,6,4,Summer
Camino Fire,2025-06-20,Tuolumne,387.0,37.759084,-120.464241,6,4,Summer,Large,2025-06-20,,23.3,18.9,3.4,0.0,Unknown,Medium,High,Dry,6,4,Summer
Ruth Fire,2025-06-20,Fresno,14.0,36.723722,-119.147595,6,4,Summer,Small,2025-06-20,,23.3,18.9,3.4,0.0,Unknown,Medium,High,Dry,6,4,Summer
Raven Fire,2025-06-20,Siskiyou,10.0,41.883057,-122.439466,6,4,Summer,Small,2025-06-20,,23.3,18.9,3.4,0.0,Unknown,Medium,High,Dry,6,4,Summer
Colvin Fire,2025-06-21,Tulare,46.0,36.470737,-119.167075,6,5,Summer,Medium,2025-06-21,,24.4,17.2,3.0,0.0,Unknown,Medium,High,Dry,6,5,Summer
Rock Fire,2025-06-21,Merced,26.0,37.515906,-120.452933,6,5,Summer,Small,2025-06-21,,24.4,17.2,3.0,0.0,Unknown,Medium,High,Dry,6,5,Summer
Benito Fire,2025-06-22,Fresno,430.0,36.730979,-120.360998,6,6,Summer,Large,2025-06-22,,23.9,16.1,2.7,0.0,Unknown,Medium,Medium,Dry,6,6,Summer
Grizzly Fire,2025-06-22,Tuolumne,46.0,37.783207,-120.26613,6,6,Summer,Medium,2025-06-22,,23.9,16.1,2.7,0.0,Unknown,Medium,Medium,Dry,6,6,Summer
Green Fire,2025-06-22,Alameda,75.0,37.7378488,-121.6171198,6,6,Summer,Medium,2025-06-22,,23.9,16.1,2.7,0.0,Unknown,Medium,Medium,Dry,6,6,Summer
Washington Fire,2025-06-23,Merced,35.0,37.302318,-120.760519,6,0,Summer,Small,2025-06-23,,25.0,16.1,2.8,0.0,Unknown,Medium,Medium,Dry,6,0,Summer
Rodeo Fire,2025-06-23,Contra Costa,65.0,38.022773,-122.24052,6,0,Summer,Medium,2025-06-23,,25.0,16.1,2.8,0.0,Unknown,Medium,Medium,Dry,6,0,Summer
Ward Fire,2025-06-23,Lassen,10.0,40.396723,-120.42736,6,0,Summer,Small,2025-06-23,,25.0,16.1,2.8,0.0,Unknown,Medium,Medium,Dry,6,0,Summer
Granite Fire,2025-06-24,Kern,175.0,35.511497,-119.01354,6,1,Summer,Large,2025-06-24,,,,,0.0,Unknown,,,Dry,6,1,Summer
Monterey Fire,2025-06-24,Fresno,180.0,36.486982,-120.370491,6,1,Summer,Large,2025-06-24,,,,,0.0,Unknown,,,Dry,6,1,Summer
Ariane Fire,2025-06-24,San Diego,5.0,32.80368,-117.193056,6,1,Summer,Small,2025-06-24,,,,,0.0,Unknown,,,Dry,6,1,Summer
Montana Fire,2025-06-24,Siskiyou,20.0,41.627217,-122.365602,6,1,Summer,Small,2025-06-24,,,,,0.0,Unknown,,,Dry,6,1,Summer
Dias Fire,2025-06-25,Fresno,852.0,36.0498,-120.3988,6,2,Summer,Large,2025-06-25,,27.2,17.8,1.4,0.0,Unknown,High,High,Dry,6,2,Summer
Fleming Fire,2025-06-25,Riverside,21.0,34.023047,-117.47683,6,2,Summer,Small,2025-06-25,,27.2,17.8,1.4,0.0,Unknown,High,High,Dry,6,2,Summer
Dry Fire,2025-06-25,Mono,15.0,37.720963,-118.966856,6,2,Summer,Small,2025-06-25,,27.2,17.8,1.4,0.0,Unknown,High,High,Dry,6,2,Summer
Saddle Fire,2025-06-26,Tulare,206.0,36.400201,-118.944829,6,3,Summer,Large,2025-06-26,,,,,0.0,Unknown,,,Dry,6,3,Summer
Red Fire,2025-06-26,Madera,54.0,37.08604,-119.698787,6,3,Summer,Medium,2025-06-26,,,,,0.0,Unknown,,,Dry,6,3,Summer
Jasper Fire,2025-06-26,Los Angeles,36.0,34.4255821,-118.6586194,6,3,Summer,Medium,2025-06-26,,,,,0.0,Unknown,,,Dry,6,3,Summer
Orange 2 Fire,2025-06-26,Fresno,20.0,36.617488,-119.327231,6,3,Summer,Small,2025-06-26,,,,,0.0,Unknown,,,Dry,6,3,Summer
Parlier Fire,2025-06-27,Fresno,10.0,36.611927,-119.516953,6,4,Summer,Small,2025-06-27,,,,,0.0,Unknown,,,Dry,6,4,Summer
Springs Fire,2025-06-27,Siskiyou,14.0,41.5625133,-122.3668324,6,4,Summer,Small,2025-06-27,,,,,0.0,Unknown,,,Dry,6,4,Summer
Llano Fire,2025-06-28,San Luis Obispo,20.0,35.489202,-120.720399,6,5,Summer,Small,2025-06-28,,,,,0.0,Unknown,,,Dry,6,5,Summer
Smiley Fire,2025-06-28,San Bernardino,83.0,34.005867,-117.192261,6,5,Summer,Medium,2025-06-28,,,,,0.0,Unknown,,,Dry,6,5,Summer
Lake Fire,2025-06-28,San Bernardino,485.0,34.28816,-117.349169,6,5,Summer,Large,2025-06-28,,,,,0.0,Unknown,,,Dry,6,5,Summer
Chance Fire,2025-06-28,San Luis Obispo,52.0,35.765157,-120.769914,6,5,Summer,Medium,2025-06-28,,,,,0.0,Unknown,,,Dry,6,5,Summer
Cable Fire,2025-06-29,San Bernardino,19.0,34.22809,-117.374501,6,6,Summer,Small,2025-06-29,,,,,0.0,Unknown,,,Dry,6,6,Summer
Turner Fire,2025-06-29,Merced,19.0,37.157274,-120.700946,6,6,Summer,Small,2025-06-29,,,,,0.0,Unknown,,,Dry,6,6,Summer
Mindy Fire,2025-06-29,Riverside,109.0,33.55768,-116.85995,6,6,Summer,Medium,2025-06-29,,,,,0.0,Unknown,,,Dry,6,6,Summer
Mandalay Fire,2025-06-29,Riverside,83.0,33.955583,-117.483115,6,6,Summer,Medium,2025-06-29,,,,,0.0,Unknown,,,Dry,6,6,Summer
Marysville Fire,2025-06-29,Yuba,20.0,39.382915,-121.151358,6,6,Summer,Small,2025-06-29,,,,,0.0,Unknown,,,Dry,6,6,Summer
Wolf Fire,2025-06-29,Riverside,2387.0,33.88649,-116.89942,6,6,Summer,Large,2025-06-29,,,,,0.0,Unknown,,,Dry,6,6,Summer
Kenyon Fire,2025-06-29,Shasta,26.0,40.54094,-122.40611,6,6,Summer,Small,2025-06-29,,,,,0.0,Unknown,,,Dry,6,6,Summer
Blanca Fire,2025-06-30,Madera,12.0,37.041595,-119.761885,6,0,Summer,Small,2025-06-30,,25.0,17.8,2.1,0.0,Unknown,Medium,High,Dry,6,0,Summer
Perch Fire,2025-06-30,Siskiyou,24.0,41.920673,-122.4204,6,0,Summer,Small,2025-06-30,,25.0,17.8,2.1,0.0,Unknown,Medium,High,Dry,6,0,Summer
Juniper Fire,2025-06-30,Riverside,756.0,33.801555,-117.325778,6,0,Summer,Large,2025-06-30,,25.0,17.8,2.1,0.0,Unknown,Medium,High,Dry,6,0,Summer
Cherry Fire,2025-06-30,Solano,8.0,38.336187,-122.02472,6,0,Summer,Small,2025-06-30,,25.0,17.8,2.1,0.0,Unknown,Medium,High,Dry,6,0,Summer
Quarry Fire,2025-06-30,San Joaquin,26.0,38.308538,-120.970323,6,0,Summer,Small,2025-06-30,,25.0,17.8,2.1,0.0,Unknown,Medium,High,Dry,6,0,Summer
Sims Fire,2025-06-30,Lassen,223.0,40.142467,-120.185357,6,0,Summer,Large,2025-06-30,,25.0,17.8,2.1,0.0,Unknown,Medium,High,Dry,6,0,Summer
Peak Fire,2025-07-01,Tulare,34.0,36.523445,-118.894072,7,1,Summer,Small,2025-07-01,,,,,0.0,Unknown,,,Dry,7,1,Summer
Brown Fire,2025-07-01,Solano,15.0,38.430903,-122.045526,7,1,Summer,Small,2025-07-01,,,,,0.0,Unknown,,,Dry,7,1,Summer
Oakdale Fire,2025-07-01,Yolo,78.0,38.673273,-122.017383,7,1,Summer,Medium,2025-07-01,,,,,0.0,Unknown,,,Dry,7,1,Summer
Green Fire,2025-07-01,Shasta,19022.0,40.834939,-122.094146,7,1,Summer,Large,2025-07-01,,,,,0.0,Unknown,,,Dry,7,1,Summer
No Name Fire,2025-07-01,Siskiyou,4.0,41.7585,-123.2135,7,1,Summer,Small,2025-07-01,,,,,0.0,Unknown,,,Dry,7,1,Summer
Madre Fire,2025-07-02,San Luis Obispo,80779.0,35.099242,-119.982548,7,2,Summer,Large,2025-07-02,,,,,0.0,Unknown,,,Dry,7,2,Summer
Horse Fire,2025-07-02,Shasta,385.0,40.87206,-122.55849,7,2,Summer,Large,2025-07-02,,,,,0.0,Unknown,,,Dry,7,2,Summer
Heart Fire,2025-07-02,Fresno,60.0,36.210429,-120.085599,7,2,Summer,Medium,2025-07-02,,,,,0.0,Unknown,,,Dry,7,2,Summer
Helena Fire,2025-07-02,Trinity,110.0,40.794628,-123.132571,7,2,Summer,Medium,2025-07-02,,,,,0.0,Unknown,,,Dry,7,2,Summer
Marble Complex Fire,2025-07-03,Siskiyou,747.0,41.52404,-123.13222,7,3,Summer,Large,2025-07-03,,24.4,17.8,2.2,0.0,Unknown,Medium,High,Dry,7,3,Summer
Fairmont Fire,2025-07-03,Alameda,7.0,37.714766,-122.104671,7,3,Summer,Small,2025-07-03,,24.4,17.8,2.2,0.0,Unknown,Medium,High,Dry,7,3,Summer
Ravine Fire,2025-07-03,Nevada,35.0,39.064532,-121.267354,7,3,Summer,Small,2025-07-03,,24.4,17.8,2.2,0.0,Unknown,Medium,High,Dry,7,3,Summer
Snelling Fire,2025-07-03,Merced,16.0,37.471435,-120.501308,7,3,Summer,Small,2025-07-03,,24.4,17.8,2.2,0.0,Unknown,Medium,High,Dry,7,3,Summer
Elwood Fire,2025-07-03,Fresno,52.0,36.811475,-119.383467,7,3,Summer,Medium,2025-07-03,,24.4,17.8,2.2,0.0,Unknown,Medium,High,Dry,7,3,Summer
Sabe Fire,2025-07-04,San Benito,27.0,36.801216,-121.271644,7,4,Summer,Small,2025-07-04,,,,,0.0,Unknown,,,Dry,7,4,Summer
Springs Fire,2025-07-04,Riverside,18.0,33.919507,-117.103765,7,4,Summer,Small,2025-07-04,,,,,0.0,Unknown,,,Dry,7,4,Summer
District Fire,2025-07-04,Butte,44.0,39.4464985,-121.4836105,7,4,Summer,Medium,2025-07-04,,,,,0.0,Unknown,,,Dry,7,4,Summer
Cowden Fire,2025-07-04,San Benito,19.0,36.809334,-121.390959,7,4,Summer,Small,2025-07-04,,,,,0.0,Unknown,,,Dry,7,4,Summer
Grove Fire,2025-07-04,Butte,78.0,39.3742124,-121.4139814,7,4,Summer,Medium,2025-07-04,,,,,0.0,Unknown,,,Dry,7,4,Summer
Walnut Fire,2025-07-04,Fresno,9.0,36.70169,-119.808899,7,4,Summer,Small,2025-07-04,,,,,0.0,Unknown,,,Dry,7,4,Summer
Chow1 Fire,2025-07-04,Madera,11.0,37.136643,-120.226007,7,4,Summer,Small,2025-07-04,,,,,0.0,Unknown,,,Dry,7,4,Summer
Sanderson Fire,2025-07-04,Riverside,18.0,33.787296,-117.006785,7,4,Summer,Small,2025-07-04,,,,,0.0,Unknown,,,Dry,7,4,Summer
Van Clief Rd Stevenson Fire,2025-07-05,Merced,18.0,37.288251,-120.833366,7,5,Summer,Small,2025-07-05,,28.3,16.7,1.7,0.0,Unknown,High,Medium,Dry,7,5,Summer
Morgan Fire,2025-07-05,Contra Costa,12.0,37.773964,-121.778644,7,5,Summer,Small,2025-07-05,,28.3,16.7,1.7,0.0,Unknown,High,Medium,Dry,7,5,Summer
Zediker Fire,2025-07-05,Fresno,164.0,36.611938,-119.520899,7,5,Summer,Large,2025-07-05,,28.3,16.7,1.7,0.0,Unknown,High,Medium,Dry,7,5,Summer
Sage Fire,2025-07-05,Riverside,9.0,33.929799,-117.186627,7,5,Summer,Small,2025-07-05,,28.3,16.7,1.7,0.0,Unknown,High,Medium,Dry,7,5,Summer
Ignacio Fire,2025-07-05,Riverside,21.0,33.543824,-116.918051,7,5,Summer,Small,2025-07-05,,28.3,16.7,1.7,0.0,Unknown,High,Medium,Dry,7,5,Summer
Rancho Fire,2025-07-05,San Luis Obispo,28.0,35.532939,-120.622981,7,5,Summer,Small,2025-07-05,,28.3,16.7,1.7,0.0,Unknown,High,Medium,Dry,7,5,Summer
Soboba Fire,2025-07-05,Riverside,9.0,33.786094,-116.923214,7,5,Summer,Small,2025-07-05,,28.3,16.7,1.7,0.0,Unknown,High,Medium,Dry,7,5,Summer
Pomo Fire,2025-07-05,Lake,16.0,39.139455,-122.881426,7,5,Summer,Small,2025-07-05,,28.3,16.7,1.7,0.0,Unknown,High,Medium,Dry,7,5,Summer
Cactus Fire,2025-07-05,Riverside,21.0,33.908497,-117.287235,7,5,Summer,Small,2025-07-05,,28.3,16.7,1.7,0.0,Unknown,High,Medium,Dry,7,5,Summer
Hunter Fire,2025-07-05,Mariposa,27.0,37.565899,-120.152833,7,5,Summer,Small,2025-07-05,,28.3,16.7,1.7,0.0,Unknown,High,Medium,Dry,7,5,Summer
Bartlett Fire,2025-07-06,Lake,13.0,39.165061,-122.613599,7,6,Summer,Small,2025-07-06,,27.2,16.7,1.9,0.0,Unknown,High,Medium,Dry,7,6,Summer
Flume Fire,2025-07-06,Tulare,73.0,36.161296,-118.706452,7,6,Summer,Medium,2025-07-06,,27.2,16.7,1.9,0.0,Unknown,High,Medium,Dry,7,6,Summer
Bridge 3 Fire,2025-07-06,Humboldt,366.0,40.172678,-123.60102,7,6,Summer,Large,2025-07-06,,27.2,16.7,1.9,0.0,Unknown,High,Medium,Dry,7,6,Summer
Bluff Fire,2025-07-07,Riverside,13.0,33.950365,-116.880684,7,0,Summer,Small,2025-07-07,,28.3,17.8,1.9,0.0,Unknown,High,High,Dry,7,0,Summer
Pyrite Fire,2025-07-07,Riverside,150.0,34.017805,-117.462368,7,0,Summer,Medium,2025-07-07,,28.3,17.8,1.9,0.0,Unknown,High,High,Dry,7,0,Summer
Nichols Fire,2025-07-07,Riverside,50.0,33.7198782,-117.36247,7,0,Summer,Medium,2025-07-07,,28.3,17.8,1.9,0.0,Unknown,High,High,Dry,7,0,Summer
Tractor Fire,2025-07-07,Tulare,10.0,36.224616,-118.832595,7,0,Summer,Small,2025-07-07,,28.3,17.8,1.9,0.0,Unknown,High,High,Dry,7,0,Summer
Fish Fire,2025-07-07,Fresno,23.0,36.794181,-119.411635,7,0,Summer,Small,2025-07-07,,28.3,17.8,1.9,0.0,Unknown,High,High,Dry,7,0,Summer
Corning Fire,2025-07-07,Tehama,21.0,39.928283,-122.2985996,7,0,Summer,Small,2025-07-07,,28.3,17.8,1.9,0.0,Unknown,High,High,Dry,7,0,Summer
Birds Fire,2025-07-07,Solano,15.0,38.1303671,-121.79616,7,0,Summer,Small,2025-07-07,,28.3,17.8,1.9,0.0,Unknown,High,High,Dry,7,0,Summer
Bert Fire,2025-07-08,Los Angeles,47.0,34.449864,-118.611317,7,1,Summer,Medium,2025-07-08,,31.7,16.1,1.6,0.0,Unknown,High,Medium,Dry,7,1,Summer
Victoria Fire,2025-07-08,Alameda,15.0,37.655501,-121.659503,7,1,Summer,Small,2025-07-08,,31.7,16.1,1.6,0.0,Unknown,High,Medium,Dry,7,1,Summer
Orleans Complex ,2025-07-08,Siskiyou,22153.0,41.3255556,-123.4177777,7,1,Summer,Large,2025-07-08,,31.7,16.1,1.6,0.0,Unknown,High,Medium,Dry,7,1,Summer
Pickup Fire,2025-07-09,Madera,10.0,37.244233,-119.731216,7,2,Summer,Small,2025-07-09,,,,,0.0,Unknown,,,Dry,7,2,Summer
Steele Fire,2025-07-09,San Diego,28.0,32.733209,-116.914968,7,2,Summer,Small,2025-07-09,,,,,0.0,Unknown,,,Dry,7,2,Summer
Button Fire,2025-07-09,Fresno,20.0,36.654779,-119.435896,7,2,Summer,Small,2025-07-09,,,,,0.0,Unknown,,,Dry,7,2,Summer
Kirker Fire,2025-07-10,Contra Costa,14.0,37.982895,-121.898942,7,3,Summer,Small,2025-07-10,,26.7,18.3,3.0,0.0,Unknown,High,High,Dry,7,3,Summer
Reche Fire,2025-07-10,Riverside,18.0,33.95918,-117.191827,7,3,Summer,Small,2025-07-10,,26.7,18.3,3.0,0.0,Unknown,High,High,Dry,7,3,Summer
Moore Fire,2025-07-10,Placer,20.0,38.873631,-121.322879,7,3,Summer,Small,2025-07-10,,26.7,18.3,3.0,0.0,Unknown,High,High,Dry,7,3,Summer
Springs Fire,2025-07-10,San Diego,50.0,32.7145184,-116.7478188,7,3,Summer,Medium,2025-07-10,,26.7,18.3,3.0,0.0,Unknown,High,High,Dry,7,3,Summer
Madera Fire,2025-07-10,Riverside,19.0,33.50064,-117.01089,7,3,Summer,Small,2025-07-10,,26.7,18.3,3.0,0.0,Unknown,High,High,Dry,7,3,Summer
Parkway Fire,2025-07-11,Sacramento,24.0,38.493586,-121.09374,7,4,Summer,Small,2025-07-11,,26.1,18.3,2.3,0.0,Unknown,Medium,High,Dry,7,4,Summer
Stardust Fire,2025-07-12,Placer,12.0,38.882558,-121.247136,7,5,Summer,Small,2025-07-12,,26.1,18.9,2.1,0.0,Unknown,Medium,High,Dry,7,5,Summer
Scavenger Fire,2025-07-12,Fresno,165.0,36.226722,-120.193833,7,5,Summer,Large,2025-07-12,,26.1,18.9,2.1,0.0,Unknown,Medium,High,Dry,7,5,Summer
Canon Fire,2025-07-12,Solano,68.0,38.2986878,-121.933483,7,5,Summer,Medium,2025-07-12,,26.1,18.9,2.1,0.0,Unknown,Medium,High,Dry,7,5,Summer
Island Fire,2025-07-12,Fresno,10.0,36.864545,-119.315821,7,5,Summer,Small,2025-07-12,,26.1,18.9,2.1,0.0,Unknown,Medium,High,Dry,7,5,Summer
Ivory Fire,2025-07-13,Glenn,20.0,39.574,-122.707,7,6,Summer,Small,2025-07-13,,,,,0.0,Unknown,,,Dry,7,6,Summer
Marie Fire,2025-07-13,Fresno,40.0,36.748969,-120.369387,7,6,Summer,Medium,2025-07-13,,,,,0.0,Unknown,,,Dry,7,6,Summer
Max Fire,2025-07-13,Fresno,426.0,36.9646836,-119.2280383,7,6,Summer,Large,2025-07-13,,,,,0.0,Unknown,,,Dry,7,6,Summer
Chowchilla Fire,2025-07-13,Madera,13.0,37.098778,-120.265957,7,6,Summer,Small,2025-07-13,,,,,0.0,Unknown,,,Dry,7,6,Summer
Fandango Fire,2025-07-14,Modoc,10.0,41.79792,-120.19432,7,0,Summer,Small,2025-07-14,,25.0,17.2,2.0,0.0,Unknown,Medium,High,Dry,7,0,Summer
Jefferson Fire,2025-07-14,Fresno,40.0,36.654009,-120.315699,7,0,Summer,Medium,2025-07-14,,25.0,17.2,2.0,0.0,Unknown,Medium,High,Dry,7,0,Summer
High Fire,2025-07-15,Fresno,20.0,36.66331,-119.786,7,1,Summer,Small,2025-07-15,,,,,0.0,Unknown,,,Dry,7,1,Summer
Fay Fire,2025-07-15,Kern,686.0,35.7349929,-118.3068082,7,1,Summer,Large,2025-07-15,,,,,0.0,Unknown,,,Dry,7,1,Summer
Fobes Fire,2025-07-15,Riverside,29.0,33.636667,-116.634361,7,1,Summer,Small,2025-07-15,,,,,0.0,Unknown,,,Dry,7,1,Summer
Piedra Fire,2025-07-15,Fresno,21.0,36.745812,-119.450866,7,1,Summer,Small,2025-07-15,,,,,0.0,Unknown,,,Dry,7,1,Summer
Dale Fire,2025-07-16,Riverside,1096.0,33.51744,-116.78672,7,2,Summer,Large,2025-07-16,,24.4,19.4,2.6,0.0,Unknown,Medium,High,Dry,7,2,Summer
Grain Fire,2025-07-16,Tulare,32.0,35.91106,-119.03899,7,2,Summer,Small,2025-07-16,,24.4,19.4,2.6,0.0,Unknown,Medium,High,Dry,7,2,Summer
Baker Fire,2025-07-16,Tehama,17.0,40.3125,-122.578667,7,2,Summer,Small,2025-07-16,,24.4,19.4,2.6,0.0,Unknown,Medium,High,Dry,7,2,Summer
Debbie Fire,2025-07-16,Lassen,54.0,40.092913,-120.111242,7,2,Summer,Medium,2025-07-16,,24.4,19.4,2.6,0.0,Unknown,Medium,High,Dry,7,2,Summer
Foster Fire,2025-07-16,Shasta,11.0,40.388446,-122.541885,7,2,Summer,Small,2025-07-16,,24.4,19.4,2.6,0.0,Unknown,Medium,High,Dry,7,2,Summer
Little Fire,2025-07-17,Lassen,16.0,41.12607,-120.932333,7,3,Summer,Small,2025-07-17,,,,,0.0,Unknown,,,Dry,7,3,Summer
Stetson Fire,2025-07-18,Riverside,22.0,33.729228,-117.076401,7,4,Summer,Small,2025-07-18,,,,,0.0,Unknown,,,Dry,7,4,Summer
Blue Fire,2025-07-18,Tulare,62.0,35.8649,-118.8175,7,4,Summer,Medium,2025-07-18,,,,,0.0,Unknown,,,Dry,7,4,Summer
Jury Fire,2025-07-19,Tuolumne,54.0,37.916947,-120.356289,7,5,Summer,Medium,2025-07-19,,25.6,19.4,2.5,0.0,Unknown,Medium,High,Dry,7,5,Summer
Coulter Fire,2025-07-19,El Dorado,25.0,38.55184,-121.004153,7,5,Summer,Small,2025-07-19,,25.6,19.4,2.5,0.0,Unknown,Medium,High,Dry,7,5,Summer
Willow Fire,2025-07-19,Madera,32.0,37.118,-119.932289,7,5,Summer,Small,2025-07-19,,25.6,19.4,2.5,0.0,Unknown,Medium,High,Dry,7,5,Summer
Pala Fire,2025-07-19,San Diego,7.0,33.342918,-117.114678,7,5,Summer,Small,2025-07-19,,25.6,19.4,2.5,0.0,Unknown,Medium,High,Dry,7,5,Summer
Frontage Fire,2025-07-20,San Bernardino,50.0,34.548782,-117.296674,7,6,Summer,Medium,2025-07-20,,25.6,19.4,2.2,0.0,Unknown,Medium,High,Dry,7,6,Summer
Trap Fire,2025-07-20,Mariposa,38.0,37.514275,-120.012292,7,6,Summer,Medium,2025-07-20,,25.6,19.4,2.2,0.0,Unknown,Medium,High,Dry,7,6,Summer
Alta Fire,2025-07-20,Butte,17.0,39.422347,-121.470538,7,6,Summer,Small,2025-07-20,,25.6,19.4,2.2,0.0,Unknown,Medium,High,Dry,7,6,Summer
Wolfsen Fire,2025-07-21,Merced,1.0,37.211668,-120.788745,7,0,Summer,Small,2025-07-21,,,,,0.0,Unknown,,,Dry,7,0,Summer
Stokes Fire ,2025-07-22,Tulare,10.0,36.518055,-119.196666,7,1,Summer,Small,2025-07-22,,,,,1.3,Unknown,,,Dry,7,1,Summer
Orange Fire,2025-07-22,Stanislaus,13.0,37.789557,-120.744427,7,1,Summer,Small,2025-07-22,,,,,1.3,Unknown,,,Dry,7,1,Summer
Euclid Fire,2025-07-23,San Bernardino,120.0,33.922339,-117.64923,7,2,Summer,Medium,2025-07-23,,,,,0.0,Unknown,,,Dry,7,2,Summer
Mitchell Fire,2025-07-23,Riverside,51.0,33.563156,-116.695847,7,2,Summer,Medium,2025-07-23,,,,,0.0,Unknown,,,Dry,7,2,Summer
Mammoth Fire ,2025-07-24,Modoc,2533.0,41.684141,-121.323879,7,3,Summer,Large,2025-07-24,,28.9,16.1,1.9,0.0,Unknown,High,Medium,Dry,7,3,Summer
4-1 Fire,2025-07-24,Modoc,21.0,41.459967,-120.924262,7,3,Summer,Small,2025-07-24,,28.9,16.1,1.9,0.0,Unknown,High,Medium,Dry,7,3,Summer
Posta Fire,2025-07-24,San Diego,23.0,32.667663,-116.430132,7,3,Summer,Small,2025-07-24,,28.9,16.1,1.9,0.0,Unknown,High,Medium,Dry,7,3,Summer
Sliger Fire,2025-07-24,El Dorado,14.0,38.943781,-120.926046,7,3,Summer,Small,2025-07-24,,28.9,16.1,1.9,0.0,Unknown,High,Medium,Dry,7,3,Summer
Shady Fire,2025-07-25,Riverside,52.0,33.656632,-116.172565,7,4,Summer,Medium,2025-07-25,,26.1,16.7,1.9,0.0,Unknown,Medium,Medium,Dry,7,4,Summer
3-5 Fire,2025-07-25,Lassen,43.0,40.9814,-121.280552,7,4,Summer,Medium,2025-07-25,,26.1,16.7,1.9,0.0,Unknown,Medium,Medium,Dry,7,4,Summer
W-2 Fire,2025-07-25,Modoc,25.0,41.392519,-120.43839,7,4,Summer,Small,2025-07-25,,26.1,16.7,1.9,0.0,Unknown,Medium,Medium,Dry,7,4,Summer
Pearl Fire,2025-07-25,Kern,40.0,35.6182,-118.48813,7,4,Summer,Medium,2025-07-25,,26.1,16.7,1.9,0.0,Unknown,Medium,Medium,Dry,7,4,Summer
Green Fire-RRU,2025-07-25,Riverside,21.0,33.882719,-117.641517,7,4,Summer,Small,2025-07-25,,26.1,16.7,1.9,0.0,Unknown,Medium,Medium,Dry,7,4,Summer
Boneyard Fire,2025-07-26,Tuolumne,227.0,37.773371,-120.214807,7,5,Summer,Large,2025-07-26,,,,,0.0,Unknown,,,Dry,7,5,Summer
Hoffman Fire,2025-07-26,Kern,10.0,35.300512,-118.000889,7,5,Summer,Small,2025-07-26,,,,,0.0,Unknown,,,Dry,7,5,Summer
Medicine Fire,2025-07-27,Mendocino,263.0,39.831628,-123.267618,7,6,Summer,Large,2025-07-27,,24.4,18.3,2.2,0.0,Unknown,Medium,High,Dry,7,6,Summer
Needles Fires,2025-07-27,San Bernardino,10.0,34.828072,-114.583454,7,6,Summer,Small,2025-07-27,,24.4,18.3,2.2,0.0,Unknown,Medium,High,Dry,7,6,Summer
19 Fire,2025-07-29,Madera,16.0,37.07642,-120.202377,7,1,Summer,Small,2025-07-29,,24.4,17.8,2.1,0.0,Unknown,Medium,High,Dry,7,1,Summer
Rd 15  Madera_acres Fire,2025-07-30,Madera,30.0,36.995304,-120.274202,7,2,Summer,Small,2025-07-30,,24.4,17.2,2.8,0.0,Unknown,Medium,High,Dry,7,2,Summer
1-4 Fire,2025-07-31,Lassen,260.0,40.445172,-120.656672,7,3,Summer,Large,2025-07-31,,,,,0.0,Unknown,,,Dry,7,3,Summer
Orion Fire,2025-07-31,Santa Barbara,25.0,34.80493,-120.53608,7,3,Summer,Small,2025-07-31,,,,,0.0,Unknown,,,Dry,7,3,Summer
Howards Fire,2025-07-31,Modoc,100.0,41.48008,-120.957447,7,3,Summer,Medium,2025-07-31,,,,,0.0,Unknown,,,Dry,7,3,Summer
Lassen Fire,2025-08-01,Tehama,51.0,40.028565,-122.086035,8,4,Summer,Medium,2025-08-01,,27.2,17.8,1.8,0.0,Unknown,High,High,Dry,8,4,Summer
4-8 Fire,2025-08-01,Modoc,25.0,41.319441,-120.747715,8,4,Summer,Small,2025-08-01,,27.2,17.8,1.8,0.0,Unknown,High,High,Dry,8,4,Summer
Gifford Fire ,2025-08-01,Santa Barbara,131612.0,35.111258,-120.097902,8,4,Summer,Large,2025-08-01,,27.2,17.8,1.8,0.0,Unknown,High,High,Dry,8,4,Summer
Bernardo Fire,2025-08-01,San Diego,13.0,33.0088892,-117.0978951,8,4,Summer,Small,2025-08-01,,27.2,17.8,1.8,0.0,Unknown,High,High,Dry,8,4,Summer
Donovan Fire,2025-08-02,San Luis Obispo,51.0,35.527328,-120.508946,8,5,Summer,Medium,2025-08-02,,28.3,18.3,1.4,0.0,Unknown,High,High,Dry,8,5,Summer
Fremont Fire,2025-08-02,San Bernardino,30.0,34.429401,-117.653566,8,5,Summer,Small,2025-08-02,,28.3,18.3,1.4,0.0,Unknown,High,High,Dry,8,5,Summer
Radar Fire ,2025-08-02,Modoc,10.0,41.7203467,-121.1305479,8,5,Summer,Small,2025-08-02,,28.3,18.3,1.4,0.0,Unknown,High,High,Dry,8,5,Summer
Oak Fire,2025-08-02,Riverside,46.0,34.0005417,-117.1513823,8,5,Summer,Medium,2025-08-02,,28.3,18.3,1.4,0.0,Unknown,High,High,Dry,8,5,Summer
Rush Fire,2025-08-02,Mariposa,12.0,37.770605,-120.038987,8,5,Summer,Small,2025-08-02,,28.3,18.3,1.4,0.0,Unknown,High,High,Dry,8,5,Summer
Lake Fire,2025-08-03,Lake,401.0,38.9775809,-122.6525158,8,6,Summer,Large,2025-08-03,,25.0,17.8,2.6,0.0,Unknown,Medium,High,Dry,8,6,Summer
Eden Fire,2025-08-03,Alameda,18.0,37.7023074,-122.023919,8,6,Summer,Small,2025-08-03,,25.0,17.8,2.6,0.0,Unknown,Medium,High,Dry,8,6,Summer
Santa Fire,2025-08-03,Merced,30.0,37.053702,-120.966641,8,6,Summer,Small,2025-08-03,,25.0,17.8,2.6,0.0,Unknown,Medium,High,Dry,8,6,Summer
Bridge Fire,2025-08-04,Fresno,57.0,36.733265,-120.337696,8,0,Summer,Medium,2025-08-04,,24.4,17.8,2.7,0.0,Unknown,Medium,High,Dry,8,0,Summer
Ranch Fire,2025-08-04,Placer,140.0,38.839,-121.299167,8,0,Summer,Medium,2025-08-04,,24.4,17.8,2.7,0.0,Unknown,Medium,High,Dry,8,0,Summer
Claypit Fire,2025-08-04,Sacramento,128.0,38.409043,-121.028053,8,0,Summer,Medium,2025-08-04,,24.4,17.8,2.7,0.0,Unknown,Medium,High,Dry,8,0,Summer
Gold Fire,2025-08-04,San Bernardino,1079.0,34.320286,-116.906906,8,0,Summer,Large,2025-08-04,,24.4,17.8,2.7,0.0,Unknown,Medium,High,Dry,8,0,Summer
Mckinley Fire,2025-08-04,Fresno,24.0,36.778239,-120.657099,8,0,Summer,Small,2025-08-04,,24.4,17.8,2.7,0.0,Unknown,Medium,High,Dry,8,0,Summer
Cool Fire,2025-08-04,San Diego,17.0,33.213005,-117.002097,8,0,Summer,Small,2025-08-04,,24.4,17.8,2.7,0.0,Unknown,Medium,High,Dry,8,0,Summer
Rosa Fire,2025-08-04,Riverside,1671.0,33.56604,-116.53338,8,0,Summer,Large,2025-08-04,,24.4,17.8,2.7,0.0,Unknown,Medium,High,Dry,8,0,Summer
Midway Fire,2025-08-04,San Luis Obispo,13.0,35.222269,-120.103532,8,0,Summer,Small,2025-08-04,,24.4,17.8,2.7,0.0,Unknown,Medium,High,Dry,8,0,Summer
Keith Fire,2025-08-05,Riverside,16.0,33.602245,-117.134907,8,1,Summer,Small,2025-08-05,,,,,0.0,Unknown,,,Dry,8,1,Summer
Camel Fire,2025-08-05,Solano,10.0,38.054161,-122.135164,8,1,Summer,Small,2025-08-05,,,,,0.0,Unknown,,,Dry,8,1,Summer
Calaveras Fire,2025-08-05,Alameda,16.0,37.576408,-121.864915,8,1,Summer,Small,2025-08-05,,,,,0.0,Unknown,,,Dry,8,1,Summer
Jewel Fire,2025-08-05,Madera,15.0,37.08471,-119.757059,8,1,Summer,Small,2025-08-05,,,,,0.0,Unknown,,,Dry,8,1,Summer
Farm Fire,2025-08-06,Shasta,15.0,40.409513,-122.52078,8,2,Summer,Small,2025-08-06,,,,,0.0,Unknown,,,Dry,8,2,Summer
Van Vleck Fire,2025-08-06,Sacramento,10.0,38.483838,-121.074404,8,2,Summer,Small,2025-08-06,,,,,0.0,Unknown,,,Dry,8,2,Summer
Pond Fire,2025-08-06,Mendocino,25.0,39.73421,-123.51271,8,2,Summer,Small,2025-08-06,,,,,0.0,Unknown,,,Dry,8,2,Summer
Canyon Fire,2025-08-07,"Los Angeles, Ventura",5370.0,34.441462,-118.73503,8,3,Summer,Large,2025-08-07,,,,,0.0,Unknown,,,Dry,8,3,Summer
102 Fire,2025-08-07,Yolo,86.0,38.69111,-121.72738,8,3,Summer,Medium,2025-08-07,,,,,0.0,Unknown,,,Dry,8,3,Summer
Panoche Fire,2025-08-07,San Benito,423.0,36.635134,-120.989102,8,3,Summer,Large,2025-08-07,,,,,0.0,Unknown,,,Dry,8,3,Summer
Real Fire,2025-08-07,Riverside,7.0,34.015644,-117.453354,8,3,Summer,Small,2025-08-07,,,,,0.0,Unknown,,,Dry,8,3,Summer
Butte Fire,2025-08-07,Modoc,45.0,41.955097,-121.120371,8,3,Summer,Medium,2025-08-07,,,,,0.0,Unknown,,,Dry,8,3,Summer
Philadelphia Fire,2025-08-08,Riverside,25.0,34.033455,-117.50691,8,4,Summer,Small,2025-08-08,,,,,0.0,Unknown,,,Dry,8,4,Summer
Berry Fire,2025-08-08,Napa,68.0,38.6989922,-122.2707332,8,4,Summer,Medium,2025-08-08,,,,,0.0,Unknown,,,Dry,8,4,Summer
Runner Fire,2025-08-08,San Diego,88.0,32.687885,-116.281929,8,4,Summer,Medium,2025-08-08,,,,,0.0,Unknown,,,Dry,8,4,Summer
Tiger Fire,2025-08-08,Amador,118.0,38.430401,-120.516289,8,4,Summer,Medium,2025-08-08,,,,,0.0,Unknown,,,Dry,8,4,Summer
North Fire,2025-08-08,Lake,11.0,38.994765,-122.680639,8,4,Summer,Small,2025-08-08,,,,,0.0,Unknown,,,Dry,8,4,Summer
Richbar Fire,2025-08-09,Kern,158.0,35.468395,-118.722809,8,5,Summer,Large,2025-08-09,,25.0,18.9,2.5,0.0,Unknown,Medium,High,Dry,8,5,Summer
Arden Fire,2025-08-09,Lake,26.0,39.100802,-122.805092,8,5,Summer,Small,2025-08-09,,25.0,18.9,2.5,0.0,Unknown,Medium,High,Dry,8,5,Summer
Mariposa Fire,2025-08-09,San Bernardino,12.0,34.325756,-117.477459,8,5,Summer,Small,2025-08-09,,25.0,18.9,2.5,0.0,Unknown,Medium,High,Dry,8,5,Summer
Ponderosa Fire,2025-08-10,Yuba,87.0,39.386003,-121.295635,8,6,Summer,Medium,2025-08-10,,26.7,18.9,2.4,0.0,Unknown,High,High,Dry,8,6,Summer
Clark Fire,2025-08-10,Lassen,51.0,40.91808,-121.170005,8,6,Summer,Medium,2025-08-10,,26.7,18.9,2.4,0.0,Unknown,High,High,Dry,8,6,Summer
Mountain Fire,2025-08-11,Modoc,980.0,41.8124,-121.33,8,0,Summer,Large,2025-08-11,,24.4,18.9,3.4,0.0,Unknown,Medium,High,Dry,8,0,Summer
Utah Fire,2025-08-11,Mariposa,13.0,37.573647,-120.126968,8,0,Summer,Small,2025-08-11,,24.4,18.9,3.4,0.0,Unknown,Medium,High,Dry,8,0,Summer
Perez Fire,2025-08-12,Modoc,15.0,41.714,-121.286667,8,1,Summer,Small,2025-08-12,,23.9,18.9,2.9,0.0,Unknown,Medium,High,Dry,8,1,Summer
Lost Fire,2025-08-12,Fresno,31.0,36.974318,-119.724423,8,1,Summer,Small,2025-08-12,,23.9,18.9,2.9,0.0,Unknown,Medium,High,Dry,8,1,Summer
Smittle Fire,2025-08-13,Napa,5.0,38.560009,-122.234924,8,2,Summer,Small,2025-08-13,,,,,0.0,Unknown,,,Dry,8,2,Summer
Preston Fire,2025-08-13,Mariposa,13.0,37.257358,-119.97478,8,2,Summer,Small,2025-08-13,,,,,0.0,Unknown,,,Dry,8,2,Summer
King Fire,2025-08-14,Los Angeles,577.0,34.720071,-118.79656,8,3,Summer,Large,2025-08-14,,,,,0.0,Unknown,,,Dry,8,3,Summer
Hawk Fire,2025-08-14,Los Angeles,481.0,34.5314258,-118.2272114,8,3,Summer,Large,2025-08-14,,,,,0.0,Unknown,,,Dry,8,3,Summer
Heather Fire,2025-08-14,Siskiyou,240.0,41.932642,-122.4019,8,3,Summer,Large,2025-08-14,,,,,0.0,Unknown,,,Dry,8,3,Summer
Herman Fire,2025-08-15,Solano,167.0,38.097839,-122.131599,8,4,Summer,Large,2025-08-15,,25.6,19.4,2.8,0.0,Unknown,Medium,High,Dry,8,4,Summer
Hadley Fire,2025-08-17,Madera,13.0,37.214319,-119.56892,8,6,Summer,Small,2025-08-17,,28.3,19.4,1.9,0.0,Unknown,High,High,Dry,8,6,Summer
Carlos Fire,2025-08-18,San Luis Obispo,43.0,35.453419,-120.66952,8,0,Summer,Medium,2025-08-18,,29.4,19.4,2.0,0.0,Unknown,High,High,Dry,8,0,Summer
Vineyard Fire,2025-08-19,Madera,41.0,36.865734,-120.140056,8,1,Summer,Medium,2025-08-19,,,,,0.0,Unknown,,,Dry,8,1,Summer
Coyote Fire,2025-08-20,El Dorado,624.0,38.535896,-120.636971,8,2,Summer,Large,2025-08-20,,34.4,18.9,1.4,0.0,Unknown,High,High,Dry,8,2,Summer
Watson Fire,2025-08-21,Santa Clara,23.0,37.084305,-121.644112,8,3,Summer,Small,2025-08-21,,34.4,20.6,1.7,0.0,Unknown,High,High,Dry,8,3,Summer
Pickett Fire,2025-08-21,Napa,6820.0,38.6001023,-122.5519541,8,3,Summer,Large,2025-08-21,,34.4,20.6,1.7,0.0,Unknown,High,High,Dry,8,3,Summer
Cantova Fire,2025-08-21,Sacramento,36.0,38.489675,-121.100506,8,3,Summer,Medium,2025-08-21,,34.4,20.6,1.7,0.0,Unknown,High,High,Dry,8,3,Summer
Crow Fire,2025-08-21,San Diego,500.0,33.4530278,-117.5346389,8,3,Summer,Large,2025-08-21,,34.4,20.6,1.7,0.0,Unknown,High,High,Dry,8,3,Summer
Parks Fire,2025-08-22,Alameda,118.0,37.732098,-121.908142,8,4,Summer,Medium,2025-08-22,,,,,0.0,Unknown,,,Dry,8,4,Summer
Little Fire,2025-08-22,Kern,2506.0,35.569296,-118.585846,8,4,Summer,Large,2025-08-22,,,,,0.0,Unknown,,,Dry,8,4,Summer
Canal Fire,2025-08-23,Madera,46.0,37.097674,-120.029309,8,5,Summer,Medium,2025-08-23,,34.4,21.1,2.2,0.0,Unknown,High,High,Dry,8,5,Summer
Anderson Fire,2025-08-23,Madera,20.0,37.067374,-119.620204,8,5,Summer,Small,2025-08-23,,34.4,21.1,2.2,0.0,Unknown,High,High,Dry,8,5,Summer
Point Fire,2025-08-23,Shasta,43.0,40.38862,-122.40685,8,5,Summer,Medium,2025-08-23,,34.4,21.1,2.2,0.0,Unknown,High,High,Dry,8,5,Summer
Tanabe Fire,2025-08-23,Yuba,40.0,39.265104,-121.514636,8,5,Summer,Medium,2025-08-23,,34.4,21.1,2.2,0.0,Unknown,High,High,Dry,8,5,Summer
Vail Fire,2025-08-23,Riverside,55.0,33.498964,-116.997928,8,5,Summer,Medium,2025-08-23,,34.4,21.1,2.2,0.0,Unknown,High,High,Dry,8,5,Summer
Lierly Fire ,2025-08-23,Kern,139.0,34.995365,-119.044543,8,5,Summer,Medium,2025-08-23,,34.4,21.1,2.2,0.0,Unknown,High,High,Dry,8,5,Summer
Look Fire,2025-08-24,Tulare,11.0,36.536667,-118.909333,8,6,Summer,Small,2025-08-24,,32.8,21.1,1.7,0.0,Unknown,High,High,Dry,8,6,Summer
R-3 Fire,2025-08-24,Lassen,500.0,40.435833,-120.477333,8,6,Summer,Large,2025-08-24,,32.8,21.1,1.7,0.0,Unknown,High,High,Dry,8,6,Summer
Garnet Fire,2025-08-24,Fresno,59844.0,36.86508,-119.027914,8,6,Summer,Large,2025-08-24,,32.8,21.1,1.7,0.0,Unknown,High,High,Dry,8,6,Summer
Sky Fire,2025-08-24,Lake,19.0,38.89991,-122.527007,8,6,Summer,Small,2025-08-24,,32.8,21.1,1.7,0.0,Unknown,High,High,Dry,8,6,Summer
High Fire,2025-08-24,Fresno,36.0,36.964445,-119.343755,8,6,Summer,Medium,2025-08-24,,32.8,21.1,1.7,0.0,Unknown,High,High,Dry,8,6,Summer
Branch 2 Fire,2025-08-24,Fresno,28.0,36.950182,-119.34644,8,6,Summer,Small,2025-08-24,,32.8,21.1,1.7,0.0,Unknown,High,High,Dry,8,6,Summer
R-3 Fire,2025-08-24,Lassen,145.0,40.435833,-120.477333,8,6,Summer,Medium,2025-08-24,,32.8,21.1,1.7,0.0,Unknown,High,High,Dry,8,6,Summer
3-22 Muck Fire,2025-08-25,Lassen,40.0,40.97749,-121.227729,8,0,Summer,Medium,2025-08-25,,30.0,20.6,1.6,0.0,Unknown,High,High,Dry,8,0,Summer
Swift Complex,2025-08-25,Trinity,540.0,40.9044444,-122.8508333,8,0,Summer,Large,2025-08-25,,30.0,20.6,1.6,0.0,Unknown,High,High,Dry,8,0,Summer
Dillon Fire,2025-08-25,Siskiyou,11929.0,41.54121,-123.539009,8,0,Summer,Large,2025-08-25,,30.0,20.6,1.6,0.0,Unknown,High,High,Dry,8,0,Summer
Paskenta Fire,2025-08-25,Tehama,65.0,40.00074,-122.298489,8,0,Summer,Medium,2025-08-25,,30.0,20.6,1.6,0.0,Unknown,High,High,Dry,8,0,Summer
Pomegranate Fire,2025-08-25,Fresno,100.0,36.647094,-120.133591,8,0,Summer,Medium,2025-08-25,,30.0,20.6,1.6,0.0,Unknown,High,High,Dry,8,0,Summer
SKU Late August Lightning Complex,2025-08-25,Siskiyou,107.0,41.0,-122.0,8,0,Summer,Medium,2025-08-25,,30.0,20.6,1.6,0.0,Unknown,High,High,Dry,8,0,Summer
Aberdeen Fire,2025-08-25,Inyo,91.0,36.99955,-118.232528,8,0,Summer,Medium,2025-08-25,,30.0,20.6,1.6,0.0,Unknown,High,High,Dry,8,0,Summer
R-10 Fire,2025-08-25,Lassen,100.0,40.678028,-120.24025,8,0,Summer,Medium,2025-08-25,,30.0,20.6,1.6,0.0,Unknown,High,High,Dry,8,0,Summer
Mesa Fire,2025-08-25,Tuolumne,16.0,37.891253,-120.488153,8,0,Summer,Small,2025-08-25,,30.0,20.6,1.6,0.0,Unknown,High,High,Dry,8,0,Summer
Murphy Fire,2025-08-26,Siskiyou,12.0,41.211359,-123.173767,8,1,Summer,Small,2025-08-26,,25.0,20.0,2.7,0.0,Unknown,Medium,High,Dry,8,1,Summer
Blue Fire,2025-08-26,Siskiyou,3713.0,41.78715,-123.18499,8,1,Summer,Large,2025-08-26,,25.0,20.0,2.7,0.0,Unknown,Medium,High,Dry,8,1,Summer
Franciscan Fire,2025-08-26,Shasta,34.0,40.472116,-122.181166,8,1,Summer,Small,2025-08-26,,25.0,20.0,2.7,0.0,Unknown,Medium,High,Dry,8,1,Summer
Kibbie Fire,2025-08-26,Tuolumne,13.0,38.028263,-119.824371,8,1,Summer,Small,2025-08-26,,25.0,20.0,2.7,0.0,Unknown,Medium,High,Dry,8,1,Summer
Grade Fire,2025-08-26,Siskiyou,10.0,41.217878,-121.590689,8,1,Summer,Small,2025-08-26,,25.0,20.0,2.7,0.0,Unknown,Medium,High,Dry,8,1,Summer
6-3 Fire,2025-08-26,Butte,11.0,39.523797,-121.650849,8,1,Summer,Small,2025-08-26,,25.0,20.0,2.7,0.0,Unknown,Medium,High,Dry,8,1,Summer
3-27 Fire,2025-08-26,Lassen,24.0,41.088854,-121.057196,8,1,Summer,Small,2025-08-26,,25.0,20.0,2.7,0.0,Unknown,Medium,High,Dry,8,1,Summer
Butter Fire,2025-08-26,Kern,48.0,35.464035,-118.147758,8,1,Summer,Medium,2025-08-26,,25.0,20.0,2.7,0.0,Unknown,Medium,High,Dry,8,1,Summer
H-10 Fire,2025-08-26,Shasta,13.0,40.737144,-121.330697,8,1,Summer,Small,2025-08-26,,25.0,20.0,2.7,0.0,Unknown,Medium,High,Dry,8,1,Summer
Parkville Fire,2025-08-27,Shasta,24.0,40.43326,-122.188718,8,2,Summer,Small,2025-08-27,,30.6,19.4,1.8,0.0,Unknown,High,High,Dry,8,2,Summer
5-4 Fire,2025-08-27,Shasta,41.0,40.782379,-122.639809,8,2,Summer,Medium,2025-08-27,,30.6,19.4,1.8,0.0,Unknown,High,High,Dry,8,2,Summer
Lake Fire,2025-08-27,Modoc,401.0,41.86292,-121.22717,8,2,Summer,Large,2025-08-27,,30.6,19.4,1.8,0.0,Unknown,High,High,Dry,8,2,Summer
Garden Fire,2025-08-28,Siskiyou,16.0,41.31546,-123.23382,8,3,Summer,Small,2025-08-28,,,,,0.0,Unknown,,,Dry,8,3,Summer
Hutton Fire,2025-08-28,San Luis Obispo,21.0,34.990911,-120.437696,8,3,Summer,Small,2025-08-28,,,,,0.0,Unknown,,,Dry,8,3,Summer
South Constantia Fire,2025-08-29,Lassen,15.0,39.941076,-120.004618,8,4,Summer,Small,2025-08-29,,32.2,20.6,1.7,0.0,Unknown,High,High,Dry,8,4,Summer
Peter Fire,2025-08-29,Lake,47.0,38.919426,-122.876633,8,4,Summer,Medium,2025-08-29,,32.2,20.6,1.7,0.0,Unknown,High,High,Dry,8,4,Summer
Grant Fire,2025-08-29,Alameda,13.0,37.740292,-121.585802,8,4,Summer,Small,2025-08-29,,32.2,20.6,1.7,0.0,Unknown,High,High,Dry,8,4,Summer
Scott Fire,2025-08-29,Lake,19.0,39.043833,-122.972167,8,4,Summer,Small,2025-08-29,,32.2,20.6,1.7,0.0,Unknown,High,High,Dry,8,4,Summer
Tombstone Fire,2025-08-30,Fresno,49.0,36.901167,-118.817167,8,5,Summer,Medium,2025-08-30,,31.1,20.6,2.3,0.0,Unknown,High,High,Dry,8,5,Summer
Coach Fire,2025-08-30,Monterey,13.0,36.805649,-121.561084,8,5,Summer,Small,2025-08-30,,31.1,20.6,2.3,0.0,Unknown,High,High,Dry,8,5,Summer
Edgewood Fire,2025-08-30,San Mateo,10.0,37.443956,-122.265569,8,5,Summer,Small,2025-08-30,,31.1,20.6,2.3,0.0,Unknown,High,High,Dry,8,5,Summer
Stonewall Fire,2025-08-31,Monterey,31.0,36.448208,-121.226906,8,6,Summer,Small,2025-08-31,,,,,0.0,Unknown,,,Dry,8,6,Summer
Pump Rd / Woo Rd Fire,2025-08-31,Merced,19.0,36.931478,-120.809789,8,6,Summer,Small,2025-08-31,,,,,0.0,Unknown,,,Dry,8,6,Summer
Kettle Fire,2025-08-31,Fresno,24.0,36.9397,-118.7677,8,6,Summer,Small,2025-08-31,,,,,0.0,Unknown,,,Dry,8,6,Summer
Fuel Fire,2025-09-01,Fresno,10.0,37.044697,-119.472565,9,0,Fall,Small,2025-09-01,,32.2,20.6,1.3,0.0,Unknown,High,High,Dry,9,0,Fall
Salt Fire,2025-09-01,"Fresno, Monterey",25579.0,36.011656,-120.36348,9,0,Fall,Large,2025-09-01,,32.2,20.6,1.3,0.0,Unknown,High,High,Dry,9,0,Fall
Root Fire,2025-09-01,Shasta,729.0,41.159093,-122.397152,9,0,Fall,Large,2025-09-01,,32.2,20.6,1.3,0.0,Unknown,High,High,Dry,9,0,Fall
Ellie Fire,2025-09-01,Los Angeles,16.0,34.545175,-119.106092,9,0,Fall,Small,2025-09-01,,32.2,20.6,1.3,0.0,Unknown,High,High,Dry,9,0,Fall
Tracy Fire,2025-09-01,Shasta,18.0,40.40398,-122.31726,9,0,Fall,Small,2025-09-01,,32.2,20.6,1.3,0.0,Unknown,High,High,Dry,9,0,Fall
Log Fire,2025-09-01,Siskiyou,1170.0,41.41726,-123.2668,9,0,Fall,Large,2025-09-01,,32.2,20.6,1.3,0.0,Unknown,High,High,Dry,9,0,Fall
Springs Fire,2025-09-01,Tehama,32.0,40.4017003,-121.8143349,9,0,Fall,Small,2025-09-01,,32.2,20.6,1.3,0.0,Unknown,High,High,Dry,9,0,Fall
Valley Fire,2025-09-01,El Dorado,16.0,38.72489,-121.032,9,0,Fall,Small,2025-09-01,,32.2,20.6,1.3,0.0,Unknown,High,High,Dry,9,0,Fall
S-14 Fire,2025-09-01,Modoc,50.0,41.317155,-120.115829,9,0,Fall,Medium,2025-09-01,,32.2,20.6,1.3,0.0,Unknown,High,High,Dry,9,0,Fall
Palo Fire,2025-09-01,Alameda,10.0,37.689612,-122.020693,9,0,Fall,Small,2025-09-01,,32.2,20.6,1.3,0.0,Unknown,High,High,Dry,9,0,Fall
Rock Fire,2025-09-02,Sacramento,143.0,38.621374,-121.113812,9,1,Fall,Medium,2025-09-02,,36.1,20.6,1.6,0.0,Unknown,High,High,Dry,9,1,Fall
F22 Fire,2025-09-02,Fresno,10.0,35.944667,-120.349833,9,1,Fall,Small,2025-09-02,,36.1,20.6,1.6,0.0,Unknown,High,High,Dry,9,1,Fall
Marmon Fire,2025-09-02,Fresno,1034.0,36.24125,-120.102889,9,1,Fall,Large,2025-09-02,,36.1,20.6,1.6,0.0,Unknown,High,High,Dry,9,1,Fall
Granite Fire,2025-09-02,Butte,19.0,39.890933,-121.451769,9,1,Fall,Small,2025-09-02,,36.1,20.6,1.6,0.0,Unknown,High,High,Dry,9,1,Fall
Porter Fire,2025-09-02,Placer,10.0,39.013895,-121.340233,9,1,Fall,Small,2025-09-02,,36.1,20.6,1.6,0.0,Unknown,High,High,Dry,9,1,Fall
Paladino Fire,2025-09-02,Kern,461.0,35.417279,-118.927674,9,1,Fall,Large,2025-09-02,,36.1,20.6,1.6,0.0,Unknown,High,High,Dry,9,1,Fall
6-5 Fire,2025-09-02,Tuolumne,7037.0,37.819667,-120.437333,9,1,Fall,Large,2025-09-02,,36.1,20.6,1.6,0.0,Unknown,High,High,Dry,9,1,Fall
Forebay Fire,2025-09-02,Butte,36.0,39.524747,-121.612192,9,1,Fall,Medium,2025-09-02,,36.1,20.6,1.6,0.0,Unknown,High,High,Dry,9,1,Fall
1-3 Fire,2025-09-02,Mariposa,250.0,37.262108,-120.007439,9,1,Fall,Large,2025-09-02,,36.1,20.6,1.6,0.0,Unknown,High,High,Dry,9,1,Fall
1-4 Fire,2025-09-02,Mariposa,4451.0,37.255225,-120.067334,9,1,Fall,Large,2025-09-02,,36.1,20.6,1.6,0.0,Unknown,High,High,Dry,9,1,Fall
Copper Fire,2025-09-02,Amador,11.0,38.484002,-121.007605,9,1,Fall,Small,2025-09-02,,36.1,20.6,1.6,0.0,Unknown,High,High,Dry,9,1,Fall
Park Fire,2025-09-02,Monterey,25.0,35.945333,-120.3755,9,1,Fall,Small,2025-09-02,,36.1,20.6,1.6,0.0,Unknown,High,High,Dry,9,1,Fall
TCU September Lightning Complex ,2025-09-02,"Calaveras, San Joaquin, Stanislaus, Tuolumne",13869.0,37.998587,-120.475152,9,1,Fall,Large,2025-09-02,,36.1,20.6,1.6,0.0,Unknown,High,High,Dry,9,1,Fall
6-2 Fire,2025-09-02,Tuolumne,1025.0,37.77721,-120.38529,9,1,Fall,Large,2025-09-02,,36.1,20.6,1.6,0.0,Unknown,High,High,Dry,9,1,Fall
4-1 Fire,2025-09-02,Sacramento,8.0,38.438081,-121.048558,9,1,Fall,Small,2025-09-02,,36.1,20.6,1.6,0.0,Unknown,High,High,Dry,9,1,Fall
Moraga Fire,2025-09-02,Merced,315.0,37.079208,-120.962011,9,1,Fall,Large,2025-09-02,,36.1,20.6,1.6,0.0,Unknown,High,High,Dry,9,1,Fall
Hornitos 1-2 Fire,2025-09-02,Mariposa,390.0,37.529667,-120.256117,9,1,Fall,Large,2025-09-02,,36.1,20.6,1.6,0.0,Unknown,High,High,Dry,9,1,Fall
Brown Fire,2025-09-02,Sacramento,60.0,38.464121,-121.043423,9,1,Fall,Medium,2025-09-02,,36.1,20.6,1.6,0.0,Unknown,High,High,Dry,9,1,Fall
Michigan Fire,2025-09-02,Amador,33.0,38.379304,-120.986172,9,1,Fall,Small,2025-09-02,,36.1,20.6,1.6,0.0,Unknown,High,High,Dry,9,1,Fall
Canal Fire,2025-09-02,Madera,272.0,37.119648,-120.074557,9,1,Fall,Large,2025-09-02,,36.1,20.6,1.6,0.0,Unknown,High,High,Dry,9,1,Fall
Sierra Fire,2025-09-02,Placer,44.0,38.862604,-121.21753,9,1,Fall,Medium,2025-09-02,,36.1,20.6,1.6,0.0,Unknown,High,High,Dry,9,1,Fall
18-1 Fire,2025-09-02,Merced,463.0,37.250521,-120.197971,9,1,Fall,Large,2025-09-02,,36.1,20.6,1.6,0.0,Unknown,High,High,Dry,9,1,Fall
Cedar Fire,2025-09-02,Trinity,104.0,40.406746,-123.231979,9,1,Fall,Medium,2025-09-02,,36.1,20.6,1.6,0.0,Unknown,High,High,Dry,9,1,Fall
Orange Fire,2025-09-02,Tehama,10.0,39.960829,-122.164789,9,1,Fall,Small,2025-09-02,,36.1,20.6,1.6,0.0,Unknown,High,High,Dry,9,1,Fall
16-4 Fire,2025-09-03,Yuba,10.0,39.342777,-121.350555,9,2,Fall,Small,2025-09-03,,33.9,21.1,1.7,0.0,Unknown,High,High,Dry,9,2,Fall
Myers Fire,2025-09-03,Riverside,90.0,33.753799,-117.024162,9,2,Fall,Medium,2025-09-03,,33.9,21.1,1.7,0.0,Unknown,High,High,Dry,9,2,Fall
Rd 29 / Ave 16.25 Fire,2025-09-03,Madera,151.0,36.985276,-120.019506,9,2,Fall,Medium,2025-09-03,,33.9,21.1,1.7,0.0,Unknown,High,High,Dry,9,2,Fall
Billy Fire,2025-09-04,Merced,24.0,37.020145,-120.99063,9,3,Fall,Small,2025-09-04,,28.9,20.0,2.5,0.0,Unknown,High,High,Dry,9,3,Fall
Walnut Fire,2025-09-05,San Luis Obispo,14.0,35.233355,-120.754223,9,4,Fall,Small,2025-09-05,,27.2,19.4,2.1,0.0,Unknown,High,High,Dry,9,4,Fall
Lodge Fire,2025-09-05,San Diego,75.0,32.7256,-116.95884,9,4,Fall,Medium,2025-09-05,,27.2,19.4,2.1,0.0,Unknown,High,High,Dry,9,4,Fall
Pyrite Fire,2025-09-05,Riverside,450.0,34.017805,-117.462368,9,4,Fall,Large,2025-09-05,,27.2,19.4,2.1,0.0,Unknown,High,High,Dry,9,4,Fall
Springs Fire,2025-09-05,San Bernardino,33.0,34.361588,-117.16674,9,4,Fall,Small,2025-09-05,,27.2,19.4,2.1,0.0,Unknown,High,High,Dry,9,4,Fall
Crump Fire,2025-09-06,Riverside,55.0,33.71145,-117.313944,9,5,Fall,Medium,2025-09-06,,,,,0.0,Unknown,,,Dry,9,5,Fall
Aqueduct Fire,2025-09-07,Kern,14.0,35.223722,-118.118136,9,6,Fall,Small,2025-09-07,,,,,0.0,Unknown,,,Dry,9,6,Fall
Coches 2 Fire,2025-09-08,San Diego,5.0,32.832348,-116.905491,9,0,Fall,Small,2025-09-08,,26.7,20.0,2.4,0.0,Unknown,High,High,Dry,9,0,Fall
Fantasy Fire,2025-09-08,Tulare,16.0,36.056176,-118.930008,9,0,Fall,Small,2025-09-08,,26.7,20.0,2.4,0.0,Unknown,High,High,Dry,9,0,Fall
Lake Fire,2025-09-08,Lassen,21.0,40.375587,-120.48818,9,0,Fall,Small,2025-09-08,,26.7,20.0,2.4,0.0,Unknown,High,High,Dry,9,0,Fall
Sycamore Fire,2025-09-08,Riverside,16.0,33.594925,-116.940637,9,0,Fall,Small,2025-09-08,,26.7,20.0,2.4,0.0,Unknown,High,High,Dry,9,0,Fall
Nella Fire,2025-09-09,Merced,16.0,37.056509,-120.969345,9,1,Fall,Small,2025-09-09,,,,,0.0,Unknown,,,Dry,9,1,Fall
Tornado Fire,2025-09-10,Riverside,12.0,33.473554,-117.170723,9,2,Fall,Small,2025-09-10,,25.0,19.4,2.9,0.0,Unknown,Medium,High,Dry,9,2,Fall
Boggs Fire,2025-09-10,Tehama,88.0,39.962679,-122.398034,9,2,Fall,Medium,2025-09-10,,25.0,19.4,2.9,0.0,Unknown,Medium,High,Dry,9,2,Fall
Buell Fire,2025-09-10,Shasta,13.0,40.474673,-122.619388,9,2,Fall,Small,2025-09-10,,25.0,19.4,2.9,0.0,Unknown,Medium,High,Dry,9,2,Fall
Elephant Fire,2025-09-11,Tulare,10.0,35.99553,-118.48688,9,3,Fall,Small,2025-09-11,,25.0,18.9,2.1,0.0,Unknown,Medium,High,Dry,9,3,Fall
Shale Fire,2025-09-12,Solano,13.0,38.458292,-122.056304,9,4,Fall,Small,2025-09-12,,,,,0.0,Unknown,,,Dry,9,4,Fall
Hunt Fire,2025-09-14,Calaveras,23.0,38.021791,-120.775674,9,6,Fall,Small,2025-09-14,,,,,0.0,Unknown,,,Dry,9,6,Fall
Madera Fire,2025-09-14,Madera,64.0,37.010829,-120.056215,9,6,Fall,Medium,2025-09-14,,,,,0.0,Unknown,,,Dry,9,6,Fall
Pass Fire,2025-09-17,Tulare,26.0,36.20052,-118.181595,9,2,Fall,Small,2025-09-17,,30.0,21.7,2.1,0.0,Unknown,High,High,Dry,9,2,Fall
East Fire,2025-09-17,Merced,36.0,37.491158,-120.612219,9,2,Fall,Medium,2025-09-17,,30.0,21.7,2.1,0.0,Unknown,High,High,Dry,9,2,Fall
Solar Fire,2025-09-19,Fresno,418.0,36.61751,-120.333854,9,4,Fall,Large,2025-09-19,,30.0,20.6,1.5,0.0,Unknown,High,High,Dry,9,4,Fall
Pippo Fire,2025-09-20,Solano,12.0,38.416028,-122.003395,9,5,Fall,Small,2025-09-20,,26.7,19.4,2.0,0.0,Unknown,High,High,Dry,9,5,Fall
Uphill Fire,2025-09-22,El Dorado,22.0,38.827689,-120.998424,9,0,Fall,Small,2025-09-22,,27.8,18.3,1.8,0.0,Unknown,High,High,Dry,9,0,Fall
Springs Fire,2025-09-24,Riverside,13.0,33.768255,-117.084452,9,2,Fall,Small,2025-09-24,,,,,0.0,Unknown,,,Dry,9,2,Fall
Baldy Fire,2025-09-24,Mendocino,14.0,39.926657,-123.341945,9,2,Fall,Small,2025-09-24,,,,,0.0,Unknown,,,Dry,9,2,Fall
Joaquin Fire,2025-09-24,Fresno,37.0,36.219908,-120.498195,9,2,Fall,Medium,2025-09-24,,,,,0.0,Unknown,,,Dry,9,2,Fall
Lost Fire,2025-09-25,Ventura,13.0,34.301578,-118.751784,9,3,Fall,Small,2025-09-25,,,,,0.0,Unknown,,,Dry,9,3,Fall
Martell Fire,2025-09-26,Stanislaus,37.0,37.906127,-120.732557,9,4,Fall,Medium,2025-09-26,,,,,0.0,Unknown,,,Dry,9,4,Fall
Cobb Fire,2025-09-26,Humboldt,12.0,40.463864,-123.527677,9,4,Fall,Small,2025-09-26,,,,,0.0,Unknown,,,Dry,9,4,Fall
Vleck Fire,2025-09-29,Sacramento,30.0,38.482401,-121.074736,9,0,Fall,Small,2025-09-29,,,,,0.0,Unknown,,,Dry,9,0,Fall
Paloma Fire,2025-09-30,Mariposa,86.0,37.482008,-120.272427,9,1,Fall,Medium,2025-09-30,,25.6,17.2,1.1,0.0,Unknown,Medium,High,Dry,9,1,Fall
Alma Fire,2025-10-04,San Luis Obispo,107.0,35.307304,-119.860559,10,5,Fall,Medium,2025-10-04,,,,,0.0,Unknown,,,Dry,10,5,Fall
Muck Fire,2025-10-06,Lassen,18.0,40.986657,-121.264818,10,0,Fall,Small,2025-10-06,,22.8,16.7,1.7,0.0,Unknown,Medium,Medium,Dry,10,0,Fall
School Fire,2025-10-07,San Mateo,24.0,37.320463,-122.366039,10,1,Fall,Small,2025-10-07,,25.0,15.6,1.0,0.0,Unknown,Medium,Medium,Dry,10,1,Fall
Sandia Fire,2025-10-07,San Diego,24.0,33.444583,-117.264357,10,1,Fall,Small,2025-10-07,,25.0,15.6,1.0,0.0,Unknown,Medium,Medium,Dry,10,1,Fall
Nichols Fire,2025-10-07,Nevada,12.0,39.101047,-121.251881,10,1,Fall,Small,2025-10-07,,25.0,15.6,1.0,0.0,Unknown,Medium,Medium,Dry,10,1,Fall
Rancho 3 Fire,2025-10-09,San Diego,105.0,33.0751624,-116.769802,10,3,Fall,Medium,2025-10-09,,23.9,16.1,1.4,0.0,Unknown,Medium,Medium,Dry,10,3,Fall
Dart Fire,2025-10-11,Tulare,13.0,36.066607,-118.966173,10,5,Fall,Small,2025-10-11,,23.3,17.2,2.0,0.0,Unknown,Medium,High,Dry,10,5,Fall
Rock Fire,2025-10-11,Lake,39.0,38.885668,-122.44521,10,5,Fall,Medium,2025-10-11,,23.3,17.2,2.0,0.0,Unknown,Medium,High,Dry,10,5,Fall
Black Rock Fire,2025-10-12,San Bernardino,72.0,34.063714,-116.393457,10,6,Fall,Medium,2025-10-12,,23.9,15.0,1.9,0.0,Unknown,Medium,Medium,Dry,10,6,Fall
Ranch Fire,2025-10-15,Tulare,11.0,36.025508,-118.843604,10,2,Fall,Small,2025-10-15,,,,,22.9,Unknown,,,Dry,10,2,Fall
Parkmead Fire,2025-10-18,Riverside,19.0,33.861292,-116.561245,10,5,Fall,Small,2025-10-18,,31.1,12.8,1.0,0.0,Unknown,High,Medium,Dry,10,5,Fall
Grove Fire,2025-10-21,Mariposa,19.0,37.357481,-119.870253,10,1,Fall,Small,2025-10-21,,25.6,15.0,1.4,0.0,Unknown,Medium,Medium,Dry,10,1,Fall
Slope Fire,2025-10-22,Tulare,8.0,35.909937,-118.765302,10,2,Fall,Small,2025-10-22,,21.7,16.1,1.9,0.0,Unknown,Low,Medium,Dry,10,2,Fall
Grant Fire ,2025-10-26,Alameda,20.0,37.734211,-121.620807,10,6,Fall,Small,2025-10-26,,,,,0.0,Unknown,,,Dry,10,6,Fall
Gyle Fire,2025-10-27,Tehama,19.0,40.001361,-122.275786,10,0,Fall,Small,2025-10-27,,23.9,15.6,1.2,0.0,Unknown,Medium,Medium,Dry,10,0,Fall
Sage Fire,2025-10-27,Mono,260.0,37.4864,-118.4867,10,0,Fall,Large,2025-10-27,,23.9,15.6,1.2,0.0,Unknown,Medium,Medium,Dry,10,0,Fall
Sophie Fire,2025-10-29,Riverside,9.0,33.756323,-117.273098,10,2,Fall,Small,2025-10-29,,,,,0.5,Unknown,,,Dry,10,2,Fall
Bummer Fire,2025-10-29,Tuolumne,293.0,38.305002,-120.026064,10,2,Fall,Large,2025-10-29,,,,,0.5,Unknown,,,Dry,10,2,Fall
Scissors Fire,2025-11-02,San Diego,68.0,33.100441,-116.478846,11,6,Fall,Medium,2025-11-02,,21.1,16.1,1.8,0.0,Unknown,Low,Medium,Dry,11,6,Fall
Gianelli Fire,2025-11-02,Tuolumne,372.0,38.077702,-120.196545,11,6,Fall,Large,2025-11-02,,21.1,16.1,1.8,0.0,Unknown,Low,Medium,Dry,11,6,Fall
Border 18 Fire,2025-11-08,San Diego,62.0,32.594887,-116.761976,11,5,Fall,Medium,2025-11-08,,23.3,16.1,0.9,0.0,Unknown,Medium,Medium,Dry,11,5,Fall
Highline Fire,2025-11-09,Imperial,10.0,32.901984,-115.293446,11,6,Fall,Small,2025-11-09,,,,,0.0,Unknown,,,Dry,11,6,Fall
Pack Fire,2025-11-13,Mono,1974.0,37.56243,-118.788215,11,3,Fall,Large,2025-11-13,,,,,0.0,Unknown,,,Dry,11,3,Fall
Beaver Fire,2025-12-04,Amador,15.0,38.4835,-120.347667,12,3,Winter,Small,2025-12-04,,,,,0.0,Unknown,,,Dry,12,3,Winter
Lamb Fire,2026-01-24,Trinity,10.0,40.506958,-123.506241,1,5,Winter,Small,2026-01-24,,,,,0.0,Unknown,,,Dry,1,5,Winter
East Fork Fire,2026-01-27,Siskiyou,11.0,41.362804,-122.67011,1,1,Winter,Small,2026-01-27,,23.9,5.0,0.7,0.0,Unknown,Medium,Low,Dry,1,1,Winter
Ag Fire,2026-02-06,Modoc,11.0,41.525772,-120.473025,2,4,Winter,Small,2026-02-06,,,,,0.0,Unknown,,,Dry,2,4,Winter
Valley Fire,2026-03-13,Lassen,40.0,41.091881,-121.325398,3,4,Spring,Medium,2026-03-13,,,,,0.0,Unknown,,,Dry,3,4,Spring
Canyon Fire,2026-03-20,Kern,17.0,35.31376,-118.288987,3,4,Spring,Small,2026-03-20,,,,,0.0,Unknown,,,Dry,3,4,Spring
Hunter Fire,2026-03-22,Mariposa,21.0,37.616619,-120.230337,3,6,Spring,Small,2026-03-22,,22.2,14.4,2.1,0.0,Unknown,Medium,Medium,Dry,3,6,Spring
Oso Fire,2026-03-24,Stanislaus,15.0,37.448285,-121.282906,3,1,Spring,Small,2026-03-24,,25.0,16.7,1.5,0.0,Unknown,Medium,Medium,Dry,3,1,Spring
Deer Fire,2026-03-24,Siskiyou,23.0,41.554617,-122.1167,3,1,Spring,Small,2026-03-24,,25.0,16.7,1.5,0.0,Unknown,Medium,Medium,Dry,3,1,Spring
Derrick Fire,2026-03-24,Fresno,24.0,36.603111,-120.347595,3,1,Spring,Small,2026-03-24,,25.0,16.7,1.5,0.0,Unknown,Medium,Medium,Dry,3,1,Spring
Almond Fire,2026-03-24,Riverside,22.0,33.914311,-116.773828,3,1,Spring,Small,2026-03-24,,25.0,16.7,1.5,0.0,Unknown,Medium,Medium,Dry,3,1,Spring
Paramount Fire,2026-03-25,Kings,1280.0,35.823,-119.882,3,2,Spring,Large,2026-03-25,,26.7,15.6,1.6,0.0,Unknown,High,Medium,Dry,3,2,Spring
Sheep Springs Fire,2026-03-27,Kern,170.0,35.4939,-117.776,3,4,Spring,Large,2026-03-27,,26.7,15.6,1.6,0.0,Unknown,High,Medium,Dry,3,4,Spring
Sunny Fire,2026-03-28,Napa,12.0,38.537939,-122.467775,3,5,Spring,Small,2026-03-28,,25.6,15.0,1.3,0.0,Unknown,Medium,Medium,Dry,3,5,Spring
Well Fire,2026-04-02,Fresno,45.0,36.229742,-120.313486,4,3,Spring,Medium,2026-04-02,,21.7,15.0,2.1,0.0,Unknown,Low,Medium,Dry,4,3,Spring
Springs Fire,2026-04-03,Riverside,4176.0,33.914308,-117.094579,4,4,Spring,Large,2026-04-03,,28.9,13.9,2.1,0.0,Unknown,High,Medium,Dry,4,4,Spring
Crown Fire,2026-04-03,Los Angeles,385.0,34.465928,-118.196999,4,4,Spring,Large,2026-04-03,,28.9,13.9,2.1,0.0,Unknown,High,Medium,Dry,4,4,Spring
Serena Fire,2026-04-05,Riverside,33.0,33.52512,-117.09457,4,6,Spring,Small,2026-04-05,,,,,0.0,Unknown,,,Dry,4,6,Spring
Blue Fire,2026-04-06,Kern,15.0,35.715926,-118.814608,4,0,Spring,Small,2026-04-06,,,,,0.0,Unknown,,,Dry,4,0,Spring
Swiss Fire,2026-04-07,Calaveras,29.0,38.306181,-120.405261,4,1,Spring,Small,2026-04-07,,22.8,14.4,2.2,0.0,Unknown,Medium,Medium,Dry,4,1,Spring
Bourbon Fire,2026-04-08,San Bernardino,23.0,34.3962,-116.99484,4,2,Spring,Small,2026-04-08,,,,,0.0,Unknown,,,Dry,4,2,Spring
Jess Fire,2026-04-08,Modoc,13.0,41.274119,-120.311009,4,2,Spring,Small,2026-04-08,,,,,0.0,Unknown,,,Dry,4,2,Spring
Rider Fire,2026-04-10,Riverside,30.0,33.83131,-117.27363,4,4,Spring,Small,2026-04-10,,23.3,16.7,2.1,0.0,Unknown,Medium,Medium,Dry,4,4,Spring
Hill Fire,2026-04-11,Tulare,16.0,36.287227,-119.084457,4,5,Spring,Small,2026-04-11,,,,,2.3,Unknown,,,Dry,4,5,Spring
19th Fire,2026-04-14,Kings,325.0,36.20001,-119.79721,4,1,Spring,Large,2026-04-14,,21.1,12.8,2.1,0.0,Unknown,Low,Medium,Dry,4,1,Spring
Yearling Fire,2026-04-15,Riverside,36.0,33.980189,-117.472118,4,2,Spring,Medium,2026-04-15,,23.9,11.1,1.7,0.0,Unknown,Medium,Low,Dry,4,2,Spring
Ember Fire ,2026-04-16,Los Angeles,428.0,34.7041,-117.9543,4,3,Spring,Large,2026-04-15,,23.9,11.1,1.7,0.0,Unknown,Medium,Low,Dry,4,2,Spring
Iona Fire ,2026-04-16,Los Angeles,92.0,34.72345,-118.23457,4,3,Spring,Medium,2026-04-15,,23.9,11.1,1.7,0.0,Unknown,Medium,Low,Dry,4,2,Spring
Keaton Fire,2026-04-16,Merced,10.0,37.313499,-120.915156,4,3,Spring,Small,2026-04-15,,23.9,11.1,1.7,0.0,Unknown,Medium,Low,Dry,4,2,Spring
Snake Fire,2026-04-17,Kern,20.0,34.878679,-118.240713,4,4,Spring,Small,2026-04-15,,23.9,11.1,1.7,0.0,Unknown,Medium,Low,Dry,4,2,Spring
Palomar Fire,2026-04-17,Riverside,11.0,33.610407,-117.283536,4,4,Spring,Small,2026-04-15,,23.9,11.1,1.7,0.0,Unknown,Medium,Low,Dry,4,2,Spring
Vista Fire,2026-04-17,Riverside,183.0,33.7288,-117.3217,4,4,Spring,Large,2026-04-15,,23.9,11.1,1.7,0.0,Unknown,Medium,Low,Dry,4,2,Spring
