incident_name,incident_dateonly_created,incident_county,incident_acres_burned,incident_latitude,incident_longitude,MONTH_fire,DAY_OF_WEEK_fire,SEASON_fire,FIRE_SIZE_CAT,DATE,TMAX,TMIN,AWND,PRCP,TAVG_CAT,TMAX_CAT,TMIN_CAT,PRCP_CAT,MONTH_weather,DAY_OF_WEEK_weather,SEASON_weather,WILDFIRE_OCCURRENCE
Demo LA,2026-05-06,Los Angeles,100.0,34.05,-118.25,5.0,3.0,Spring,Medium,2026-05-06,25.0,15.0,2.0,0.0,Medium,Medium,Low,Dry,5.0,3.0,Spring,0.67
Demo Orange,2026-05-06,Orange,100.0,33.75,-117.87,5.0,3.0,Spring,Medium,2026-05-06,27.0,16.0,2.0,0.0,Medium,High,Low,Dry,5.0,3.0,Spring,0.81
Byron Fire,2020-04-27,Contra Costa,47.0,37.82066,-121.595225,4.0,0.0,Spring,Medium,2020-04-27,,23.9,17.2,2.3,0.0,Unknown,Medium,High,Dry,4.0,0.0,Summer,1.0
Interstate 5 Fire,2020-05-03,Kings,2060.0,36.075003,-120.106407,5.0,6.0,Spring,Large,2020-05-03,,26.1,16.1,1.7,0.0,Unknown,Medium,Medium,Dry,5.0,6.0,Summer,1.0
Harley Fire,2020-05-28,Riverside,60.0,33.83167,-117.34934,5.0,3.0,Spring,Medium,2020-05-28,,22.2,17.2,2.1,0.0,Unknown,Medium,High,Dry,5.0,3.0,Summer,1.0
Creek Fire,2020-05-30,Contra Costa,60.0,35.9994,-86.8616,5.0,5.0,Spring,Medium,2020-05-30,,25.0,17.8,2.4,0.0,Unknown,Medium,High,Dry,5.0,5.0,Summer,1.0
Acres Fire,2020-06-01,Madera,237.0,37.11806,-119.93221,6.0,0.0,Summer,Large,2020-06-01,,31.1,16.7,1.8,0.0,Unknown,High,Medium,Dry,6.0,0.0,Summer,1.0
Amoruso Fire,2020-06-01,Placer,670.0,38.824371,-121.390862,6.0,0.0,Summer,Large,2020-06-01,,31.1,16.7,1.8,0.0,Unknown,High,Medium,Dry,6.0,0.0,Summer,1.0
Nash Fire,2020-06-01,Mendocino,10.0,39.1296,-123.48018,6.0,0.0,Summer,Small,2020-06-01,,31.1,16.7,1.8,0.0,Unknown,High,Medium,Dry,6.0,0.0,Summer,1.0,,,,,,,,,,,,,,,,,,,,,,,,
Horn Fire ,2020-06-02,Lassen,37.0,40.809323,-120.288882,6.0,1.0,Summer,Medium,2020-06-02,,28.9,17.8,1.6,0.0,Unknown,High,High,Dry,6.0,1.0,Summer,1.0,,,,,,,,,,,,,,,,,,,,,,,,
Smoketree Fire,2020-06-02,Riverside,129.0,33.782532,-116.524014,6.0,1.0,Summer,Medium,2020-06-02,,28.9,17.8,1.6,0.0,Unknown,High,High,Dry,6.0,1.0,Summer,1.0,,,,,,,,,,,,,,,,,,,,,,,,
Wildlife Fire,2020-06-03,Solano,300.0,38.232281,-122.042199,6.0,2.0,Summer,Large,2020-06-03,,34.4,18.3,1.8,0.0,Unknown,High,High,Dry,6.0,2.0,Summer,1.0,,,,,,,,,,,,,,,,,,,,,,,,
Silver Fire,2020-06-04,Santa Clara,19.0,37.329163,-121.726223,6.0,3.0,Summer,Small,2020-06-04,,22.2,17.8,3.1,0.0,Unknown,Medium,High,Dry,6.0,3.0,Summer,1.0,,,,,,,,,,,,,,,,,,,,,,,,
Brock Fire,2020-06-04,Shasta,15.0,40.837885,-122.097933,6.0,3.0,Summer,Small,2020-06-04,,22.2,17.8,3.1,0.0,Unknown,Medium,High,Dry,6.0,3.0,Summer,1.0,,,,,,,,,,,,,,,,,,,,,,,,
Colleen Fire,2020-06-04,Santa Clara,126.0,37.229703,-121.851895,6.0,3.0,Summer,Medium,2020-06-04,,22.2,17.8,3.1,0.0,Unknown,Medium,High,Dry,6.0,3.0,Summer,1.0,,,,,,,,,,,,,,,,,,,,,,,,
Karchner Fire,2020-06-05,Placer,39.0,38.98487,-121.340239,6.0,4.0,Summer,Medium,2020-06-05,,22.2,17.8,1.9,0.0,Unknown,Medium,High,Dry,6.0,4.0,Summer,1.0,,,,,,,,,,,,,,,,,,,,,,,,
Lakeville Fire,2020-06-05,Sonoma,141.0,38.224849,-122.549816,6.0,4.0,Summer,Medium,2020-06-05,,22.2,17.8,1.9,0.0,Unknown,Medium,High,Dry,6.0,4.0,Summer,1.0,,,,,,,,,,,,,,,,,,,,,,,,
McGary Fire ,2020-06-05,Solano,79.0,38.196893,-122.156313,6.0,4.0,Summer,Medium,2020-06-05,,22.2,17.8,1.9,0.0,Unknown,Medium,High,Dry,6.0,4.0,Summer,1.0,,,,,,,,,,,,,,,,,,,,,,,,
Quail Fire,2020-06-06,Solano,1837.0,38.470809,-122.038208,6.0,5.0,Summer,Large,2020-06-06,,23.3,17.8,2.0,0.0,Unknown,Medium,High,Dry,6.0,5.0,Summer,1.0,,,,,,,,,,,,,,,,,,,,,,,,
Willow Fire ,2020-06-06,Contra Costa,100.0,37.994368,-122.002811,6.0,5.0,Summer,Medium,2020-06-06,,23.3,17.8,2.0,0.0,Unknown,Medium,High,Dry,6.0,5.0,Summer,1.0,,,,,,,,,,,,,,,,,,,,,,,,
Gulch Fire,2020-06-06,Sonoma,107.0,38.216134,-122.536406,6.0,5.0,Summer,Medium,2020-06-06,,23.3,17.8,2.0,0.0,Unknown,Medium,High,Dry,6.0,5.0,Summer,1.0,,,,,,,,,,,,,,,,,,,,,,,,
Bitterwater Fire,2020-06-07,Monterey,211.0,36.2644,-121.0781,6.0,6.0,Summer,Large,2020-06-07,,25.6,16.1,2.4,0.0,Unknown,Medium,Medium,Dry,6.0,6.0,Summer,1.0,,,,,,,,,,,,,,,,,,,,,,,,
Hunters Fire,2020-06-07,Mariposa,85.0,37.61955,-120.215454,6.0,6.0,Summer,Medium,2020-06-07,,25.6,16.1,2.4,0.0,Unknown,Medium,Medium,Dry,6.0,6.0,Summer,1.0,,,,,,,,,,,,,,,,,,,,,,,,
Sperry Fire,2020-06-08,Stanislaus,80.0,37.463636,-121.16483,6.0,0.0,Summer,Medium,2020-06-08,,33.3,13.3,2.0,0.0,Unknown,High,Medium,Dry,6.0,0.0,Summer,1.0,,,,,,,,,,,,,,,,,,,,,,,,
Grand Fire,2020-06-08,Riverside,27.0,33.638067,-117.37581,6.0,0.0,Summer,Small,2020-06-08,,33.3,13.3,2.0,0.0,Unknown,High,Medium,Dry,6.0,0.0,Summer,1.0,,,,,,,,,,,,,,,,,,,,,,,,
Bradley Fire ,2020-06-08,Monterey,230.0,35.94979,-120.81509,6.0,0.0,Summer,Large,2020-06-08,,33.3,13.3,2.0,0.0,Unknown,High,Medium,Dry,6.0,0.0,Summer,1.0,,,,,,,,,,,,,,,,,,,,,,,,
Sierra Fire,2020-06-08,Riverside,100.0,33.82925,-117.46036,6.0,0.0,Summer,Medium,2020-06-08,,33.3,13.3,2.0,0.0,Unknown,High,Medium,Dry,6.0,0.0,Summer,1.0,,,,,,,,,,,,,,,,,,,,,,,,
Oak Fire,2020-06-08,Riverside,20.0,33.78275,-116.89655,6.0,0.0,Summer,Small,2020-06-08,,33.3,13.3,2.0,0.0,Unknown,High,Medium,Dry,6.0,0.0,Summer,1.0,,,,,,,,,,,,,,,,,,,,,,,,
Cronan Fire ,2020-06-09,El Dorado,29.0,38.827755,-120.988571,6.0,1.0,Summer,Small,2020-06-09,,37.8,17.2,1.7,0.0,Unknown,High,High,Dry,6.0,1.0,Summer,1.0,,,,,,,,,,,,,,,,,,,,,,,,
Vineyard Fire ,2020-06-09,Mendocino,151.0,38.89695,-123.21318,6.0,1.0,Summer,Medium,2020-06-09,,37.8,17.2,1.7,0.0,Unknown,High,High,Dry,6.0,1.0,Summer,1.0,,,,,,,,,,,,,,,,,,,,,,,,
India Fire,2020-06-09,San Diego,1100.0,33.37579,-117.47166,6.0,1.0,Summer,Large,2020-06-09,,37.8,17.2,1.7,0.0,Unknown,High,High,Dry,6.0,1.0,Summer,1.0,,,,,,,,,,,,,,,,,,,,,,,,
Cornetts Fire,2020-06-13,Mariposa,191.0,37.40827,-120.08522,6.0,5.0,Summer,Large,2020-06-13,,24.4,16.7,2.6,0.0,Unknown,Medium,Medium,Dry,6.0,5.0,Summer,1.0,,,,,,,,,,,,,,,,,,,,,,,,
Dawson Fire ,2020-06-13,Riverside,10.0,33.776033,-117.461925,6.0,5.0,Summer,Small,2020-06-13,,24.4,16.7,2.6,0.0,Unknown,Medium,Medium,Dry,6.0,5.0,Summer,1.0,,,,,,,,,,,,,,,,,,,,,,,,
Hopland Fire,2020-06-13,Mendocino,34.0,39.14783,-80.49163,6.0,5.0,Summer,Small,2020-06-13,,24.4,16.7,2.6,0.0,Unknown,Medium,Medium,Dry,6.0,5.0,Summer,1.0,,,,,,,,,,,,,,,,,,,,,,,,
Avila Fire,2020-06-15,San Luis Obispo,445.0,35.17977,-120.69959,6.0,0.0,Summer,Large,2020-06-15,,26.1,17.8,2.3,0.0,Unknown,Medium,High,Dry,6.0,0.0,Summer,1.0,,,,,,,,,,,,,,,,,,,,,,,,
Riata Fire ,2020-06-16,San Luis Obispo,18.0,35.40953,-120.56823,6.0,1.0,Summer,Small,2020-06-16,,25.0,18.3,2.4,0.0,Unknown,Medium,High,Dry,6.0,1.0,Summer,1.0,,,,,,,,,,,,,,,,,,,,,,,,
Bitter Fire ,2020-06-16,San Benito,813.0,36.3011,-120.92925,6.0,1.0,Summer,Large,2020-06-16,,25.0,18.3,2.4,0.0,Unknown,Medium,High,Dry,6.0,1.0,Summer,1.0,,,,,,,,,,,,,,,,,,,,,,,,
Walker Fire,2020-06-16,Calaveras,1455.0,38.07741,-120.72958,6.0,1.0,Summer,Large,2020-06-16,,25.0,18.3,2.4,0.0,Unknown,Medium,High,Dry,6.0,1.0,Summer,1.0,,,,,,,,,,,,,,,,,,,,,,,,
Baker Fire,2020-06-17,Kern,165.0,35.27678,-118.6894,6.0,2.0,Summer,Large,2020-06-17,,24.4,17.2,2.6,0.0,Unknown,Medium,High,Dry,6.0,2.0,Summer,1.0,,,,,,,,,,,,,,,,,,,,,,,,
Gyle Fire,2020-06-17,Tehama,68.0,40.000132,-122.205628,6.0,2.0,Summer,Medium,2020-06-17,,24.4,17.2,2.6,0.0,Unknown,Medium,High,Dry,6.0,2.0,Summer,1.0,,,,,,,,,,,,,,,,,,,,,,,,
Ridge Fire,2020-06-17,Monterey,83.0,35.9497,-121.42113,6.0,2.0,Summer,Medium,2020-06-17,,24.4,17.2,2.6,0.0,Unknown,Medium,High,Dry,6.0,2.0,Summer,1.0,,,,,,,,,,,,,,,,,,,,,,,,
Liberty Fire,2020-06-17,San Joaquin,89.0,38.23432,-121.20828,6.0,2.0,Summer,Medium,2020-06-17,,24.4,17.2,2.6,0.0,Unknown,Medium,High,Dry,6.0,2.0,Summer,1.0,,,,,,,,,,,,,,,,,,,,,,,,
Nelson Fire ,2020-06-17,Butte,95.0,39.52408,-121.60037,6.0,2.0,Summer,Medium,2020-06-17,,24.4,17.2,2.6,0.0,Unknown,Medium,High,Dry,6.0,2.0,Summer,1.0,,,,,,,,,,,,,,,,,,,,,,,,
Nelson Fire,2020-06-18,Placer,110.0,38.89178,-121.33956,6.0,3.0,Summer,Medium,2020-06-18,,23.9,17.2,1.9,0.0,Unknown,Medium,High,Dry,6.0,3.0,Summer,1.0,,,,,,,,,,,,,,,,,,,,,,,,
Fork Fire,2020-06-18,Tulare,130.0,36.37085,-118.845123,6.0,3.0,Summer,Medium,2020-06-18,,23.9,17.2,1.9,0.0,Unknown,Medium,High,Dry,6.0,3.0,Summer,1.0,,,,,,,,,,,,,,,,,,,,,,,,
Teddy Fire,2020-06-18,Butte,13.0,39.37577,-121.45372,6.0,3.0,Summer,Small,2020-06-18,,23.9,17.2,1.9,0.0,Unknown,Medium,High,Dry,6.0,3.0,Summer,1.0,,,,,,,,,,,,,,,,,,,,,,,,
Honcut Fire,2020-06-20,Butte,89.0,39.36894,-121.53976,6.0,5.0,Summer,Medium,2020-06-20,,25.0,18.9,2.3,0.0,Unknown,Medium,High,Dry,6.0,5.0,Summer,1.0,,,,,,,,,,,,,,,,,,,,,,,,
East Fire,2020-06-20,Modoc,11.0,41.5017,-120.54161,6.0,5.0,Summer,Small,2020-06-20,,25.0,18.9,2.3,0.0,Unknown,Medium,High,Dry,6.0,5.0,Summer,1.0,,,,,,,,,,,,,,,,,,,,,,,,
Grade Fire ,2020-06-22,Tulare,1050.0,36.5537,-119.19677,6.0,0.0,Summer,Large,2020-06-22,,24.4,18.3,2.1,0.0,Unknown,Medium,High,Dry,6.0,0.0,Summer,1.0,,,,,,,,,,,,,,,,,,,,,,,,
Rico Fire ,2020-06-22,Monterey,348.0,35.9789,-120.87858,6.0,0.0,Summer,Large,2020-06-22,,24.4,18.3,2.1,0.0,Unknown,Medium,High,Dry,6.0,0.0,Summer,1.0,,,,,,,,,,,,,,,,,,,,,,,,
River Fire,2020-06-22,San Luis Obispo,15.0,35.62906,-120.68326,6.0,0.0,Summer,Small,2020-06-22,,24.4,18.3,2.1,0.0,Unknown,Medium,High,Dry,6.0,0.0,Summer,1.0,,,,,,,,,,,,,,,,,,,,,,,,
R-3 Fire,2020-06-24,Lassen,210.0,40.44793,-120.04635,6.0,2.0,Summer,Large,2020-06-24,,27.2,18.3,1.8,0.0,Unknown,High,High,Dry,6.0,2.0,Summer,1.0,,,,,,,,,,,,,,,,,,,,,,,,
58 Fire,2020-06-24,Riverside,12.0,33.27665,-115.96594,6.0,2.0,Summer,Small,2020-06-24,,27.2,18.3,1.8,0.0,Unknown,High,High,Dry,6.0,2.0,Summer,1.0,,,,,,,,,,,,,,,,,,,,,,,,
Diablo Fire,2020-06-25,Stanislaus,202.0,37.46265,-121.18355,6.0,3.0,Summer,Large,2020-06-25,,23.9,17.8,2.4,0.0,Unknown,Medium,High,Dry,6.0,3.0,Summer,1.0,,,,,,,,,,,,,,,,,,,,,,,,
Bend Fire,2020-06-25,San Luis Obispo,263.0,35.30742,-119.88048,6.0,3.0,Summer,Large,2020-06-25,,23.9,17.8,2.4,0.0,Unknown,Medium,High,Dry,6.0,3.0,Summer,1.0,,,,,,,,,,,,,,,,,,,,,,,,
Avacado Fire,2020-06-30,Butte,136.0,39.3784,-121.4319,6.0,1.0,Summer,Medium,2020-06-30,,24.4,18.3,2.2,0.0,Unknown,Medium,High,Dry,6.0,1.0,Summer,1.0,,,,,,,,,,,,,,,,,,,,,,,,
Flat Fire,2020-06-30,Trinity,62.0,40.791509,-123.437051,6.0,1.0,Summer,Medium,2020-06-30,,24.4,18.3,2.2,0.0,Unknown,Medium,High,Dry,6.0,1.0,Summer,1.0,,,,,,,,,,,,,,,,,,,,,,,,
Bonadelle Fire,2020-07-02,Madera,500.0,36.9678542,-119.9252132,7.0,3.0,Summer,Large,2020-07-02,,25.0,18.3,2.3,0.0,Unknown,Medium,High,Dry,7.0,3.0,Summer,1.0,,,,,,,,,,,,,,,,,,,,,,,,
Nail Fire,2020-07-07,Colusa,25.0,39.35498,-122.65813,7.0,1.0,Summer,Small,2020-07-07,,26.1,18.3,3.0,0.0,Unknown,Medium,High,Dry,7.0,1.0,Summer,1.0,,,,,,,,,,,,,,,,,,,,,,,,
Brandon Fire,2020-07-07,El Dorado,32.0,38.58488,-120.941267,7.0,1.0,Summer,Small,2020-07-07,,26.1,18.3,3.0,0.0,Unknown,Medium,High,Dry,7.0,1.0,Summer,1.0,,,,,,,,,,,,,,,,,,,,,,,,
Tripp Fire ,2020-07-09,Riverside,10.0,33.551838,-116.7464168,7.0,3.0,Summer,Small,2020-07-09,,26.1,18.9,2.2,0.0,Unknown,Medium,High,Dry,7.0,3.0,Summer,1.0,,,,,,,,,,,,,,,,,,,,,,,,
Elliot Fire,2020-07-13,Riverside,2.0,33.623968,-117.108421,7.0,0.0,Summer,Small,2020-07-13,,30.6,21.1,2.5,0.0,Unknown,High,High,Dry,7.0,0.0,Summer,1.0,,,,,,,,,,,,,,,,,,,,,,,,
Robinson Fire,2020-07-13,Butte,33.0,39.43227,-121.37994,7.0,0.0,Summer,Small,2020-07-13,,30.6,21.1,2.5,0.0,Unknown,High,High,Dry,7.0,0.0,Summer,1.0,,,,,,,,,,,,,,,,,,,,,,,,
Casino Fire,2020-07-13,Riverside,91.0,33.48429,-116.83552,7.0,0.0,Summer,Medium,2020-07-13,,30.6,21.1,2.5,0.0,Unknown,High,High,Dry,7.0,0.0,Summer,1.0,,,,,,,,,,,,,,,,,,,,,,,,
Mineral Fire,2020-07-13,Fresno,29667.0,36.09493,-120.52193,7.0,0.0,Summer,Large,2020-07-13,,30.6,21.1,2.5,0.0,Unknown,High,High,Dry,7.0,0.0,Summer,1.0,,,,,,,,,,,,,,,,,,,,,,,,
Hollow Fire,2020-07-16,Alameda,253.0,37.64044,-121.59374,7.0,3.0,Summer,Large,2020-07-16,,25.6,18.9,2.3,0.0,Unknown,Medium,High,Dry,7.0,3.0,Summer,1.0,,,,,,,,,,,,,,,,,,,,,,,,
Badger Fire,2020-07-18,Siskiyou,557.0,41.79319,-122.69296,7.0,5.0,Summer,Large,2020-07-18,,26.7,18.3,2.4,0.0,Unknown,High,High,Dry,7.0,5.0,Summer,1.0,,,,,,,,,,,,,,,,,,,,,,,,
Hog Fire,2020-07-18,Lassen,9564.0,40.420886,-120.86375,7.0,5.0,Summer,Large,2020-07-18,,26.7,18.3,2.4,0.0,Unknown,High,High,Dry,7.0,5.0,Summer,1.0,,,,,,,,,,,,,,,,,,,,,,,,
July Complex,2020-07-24,"Siskiyou, Modoc",83261.0,41.699,-121.477,7.0,4.0,Summer,Large,2020-07-24,,23.9,18.3,2.6,0.0,Unknown,Medium,High,Dry,7.0,4.0,Summer,1.0,,,,,,,,,,,,,,,,,,,,,,,,
Jack Fire,2020-07-24,Riverside,145.0,33.93327,-117.033124,7.0,4.0,Summer,Medium,2020-07-24,,23.9,18.3,2.6,0.0,Unknown,Medium,High,Dry,7.0,4.0,Summer,1.0,,,,,,,,,,,,,,,,,,,,,,,,
Hill Fire,2020-07-24,Colusa,138.0,39.013591,-122.359663,7.0,4.0,Summer,Medium,2020-07-24,,23.9,18.3,2.6,0.0,Unknown,Medium,High,Dry,7.0,4.0,Summer,1.0,,,,,,,,,,,,,,,,,,,,,,,,
Karen Fire,2020-07-25,Riverside,250.0,34.028116,-117.429598,7.0,5.0,Summer,Large,2020-07-25,,25.6,18.9,2.3,0.0,Unknown,Medium,High,Dry,7.0,5.0,Summer,1.0,,,,,,,,,,,,,,,,,,,,,,,
Ione Fire ,2020-07-26,Sacramento,51.0,38.420382,-121.044895,7.0,6.0,Summer,Medium,2020-07-26,,31.1,17.2,1.7,0.0,Unknown,High,High,Dry,7.0,6.0,Summer,1.0,,,,,,,,,,,,,,,,,,,,,,,
Ridge Fire,2020-07-27,Los Angeles,321.0,34.75844,-118.72004,7.0,0.0,Summer,Large,2020-07-27,,30.0,17.8,1.6,0.0,Unknown,High,High,Dry,7.0,0.0,Summer,0.67,,,,,,,,,,,,,,,,,,,,,,,
Lincoln Fire,2020-07-27,Humboldt,25.0,40.78804,-124.19954,7.0,0.0,Summer,Small,2020-07-27,,30.0,17.8,1.6,0.0,Unknown,High,High,Dry,7.0,0.0,Summer,1.0,,,,,,,,,,,,,,,,,,,,,,,,
Cottonwood Fire,2020-07-27,Merced,788.0,37.083806,-121.101634,7.0,0.0,Summer,Large,2020-07-27,,30.0,17.8,1.6,0.0,Unknown,High,High,Dry,7.0,0.0,Summer,1.0,,,,,,,,,,,,,,,,,,,,,,,,
Rabbit Fire,2020-07-30,Riverside,104.0,33.934137,-117.034461,7.0,3.0,Summer,Medium,2020-07-30,,32.2,16.7,1.2,0.0,Unknown,High,Medium,Dry,7.0,3.0,Summer,1.0,,,,,,,,,,,,,,,,,,,,,,,,
Dam Fire,2020-07-30,Los Angeles,220.0,34.17363,-117.889503,7.0,3.0,Summer,Large,2020-07-30,,32.2,16.7,1.2,0.0,Unknown,High,Medium,Dry,7.0,3.0,Summer,1.0,,,,,,,,,,,,,,,,,,,,,,,,
Sheep Fire,2020-07-30,Kern,233.0,35.14357,-118.7933,7.0,3.0,Summer,Large,2020-07-30,,32.2,16.7,1.2,0.0,Unknown,High,Medium,Dry,7.0,3.0,Summer,1.0,,,,,,,,,,,,,,,,,,,,,,,,
Post Fire,2020-08-02,Los Angeles,120.0,34.04447,-118.21608,8.0,6.0,Summer,Medium,2020-08-02,,29.4,17.8,1.5,0.0,Unknown,High,High,Dry,8.0,6.0,Summer,1.0,,,,,,,,,,,,,,,,,,,,,,,,
Beale Fire,2020-08-02,Yuba,600.0,39.11307,-121.38178,8.0,6.0,Summer,Large,2020-08-02,,29.4,17.8,1.5,0.0,Unknown,High,High,Dry,8.0,6.0,Summer,1.0,,,,,,,,,,,,,,,,,,,,,,,,
Sites Fire ,2020-08-02,Colusa,560.0,39.31313,-122.48525,8.0,6.0,Summer,Large,2020-08-02,,29.4,17.8,1.5,0.0,Unknown,High,High,Dry,8.0,6.0,Summer,1.0,,,,,,,,,,,,,,,,,,,,,,,,
North Fire,2020-08-02,Lassen,6882.0,40.36764,-120.44811,8.0,6.0,Summer,Large,2020-08-02,,29.4,17.8,1.5,0.0,Unknown,High,High,Dry,8.0,6.0,Summer,1.0,,,,,,,,,,,,,,,,,,,,,,,,
Water Fire,2020-08-02,Riverside,52.0,33.924086,-116.641846,8.0,6.0,Summer,Medium,2020-08-02,,29.4,17.8,1.5,0.0,Unknown,High,High,Dry,8.0,6.0,Summer,1.0,,,,,,,,,,,,,,,,,,,,,,,,
Sophia Fire,2020-08-02,El Dorado,36.0,38.686478,-121.103299,8.0,6.0,Summer,Medium,2020-08-02,,29.4,17.8,1.5,0.0,Unknown,High,High,Dry,8.0,6.0,Summer,1.0,,,,,,,,,,,,,,,,,,,,,,,,
Elsmere Fire,2020-08-03,Los Angeles,200.0,34.3428,-118.49731,8.0,0.0,Summer,Large,2020-08-03,,28.9,18.3,1.8,0.0,Unknown,High,High,Dry,8.0,0.0,Summer,1.0,,,,,,,,,,,,,,,,,,,,,,,,
Stagecoach Fire,2020-08-03,Kern,7760.0,35.43044,-118.53361,8.0,0.0,Summer,Large,2020-08-03,,28.9,18.3,1.8,0.0,Unknown,High,High,Dry,8.0,0.0,Summer,1.0,,,,,,,,,,,,,,,,,,,,,,,,
Trimmer Fire,2020-08-04,Fresno,594.0,36.90933,-119.2439,8.0,1.0,Summer,Large,2020-08-04,,27.8,19.4,2.2,0.0,Unknown,High,High,Dry,8.0,1.0,Summer,1.0,,,,,,,,,,,,,,,,,,,,,,,,
Pass Fire,2020-08-04,San Luis Obispo,322.0,35.61521,-120.40457,8.0,1.0,Summer,Large,2020-08-04,,27.8,19.4,2.2,0.0,Unknown,High,High,Dry,8.0,1.0,Summer,1.0,,,,,,,,,,,,,,,,,,,,,,,,
Fort Fire,2020-08-06,Kern,277.0,34.93929,-118.92967,8.0,3.0,Summer,Large,2020-08-06,,26.7,19.4,2.2,0.0,Unknown,High,High,Dry,8.0,3.0,Summer,1.0,,,,,,,,,,,,,,,,,,,,,,,,
Texas Fire,2020-08-06,Los Angeles,210.0,-118.46115,-118.46115,8.0,3.0,Summer,Large,2020-08-06,,26.7,19.4,2.2,0.0,Unknown,High,High,Dry,8.0,3.0,Summer,1.0,,,,,,,,,,,,,,,,,,,,,,,,
R-1 Fire,2020-08-11,Lassen,285.0,40.590714,-120.549595,8.0,1.0,Summer,Large,2020-08-11,,30.0,16.1,1.2,0.0,Unknown,High,Medium,Dry,8.0,1.0,Summer,1.0,,,,,,,,,,,,,,,,,,,,,,,,
Lake Fire,2020-08-12,Los Angeles,31089.0,34.679,-118.452,8.0,2.0,Summer,Large,2020-08-12,,31.7,16.1,1.2,0.0,Unknown,High,Medium,Dry,8.0,2.0,Summer,1.0,,,,,,,,,,,,,,,,,,,,,,,,
Carrizo Fire,2020-08-12,San Luis Obispo,183.0,35.308259,-119.987565,8.0,2.0,Summer,Large,2020-08-12,,31.7,16.1,1.2,0.0,Unknown,High,Medium,Dry,8.0,2.0,Summer,1.0,,,,,,,,,,,,,,,,,,,,,,,,
Soda Fire,2020-08-12,Kern,424.0,34.962524,-119.444977,8.0,2.0,Summer,Large,2020-08-12,,31.7,16.1,1.2,0.0,Unknown,High,Medium,Dry,8.0,2.0,Summer,1.0,,,,,,,,,,,,,,,,,,,,,,,,
Meiss Fire,2020-08-13,Sacramento,512.0,38.474502,-121.172572,8.0,3.0,Summer,Large,2020-08-13,,36.7,21.7,1.2,0.0,Unknown,High,High,Dry,8.0,3.0,Summer,1.0,,,,,,,,,,,,,,,,,,,,,,,,
Ranch 2 Fire,2020-08-13,Los Angeles,4237.0,34.160265,-117.910498,8.0,3.0,Summer,Large,2020-08-13,,36.7,21.7,1.2,0.0,Unknown,High,High,Dry,8.0,3.0,Summer,1.0,,,,,,,,,,,,,,,,,,,,,,,,
Clark Fire,2020-08-14,Butte,110.0,39.647686,-121.633994,8.0,4.0,Summer,Medium,2020-08-14,,37.8,21.7,1.5,0.0,Unknown,High,High,Dry,8.0,4.0,Summer,1.0,,,,,,,,,,,,,,,,,,,,,,,,
Loyalton Fire,2020-08-14,Sierra,47029.0,39.702438,-120.143473,8.0,4.0,Summer,Large,2020-08-14,,37.8,21.7,1.5,0.0,Unknown,High,High,Dry,8.0,4.0,Summer,1.0,,,,,,,,,,,,,,,,,,,,,,,,
Whale Fire,2020-08-15,San Luis Obispo,320.0,35.472114,-120.856731,8.0,5.0,Summer,Large,2020-08-15,,30.6,21.7,2.9,0.0,Unknown,High,High,Dry,8.0,5.0,Summer,1.0,,,,,,,,,,,,,,,,,,,,,,,,
Hills Fire,2020-08-15,Fresno,2121.0,36.09876,-120.427342,8.0,5.0,Summer,Large,2020-08-15,,30.6,21.7,2.9,0.0,Unknown,High,High,Dry,8.0,5.0,Summer,1.0,,,,,,,,,,,,,,,,,,,,,,,,
Carmel Fire,2020-08-18,Monterey,6901.0,36.4463,-121.68181,8.0,1.0,Summer,Large,2020-08-18,,37.8,21.7,2.5,0.0,Unknown,High,High,Dry,8.0,1.0,Summer,1.0,,,,,,,,,,,,,,,,,,,,,,,,
3-19 Fire,2020-08-18,Mendocino,62.0,39.276,-123.013667,8.0,1.0,Summer,Medium,2020-08-18,,37.8,21.7,2.5,0.0,Unknown,High,High,Dry,8.0,1.0,Summer,1.0,,,,,,,,,,,,,,,,,,,,,,,,
Salt Fire,2020-08-18,Calaveras,1783.0,38.027921,-120.763258,8.0,1.0,Summer,Large,2020-08-18,,37.8,21.7,2.5,0.0,Unknown,High,High,Dry,8.0,1.0,Summer,1.0,,,,,,,,,,,,,,,,,,,,,,,,
Creek Fire,2020-08-18,Mendocino,820.0,39.8174372,-123.2111007,8.0,1.0,Summer,Large,2020-08-18,,37.8,21.7,2.5,0.0,Unknown,High,High,Dry,8.0,1.0,Summer,1.0,,,,,,,,,,,,,,,,,,,,,,,,
Woodward Fire,2020-08-18,Marin,4929.0,38.018089,-122.836701,8.0,1.0,Summer,Large,2020-08-18,,37.8,21.7,2.5,0.0,Unknown,High,High,Dry,8.0,1.0,Summer,1.0,,,,,,,,,,,,,,,,,,,,,,,,
Moc Fire,2020-08-20,Tuolumne,2857.0,37.813779,-120.312565,8.0,3.0,Summer,Large,2020-08-20,,31.7,22.8,2.4,0.0,Unknown,High,High,Dry,8.0,3.0,Summer,1.0,,,,,,,,,,,,,,,,,,,,,,,,
Volcano Fire,2020-08-20,San Diego,45.0,33.454896,-117.328234,8.0,3.0,Summer,Medium,2020-08-20,,31.7,22.8,2.4,0.0,Unknown,High,High,Dry,8.0,3.0,Summer,1.0,,,,,,,,,,,,,,,,,,,,,,,,
Coyote Fire,2020-08-21,Santa Clara,143.0,37.18725,-121.68465,8.0,4.0,Summer,Medium,2020-08-21,,30.6,23.3,2.2,0.0,Unknown,High,High,Dry,8.0,4.0,Summer,1.0,,,,,,,,,,,,,,,,,,,,,,,,
Placer Fire,2020-08-25,San Luis Obispo,53.0,35.4335197,-120.1243296,8.0,1.0,Summer,Medium,2020-08-25,,30.0,21.7,2.2,0.0,Unknown,High,High,Dry,8.0,1.0,Summer,1.0,,,,,,,,,,,,,,,,,,,,,,,,
Perry Fire,2020-08-26,Placer,9.0,38.8825,-121.10411,8.0,2.0,Summer,Small,2020-08-26,,33.3,20.6,1.3,0.0,Unknown,High,High,Dry,8.0,2.0,Summer,1.0,,,,,,,,,,,,,,,,,,,,,,,,
R-8 Pinecone Fire ,2020-08-26,Lassen,567.0,40.773,-120.536,8.0,2.0,Summer,Large,2020-08-26,,33.3,20.6,1.3,0.0,Unknown,High,High,Dry,8.0,2.0,Summer,1.0,,,,,,,,,,,,,,,,,,,,,,,,
Creek Fire,2020-09-04,"Fresno, Madera",379895.0,37.19147,-119.261175,9.0,4.0,Fall,Large,2020-09-04,,30.0,19.4,1.5,0.0,Unknown,High,High,Dry,9.0,4.0,Summer,1.0,,,,,,,,,,,,,,,,,,,,,,,,
El Dorado Fire,2020-09-05,"San Bernardino, Riverside",22744.0,34.08056,-116.98669,9.0,5.0,Fall,Large,2020-09-05,,43.3,21.7,1.0,0.0,Unknown,High,High,Dry,9.0,5.0,Summer,1.0,,,,,,,,,,,,,,,,,,,,,,,,
Valley Fire,2020-09-05,San Diego,16390.0,32.765615,-116.692705,9.0,5.0,Fall,Large,2020-09-05,,43.3,21.7,1.0,0.0,Unknown,High,High,Dry,9.0,5.0,Summer,1.0,,,,,,,,,,,,,,,,,,,,,,,,
Oak Fire,2020-09-07,Mendocino,1100.0,39.4935,-123.3965,9.0,0.0,Fall,Large,2020-09-07,,27.8,22.8,3.4,0.0,Unknown,High,High,Dry,9.0,0.0,Summer,1.0,,,,,,,,,,,,,,,,,,,,,,,,
Sperry Fire,2020-09-08,Stanislaus,45.0,37.46377,-121.18018,9.0,1.0,Fall,Medium,2020-09-08,,26.1,22.8,2.5,0.0,Unknown,Medium,High,Dry,9.0,1.0,Summer,1.0,,,,,,,,,,,,,,,,,,,,,,,,
Willow Fire,2020-09-09,Yuba,1311.0,39.3637,-121.32361,9.0,2.0,Fall,Large,2020-09-09,,31.7,19.4,0.9,0.0,Unknown,High,High,Dry,9.0,2.0,Summer,1.0,,,,,,,,,,,,,,,,,,,,,,,,
Schoolhouse Fire,2020-09-09,Siskiyou,45.0,41.68229,-122.84057,9.0,2.0,Fall,Medium,2020-09-09,,31.7,19.4,0.9,0.0,Unknown,High,High,Dry,9.0,2.0,Summer,1.0,,,,,,,,,,,,,,,,,,,,,,,,
Shackleford Fire,2020-09-11,Siskiyou,50.0,41.575549,-123.021635,9.0,4.0,Fall,Medium,2020-09-11,,28.3,16.1,1.1,0.0,Unknown,High,Medium,Dry,9.0,4.0,Summer,1.0,,,,,,,,,,,,,,,,,,,,,,,,
Bullfrog Fire,2020-09-12,Fresno,1185.0,37.135474,-119.027309,9.0,5.0,Fall,Large,2020-09-12,,28.9,17.2,1.2,0.0,Unknown,High,High,Dry,9.0,5.0,Summer,1.0,,,,,,,,,,,,,,,,,,,,,,,,
San Antonio Fire ,2020-09-16,Santa Barbara,111.0,34.773809,-120.491594,9.0,2.0,Fall,Medium,2020-09-16,,32.8,17.8,,0.0,Unknown,High,High,Dry,9.0,2.0,Summer,1.0,,,,,,,,,,,,,,,,,,,,,,,,
Fox Fire,2020-09-16,Siskiyou,2188.0,41.211022,-122.847359,9.0,2.0,Fall,Large,2020-09-16,,32.8,17.8,,0.0,Unknown,High,High,Dry,9.0,2.0,Summer,1.0,,,,,,,,,,,,,,,,,,,,,,,,
Snow Fire ,2020-09-17,Riverside,6254.0,33.88831,-116.68386,9.0,3.0,Fall,Large,2020-09-17,,34.4,18.3,1.0,0.0,Unknown,High,High,Dry,9.0,3.0,Summer,1.0,,,,,,,,,,,,,,,,,,,,,,,,
Glass Fire,2020-09-27,"Napa, Sonoma",67484.0,38.56295,-122.49745,9.0,6.0,Fall,Large,2020-09-27,,25.6,20.0,2.1,0.0,Unknown,Medium,High,Dry,9.0,6.0,Summer,1.0,,,,,,,,,,,,,,,,,,,,,,,,
Zogg Fire,2020-09-27,"Shasta, Tehama",56338.0,40.53927,-122.56656,9.0,6.0,Fall,Large,2020-09-27,,25.6,20.0,2.1,0.0,Unknown,Medium,High,Dry,9.0,6.0,Summer,1.0,,,,,,,,,,,,,,,,,,,,,,,,
Martindale Fire ,2020-09-28,Los Angeles,230.0,34.563,-118.4,9.0,0.0,Fall,Large,2020-09-28,,30.0,20.0,1.6,0.0,Unknown,High,High,Dry,9.0,0.0,Summer,1.0,,,,,,,,,,,,,,,,,,,,,,,,
Copper Fire ,2020-09-30,Amador,48.0,38.49375,-121.003602,9.0,2.0,Fall,Medium,2020-09-30,,37.8,19.4,1.6,0.0,Unknown,High,High,Dry,9.0,2.0,Summer,1.0,,,,,,,,,,,,,,,,,,,,,,,,
Pony Fire,2020-10-03,Sacramento,20.0,38.464074,-121.039236,10.0,5.0,Fall,Small,2020-10-03,,32.8,18.3,1.9,0.0,Unknown,High,High,Dry,10.0,5.0,Summer,1.0,,,,,,,,,,,,,,,,,,,,,,,,
Lambert Fire,2020-10-04,Amador,21.0,38.424016,-121.006635,10.0,6.0,Fall,Small,2020-10-04,,33.3,16.1,1.2,0.0,Unknown,High,Medium,Dry,10.0,6.0,Summer,1.0,,,,,,,,,,,,,,,,,,,,,,,,
Fields Fire ,2020-10-07,Yuba,56.0,39.181047,-121.450982,10.0,2.0,Fall,Medium,2020-10-07,,25.6,17.8,2.5,0.0,Unknown,Medium,High,Dry,10.0,2.0,Summer,1.0,,,,,,,,,,,,,,,,,,,,,,,,
Diamond Fire,2020-10-13,Calaveras,21.0,37.98337,-120.64541,10.0,1.0,Fall,Small,2020-10-13,,33.9,18.3,1.2,0.0,Unknown,High,High,Dry,10.0,1.0,Summer,1.0,,,,,,,,,,,,,,,,,,,,,,,,
Bruder Fire,2020-10-15,San Bernardino,170.0,34.014728,-117.138078,10.0,3.0,Fall,Large,2020-10-15,,33.3,18.3,1.6,0.0,Unknown,High,High,Dry,10.0,3.0,Summer,1.0,,,,,,,,,,,,,,,,,,,,,,,,
Ferry Fire,2020-10-22,Butte,6.0,39.51694,-121.54475,10.0,3.0,Fall,Small,2020-10-22,,23.9,20.0,2.8,0.0,Unknown,Medium,High,Dry,10.0,3.0,Summer,1.0,,,,,,,,,,,,,,,,,,,,,,,,
Redwood Fire,2020-10-23,Humboldt,102.0,40.55823,-123.88658,10.0,4.0,Fall,Medium,2020-10-23,,22.8,19.4,2.2,0.0,Unknown,Medium,High,Dry,10.0,4.0,Summer,1.0,,,,,,,,,,,,,,,,,,,,,,,,
Pope Fire,2020-10-23,Napa,61.0,38.56184,-122.37828,10.0,4.0,Fall,Medium,2020-10-23,,22.8,19.4,2.2,0.0,Unknown,Medium,High,Dry,10.0,4.0,Summer,1.0,,,,,,,,,,,,,,,,,,,,,,,,
Point Fire (Shasta and Tehama County),2020-10-25,"Shasta, Tehama",275.0,40.38869,-122.39033,10.0,6.0,Fall,Large,2020-10-25,,21.7,15.6,1.4,0.0,Unknown,Low,Medium,Dry,10.0,6.0,Summer,1.0,,,,,,,,,,,,,,,,,,,,,,,,
Dersch Fire,2020-10-25,Shasta,133.0,40.47646,-122.18102,10.0,6.0,Fall,Medium,2020-10-25,,21.7,15.6,1.4,0.0,Unknown,Low,Medium,Dry,10.0,6.0,Summer,1.0,,,,,,,,,,,,,,,,,,,,,,,,
Cypress Fire,2020-11-01,"Riverside, San Bernardino",150.0,34.03343,-117.51476,11.0,6.0,Fall,Medium,2020-11-01,,30.0,14.4,1.1,0.0,Unknown,High,Medium,Dry,11.0,6.0,Summer,1.0,,,,,,,,,,,,,,,,,,,,,,,
Silverado Fire ,2020-10-26,Orange,12466.0,33.73614,-117.65719,10.0,0.0,Fall,Large,2020-10-26,,23.3,11.1,2.8,0.0,Unknown,Medium,Low,Dry,10.0,0.0,Summer,1.0,,,,,,,,,,,,,,,,,,,,,,,
Blue Ridge Fire ,2020-10-26,Orange,13964.0,33.877257,-117.675067,10.0,0.0,Fall,Large,2020-10-26,,23.3,11.1,2.8,0.0,Unknown,Medium,Low,Dry,10.0,0.0,Summer,0.81,,,,,,,,,,,,,,,,,,,,,,,
Cypress Fire,2020-11-01,"Riverside, San Bernardino",150.0,34.03343,-117.51476,11.0,6.0,Fall,Medium,2020-11-01,,30.0,14.4,1.1,0.0,Unknown,High,Medium,Dry,11.0,6.0,Summer,1.0,,,,,,,,,,,,,,,,,,,,,,,,
San Dimas Fire,2020-11-06,Los Angeles,131.0,34.146195,-117.778561,11.0,4.0,Fall,Medium,2020-11-06,,24.4,15.0,2.4,0.0,Unknown,Medium,Medium,Dry,11.0,4.0,Summer,1.0,,,,,,,,,,,,,,,,,,,,,,,,
Bond Fire,2020-12-02,Orange,6686.0,33.743842,-117.674967,12.0,2.0,Winter,Large,2020-12-02,,24.4,7.8,1.3,0.0,Unknown,Medium,Low,Dry,12.0,2.0,Summer,1.0,,,,,,,,,,,,,,,,,,,,,,,,
Sanderson Fire,2020-12-13,Riverside,1954.0,33.93244,-117.03459,12.0,6.0,Winter,Large,2020-12-13,,20.6,7.8,1.2,0.0,Unknown,Low,Low,Dry,12.0,6.0,Summer,1.0,,,,,,,,,,,,,,,,,,,,,,,,
North Butano Fire,2021-01-18,San Mateo,15.0,37.18259,-122.28823,1.0,0.0,Winter,Small,2021-01-18,,26.7,9.4,1.5,0.0,Unknown,High,Low,Dry,1.0,0.0,Summer,1.0,,,,,,,,,,,,,,,,,,,,,,,,
China Grade Fire,2021-01-18,Santa Cruz,22.0,37.17749,-122.1756,1.0,0.0,Winter,Small,2021-01-18,,26.7,9.4,1.5,0.0,Unknown,High,Low,Dry,1.0,0.0,Summer,1.0,,,,,,,,,,,,,,,,,,,,,,,,
Refuge Fire,2021-03-27,Siskiyou,873.0,41.927772,-121.627082,3.0,5.0,Spring,Large,2021-03-27,,23.9,8.9,1.4,0.0,Unknown,Medium,Low,Dry,3.0,5.0,Summer,1.0,,,,,,,,,,,,,,,,,,,,,,,,
Line Fire,2021-03-28,Tuolumne,23.0,37.813464,-120.131236,3.0,6.0,Spring,Small,2021-03-28,,33.9,10.0,1.0,0.0,Unknown,High,Low,Dry,3.0,6.0,Summer,1.0,,,,,,,,,,,,,,,,,,,,,,,,
Paso Fire,2021-04-12,San Diego,28.0,32.958961,-116.582369,4.0,0.0,Spring,Small,2021-04-12,,21.1,15.0,1.8,0.0,Unknown,Low,Medium,Dry,4.0,0.0,Summer,1.0,,,,,,,,,,,,,,,,,,,,,,,,
Turnout Fire,2021-04-18,Mendocino,200.0,38.99914,-123.35838,4.0,6.0,Spring,Large,2021-04-18,,31.7,12.8,2.7,0.0,Unknown,High,Medium,Dry,4.0,6.0,Summer,1.0,,,,,,,,,,,,,,,,,,,,,,,,
North Fire,2021-04-28,Los Angeles,650.0,34.449686,-118.616276,4.0,2.0,Spring,Large,2021-04-28,,26.7,11.7,2.2,0.0,Unknown,High,Low,Dry,4.0,2.0,Summer,1.0,,,,,,,,,,,,,,,,,,,,,,,,
Salmon Fire,2021-05-01,El Dorado,32.0,38.773294,-121.034998,5.0,5.0,Spring,Small,2021-05-01,,23.9,15.6,2.8,0.0,Unknown,Medium,Medium,Dry,5.0,5.0,Summer,1.0,,,,,,,,,,,,,,,,,,,,,,,,
Southern Fire,2021-05-02,San Diego,5366.0,32.987532,-116.443391,5.0,6.0,Spring,Large,2021-05-02,,21.7,15.6,2.6,0.0,Unknown,Low,Medium,Dry,5.0,6.0,Summer,1.0,,,,,,,,,,,,,,,,,,,,,,,,
Creek Fire,2021-05-04,Riverside,32.0,33.532246,-116.767011,5.0,1.0,Spring,Small,2021-05-04,,25.6,16.1,2.4,0.0,Unknown,Medium,Medium,Dry,5.0,1.0,Summer,1.0,,,,,,,,,,,,,,,,,,,,,,,,
Bridge Fire,2021-05-05,Riverside,226.0,33.86972,-117.044072,5.0,2.0,Spring,Large,2021-05-05,,28.3,16.7,1.7,0.0,Unknown,High,Medium,Dry,5.0,2.0,Summer,1.0,,,,,,,,,,,,,,,,,,,,,,,,
Dillard Fire,2021-05-08,Sacramento,44.0,38.28328,-121.45965,5.0,5.0,Spring,Medium,2021-05-08,,21.7,16.1,3.4,0.0,Unknown,Low,Medium,Dry,5.0,5.0,Summer,1.0,,,,,,,,,,,,,,,,,,,,,,,,
Gunnison Fire,2021-05-08,Butte,550.0,39.85479,-121.91936,5.0,5.0,Spring,Large,2021-05-08,,21.7,16.1,3.4,0.0,Unknown,Low,Medium,Dry,5.0,5.0,Summer,1.0,,,,,,,,,,,,,,,,,,,,,,,,
Granite Fire,2021-05-08,Calaveras,118.0,38.03106,-120.85258,5.0,5.0,Spring,Medium,2021-05-08,,21.7,16.1,3.4,0.0,Unknown,Low,Medium,Dry,5.0,5.0,Summer,1.0,,,,,,,,,,,,,,,,,,,,,,,,
Quail Fire,2021-05-12,Yuba,35.0,39.2510745,-121.361339,5.0,2.0,Spring,Small,2021-05-12,,22.8,16.7,2.4,0.0,Unknown,Medium,Medium,Dry,5.0,2.0,Summer,1.0,,,,,,,,,,,,,,,,,,,,,,,,
Pine Fire,2021-05-12,Los Angeles,442.0,34.454231,-117.663815,5.0,2.0,Spring,Large,2021-05-12,,22.8,16.7,2.4,0.0,Unknown,Medium,Medium,Dry,5.0,2.0,Summer,1.0,,,,,,,,,,,,,,,,,,,,,,,,
Davis Fire,2021-05-18,Riverside,300.0,33.8948,-117.1116,5.0,1.0,Spring,Large,2021-05-18,,24.4,16.1,1.5,0.0,Unknown,Medium,Medium,Dry,5.0,1.0,Summer,1.0,,,,,,,,,,,,,,,,,,,,,,,,
Parkside Fire,2021-05-19,Riverside,17.0,33.50994,-115.917099,5.0,2.0,Spring,Small,2021-05-19,,24.4,15.6,2.2,0.0,Unknown,Medium,Medium,Dry,5.0,2.0,Summer,1.0,,,,,,,,,,,,,,,,,,,,,,,,
Settlers Fire,2021-05-19,El Dorado,45.0,38.56101,-121.01365,5.0,2.0,Spring,Medium,2021-05-19,,24.4,15.6,2.2,0.0,Unknown,Medium,Medium,Dry,5.0,2.0,Summer,1.0,,,,,,,,,,,,,,,,,,,,,,,,
WeeVill Fire,2021-05-20,Los Angeles,300.0,34.7591895,-118.5044868,5.0,3.0,Spring,Large,2021-05-20,,23.3,15.6,2.6,0.0,Unknown,Medium,Medium,Dry,5.0,3.0,Summer,1.0,,,,,,,,,,,,,,,,,,,,,,,,
Lake Fire,2021-05-24,Riverside,115.0,33.965596,-117.471517,5.0,0.0,Spring,Medium,2021-05-24,,33.9,12.8,1.6,0.0,Unknown,High,Medium,Dry,5.0,0.0,Summer,1.0,,,,,,,,,,,,,,,,,,,,,,,,
Mile Fire,2021-05-27,Stanislaus,508.0,37.89346197,-120.8391587,5.0,3.0,Spring,Large,2021-05-27,,21.7,16.1,3.0,0.0,Unknown,Low,Medium,Dry,5.0,3.0,Summer,1.0,,,,,,,,,,,,,,,,,,,,,,,,
Live Oak Fire,2021-05-27,Mariposa,197.0,37.45646,-120.00392,5.0,3.0,Spring,Large,2021-05-27,,21.7,16.1,3.0,0.0,Unknown,Low,Medium,Dry,5.0,3.0,Summer,1.0,,,,,,,,,,,,,,,,,,,,,,,,
Sargents Fire,2021-05-30,Monterey,1118.0,35.932852,-120.854096,5.0,6.0,Spring,Large,2021-05-30,,21.7,16.1,3.0,0.0,Unknown,Low,Medium,Dry,5.0,6.0,Summer,1.0,,,,,,,,,,,,,,,,,,,,,,,,
Scott Fire,2021-06-01,Riverside,28.0,33.631955,-117.089849,6.0,1.0,Summer,Small,2021-06-01,,26.1,17.2,1.7,0.0,Unknown,Medium,High,Dry,6.0,1.0,Summer,1.0,,,,,,,,,,,,,,,,,,,,,,,,
Coyote Fire,2021-06-02,Riverside,43.0,33.895007,-116.90145,6.0,2.0,Summer,Medium,2021-06-02,,25.6,16.7,2.2,0.0,Unknown,Medium,Medium,Dry,6.0,2.0,Summer,1.0,,,,,,,,,,,,,,,,,,,,,,,,
Buck Fire,2021-06-06,Madera,50.0,37.24484944,-119.8604784,6.0,6.0,Summer,Medium,2021-06-06,,22.8,16.7,2.6,0.0,Unknown,Medium,Medium,Dry,6.0,6.0,Summer,1.0,,,,,,,,,,,,,,,,,,,,,,,,
Silicon Fire,2021-06-14,Santa Clara,35.0,37.24042,-121.76309,6.0,0.0,Summer,Small,2021-06-14,,34.4,16.7,1.7,0.0,Unknown,High,Medium,Dry,6.0,0.0,Summer,1.0,,,,,,,,,,,,,,,,,,,,,,,,
Equestrian Fire,2021-06-16,El Dorado,10.0,38.79988,-121.01273,6.0,2.0,Summer,Small,2021-06-16,,28.9,19.4,1.9,0.0,Unknown,High,High,Dry,6.0,2.0,Summer,1.0,,,,,,,,,,,,,,,,,,,,,,,,
Pomo Fire,2021-06-17,Lake,42.0,39.16338,-122.916,6.0,3.0,Summer,Medium,2021-06-17,,25.6,17.8,3.3,0.0,Unknown,Medium,High,Dry,6.0,3.0,Summer,1.0,,,,,,,,,,,,,,,,,,,,,,,,
Park Fire,2021-06-17,Butte,402.0,39.77144,-121.76629,6.0,3.0,Summer,Large,2021-06-17,,25.6,17.8,3.3,0.0,Unknown,Medium,High,Dry,6.0,3.0,Summer,1.0,,,,,,,,,,,,,,,,,,,,,,,,
Alabama Fire,2021-06-18,Inyo,560.0,36.59717,-118.20355,6.0,4.0,Summer,Large,2021-06-18,,23.9,18.3,3.4,0.0,Unknown,Medium,High,Dry,6.0,4.0,Summer,1.0,,,,,,,,,,,,,,,,,,,,,,,,
Antelope Fire,2021-06-18,Tulare,11.0,36.47887,-119.10788,6.0,4.0,Summer,Small,2021-06-18,,23.9,18.3,3.4,0.0,Unknown,Medium,High,Dry,6.0,4.0,Summer,1.0,,,,,,,,,,,,,,,,,,,,,,,,
Success Fire,2021-06-18,Tulare,800.0,36.03223,-118.85799,6.0,4.0,Summer,Large,2021-06-18,,23.9,18.3,3.4,0.0,Unknown,Medium,High,Dry,6.0,4.0,Summer,1.0,,,,,,,,,,,,,,,,,,,,,,,,
Nettle Fire,2021-06-18,Tulare,1265.0,36.03887,-118.76857,6.0,4.0,Summer,Large,2021-06-18,,23.9,18.3,3.4,0.0,Unknown,Medium,High,Dry,6.0,4.0,Summer,1.0,,,,,,,,,,,,,,,,,,,,,,,,
Willow Fire,2021-06-18,Monterey,2877.0,36.151231,-121.558858,6.0,4.0,Summer,Large,2021-06-18,,23.9,18.3,3.4,0.0,Unknown,Medium,High,Dry,6.0,4.0,Summer,1.0,,,,,,,,,,,,,,,,,,,,,,,,
Crane Fire,2021-06-18,Kern,48.0,34.83498,-118.86258,6.0,4.0,Summer,Medium,2021-06-18,,23.9,18.3,3.4,0.0,Unknown,Medium,High,Dry,6.0,4.0,Summer,1.0,,,,,,,,,,,,,,,,,,,,,,,,
Bautista Fire,2021-06-19,Riverside,95.0,33.551747,-116.707967,6.0,5.0,Summer,Medium,2021-06-19,,26.7,18.3,1.7,0.0,Unknown,High,High,Dry,6.0,5.0,Summer,1.0,,,,,,,,,,,,,,,,,,,,,,,,
Inyo Creek Fire,2021-06-19,Inyo,592.0,36.6000177,-118.1420738,6.0,5.0,Summer,Large,2021-06-19,,26.7,18.3,1.7,0.0,Unknown,High,High,Dry,6.0,5.0,Summer,1.0,,,,,,,,,,,,,,,,,,,,,,,,
Overland Fire,2021-06-19,San Diego,515.0,32.903917,-116.233056,6.0,5.0,Summer,Large,2021-06-19,,26.7,18.3,1.7,0.0,Unknown,High,High,Dry,6.0,5.0,Summer,1.0,,,,,,,,,,,,,,,,,,,,,,,,
Cow Fire,2021-06-20,Shasta,761.0,40.53297,-122.12107,6.0,6.0,Summer,Large,2021-06-20,,23.3,18.3,2.6,0.0,Unknown,Medium,High,Dry,6.0,6.0,Summer,1.0,,,,,,,,,,,,,,,,,,,,,,,,
76 Fire,2021-06-20,Riverside,20.0,33.499081,-116.1147496,6.0,6.0,Summer,Small,2021-06-20,,23.3,18.3,2.6,0.0,Unknown,Medium,High,Dry,6.0,6.0,Summer,1.0,,,,,,,,,,,,,,,,,,,,,,,,
Clevenger Fire,2021-06-20,San Diego,53.0,33.09183,-116.9543,6.0,6.0,Summer,Medium,2021-06-20,,23.3,18.3,2.6,0.0,Unknown,Medium,High,Dry,6.0,6.0,Summer,1.0,,,,,,,,,,,,,,,,,,,,,,,,
Watt Fire,2021-06-21,Placer,42.0,38.728881,-121.39247,6.0,0.0,Summer,Medium,2021-06-21,,25.0,18.3,2.6,0.0,Unknown,Medium,High,Dry,6.0,0.0,Summer,1.0,,,,,,,,,,,,,,,,,,,,,,,,
4-3 Fire,2021-06-24,Modoc,134.0,41.562302,-120.497502,6.0,3.0,Summer,Medium,2021-06-24,,24.4,17.8,1.9,0.0,Unknown,Medium,High,Dry,6.0,3.0,Summer,1.0,,,,,,,,,,,,,,,,,,,,,,,,
Lava Fire,2021-06-24,Siskiyou,26409.0,41.459,-122.329,6.0,3.0,Summer,Large,2021-06-24,,24.4,17.8,1.9,0.0,Unknown,Medium,High,Dry,6.0,3.0,Summer,1.0,,,,,,,,,,,,,,,,,,,,,,,,
Steins Fire,2021-06-26,El Dorado,11.0,38.659971,-120.876096,6.0,5.0,Summer,Small,2021-06-26,,28.9,17.2,1.8,0.0,Unknown,High,High,Dry,6.0,5.0,Summer,1.0,,,,,,,,,,,,,,,,,,,,,,,,
Canyon Fire,2021-06-26,Kern,220.0,35.442533,-118.793912,6.0,5.0,Summer,Large,2021-06-26,,28.9,17.2,1.8,0.0,Unknown,High,High,Dry,6.0,5.0,Summer,1.0,,,,,,,,,,,,,,,,,,,,,,,,
Vulcan Fire,2021-06-27,Fresno,140.0,36.932,-119.735,6.0,6.0,Summer,Medium,2021-06-27,,27.8,17.8,1.9,0.0,Unknown,High,High,Dry,6.0,6.0,Summer,1.0,,,,,,,,,,,,,,,,,,,,,,,,
Shell Fire,2021-06-27,Kern,1984.0,34.919,-118.891,6.0,6.0,Summer,Large,2021-06-27,,27.8,17.8,1.9,0.0,Unknown,High,High,Dry,6.0,6.0,Summer,1.0,,,,,,,,,,,,,,,,,,,,,,,,
Sky Fire,2021-06-27,Butte,76.0,40.039,-121.406,6.0,6.0,Summer,Medium,2021-06-27,,27.8,17.8,1.9,0.0,Unknown,High,High,Dry,6.0,6.0,Summer,1.0,,,,,,,,,,,,,,,,,,,,,,,,
Peak Fire,2021-06-28,San Bernardino,35.0,34.20849,-117.280416,6.0,0.0,Summer,Small,2021-06-28,,25.0,19.4,3.4,0.0,Unknown,Medium,High,Dry,6.0,0.0,Summer,1.0,,,,,,,,,,,,,,,,,,,,,,,,
Stowe Fire,2021-06-28,Riverside,122.0,33.740058,-117.050236,6.0,0.0,Summer,Medium,2021-06-28,,25.0,19.4,3.4,0.0,Unknown,Medium,High,Dry,6.0,0.0,Summer,1.0,,,,,,,,,,,,,,,,,,,,,,,,
Lilly Fire,2021-06-28,Madera,35.0,41.665191,-122.054254,6.0,0.0,Summer,Small,2021-06-28,,25.0,19.4,3.4,0.0,Unknown,Medium,High,Dry,6.0,0.0,Summer,1.0,,,,,,,,,,,,,,,,,,,,,,,,
Tennant Fire,2021-06-28,Siskiyou,10580.0,41.665191,-122.054254,6.0,0.0,Summer,Large,2021-06-28,,25.0,19.4,3.4,0.0,Unknown,Medium,High,Dry,6.0,0.0,Summer,1.0,,,,,,,,,,,,,,,,,,,,,,,,
Beswick Fire,2021-06-28,Siskiyou,118.0,41.917209,-122.374848,6.0,0.0,Summer,Medium,2021-06-28,,25.0,19.4,3.4,0.0,Unknown,Medium,High,Dry,6.0,0.0,Summer,1.0,,,,,,,,,,,,,,,,,,,,,,,,
Ysabel Fire,2021-07-03,San Diego,173.0,33.119448,-116.677511,7.0,5.0,Summer,Large,2021-07-03,,27.2,18.9,2.8,0.0,Unknown,High,High,Dry,7.0,5.0,Summer,1.0,,,,,,,,,,,,,,,,,,,,,,,,
Main Fire,2021-07-03,Tulare,384.0,36.10007,-119.017899,7.0,5.0,Summer,Large,2021-07-03,,27.2,18.9,2.8,0.0,Unknown,High,High,Dry,7.0,5.0,Summer,1.0,,,,,,,,,,,,,,,,,,,,,,,,
Juniper Fire,2021-07-05,Modoc,1011.0,41.80728,-120.638464,7.0,0.0,Summer,Large,2021-07-05,,25.0,18.3,2.4,0.0,Unknown,Medium,High,Dry,7.0,0.0,Summer,1.0,,,,,,,,,,,,,,,,,,,,,,,,
Dixie Fire,2021-07-13,"Butte, Plumas, Shasta, Lassen, Tehama",963309.0,39.871306,-121.389439,7.0,1.0,Summer,Large,2021-07-13,,27.2,20.6,2.8,0.0,Unknown,High,High,Dry,7.0,1.0,Summer,1.0,,,,,,,,,,,,,,,,,,,,,,,,
Cannon Fire,2021-07-14,Tehama,43.0,40.1703,-122.64768,7.0,2.0,Summer,Medium,2021-07-14,,26.7,21.7,3.4,0.0,Unknown,High,High,Dry,7.0,2.0,Summer,1.0,,,,,,,,,,,,,,,,,,,,,,,,
Dolicini Fire,2021-07-14,Marin,35.0,38.0975072,-122.7418335,7.0,2.0,Summer,Small,2021-07-14,,26.7,21.7,3.4,0.0,Unknown,High,High,Dry,7.0,2.0,Summer,1.0,,,,,,,,,,,,,,,,,,,,,,,,
Border 13 Fire,2021-07-15,San Diego,30.0,32.578481,-116.634023,7.0,3.0,Summer,Small,2021-07-15,,27.2,21.1,3.0,0.0,Unknown,High,High,Dry,7.0,3.0,Summer,1.0,,,,,,,,,,,,,,,,,,,,,,,,
Fork Fire,2021-07-17,Tehama,43.0,39.999396,-122.55195,7.0,5.0,Summer,Medium,2021-07-17,,31.1,20.0,2.1,0.0,Unknown,High,High,Dry,7.0,5.0,Summer,1.0,,,,,,,,,,,,,,,,,,,,,,,,
Mountain Fire,2021-07-23,Trinity,25.0,39.976,-123.505,7.0,4.0,Summer,Small,2021-07-23,,27.2,20.6,2.6,0.0,Unknown,High,High,Dry,7.0,4.0,Summer,1.0,,,,,,,,,,,,,,,,,,,,,,,,
Park Fire,2021-07-26,Tulare,100.0,36.199833,-118.722167,7.0,0.0,Summer,Medium,2021-07-26,,27.8,20.0,1.9,4.3,Unknown,High,High,Dry,7.0,0.0,Summer,1.0,,,,,,,,,,,,,,,,,,,,,,,,
Pinnacles Fire,2021-07-28,Monterey,171.0,36.476664,-121.224797,7.0,2.0,Summer,Large,2021-07-28,,29.4,20.6,2.2,0.0,Unknown,High,High,Dry,7.0,2.0,Summer,1.0,,,,,,,,,,,,,,,,,,,,,,,,
Evans Fire,2021-07-29,Plumas,85.0,40.183504,-120.8468224,7.0,3.0,Summer,Medium,2021-07-29,,28.9,19.4,2.0,0.0,Unknown,High,High,Dry,7.0,3.0,Summer,1.0,,,,,,,,,,,,,,,,,,,,,,,,
McFarland Fire,2021-07-30,"Shasta, Trinity, Tehama",122653.0,40.35,-123.034,7.0,4.0,Summer,Large,2021-07-30,,33.9,18.9,1.3,0.0,Unknown,High,High,Dry,7.0,4.0,Summer,1.0,,,,,,,,,,,,,,,,,,,,,,,,
Robie Fire,2021-07-30,Calaveras,153.0,38.054116,-120.867498,7.0,4.0,Summer,Medium,2021-07-30,,33.9,18.9,1.3,0.0,Unknown,High,High,Dry,7.0,4.0,Summer,1.0,,,,,,,,,,,,,,,,,,,,,,,,
River Complex,2021-07-30,"Siskiyou, Trinity",199359.0,41.389,-123.057,7.0,4.0,Summer,Large,2021-07-30,,33.9,18.9,1.3,0.0,Unknown,High,High,Dry,7.0,4.0,Summer,1.0,,,,,,,,,,,,,,,,,,,,,,,,
Monument Fire,2021-07-30,Trinity,223124.0,40.752,-123.337,7.0,4.0,Summer,Large,2021-07-30,,33.9,18.9,1.3,0.0,Unknown,High,High,Dry,7.0,4.0,Summer,1.0,,,,,,,,,,,,,,,,,,,,,,,,
Hungry Fire,2021-07-31,Los Angeles,340.0,34.7479248,-118.8217926,7.0,5.0,Summer,Large,2021-07-31,,31.7,18.9,1.5,0.0,Unknown,High,High,Dry,7.0,5.0,Summer,1.0,,,,,,,,,,,,,,,,,,,,,,,,
Tobin Fire,2021-07-31,San Luis Obispo,75.0,35.65927,-120.560856,7.0,5.0,Summer,Medium,2021-07-31,,31.7,18.9,1.5,0.0,Unknown,High,High,Dry,7.0,5.0,Summer,1.0,,,,,,,,,,,,,,,,,,,,,,,,
Antelope Fire,2021-08-01,Siskiyou,145632.0,41.5289901,-121.9154934,8.0,6.0,Summer,Large,2021-08-01,,33.9,18.3,1.4,0.0,Unknown,High,High,Dry,8.0,6.0,Summer,1.0,,,,,,,,,,,,,,,,,,,,,,,,
Hiding Fire,2021-08-01,Shasta,50.0,40.466364,-122.482826,8.0,6.0,Summer,Medium,2021-08-01,,33.9,18.3,1.4,0.0,Unknown,High,High,Dry,8.0,6.0,Summer,1.0,,,,,,,,,,,,,,,,,,,,,,,,
Antonio Fire,2021-08-03,Los Angeles,50.0,34.23604,-117.65989,8.0,1.0,Summer,Medium,2021-08-03,,28.9,18.9,2.6,0.0,Unknown,High,High,Dry,8.0,1.0,Summer,1.0,,,,,,,,,,,,,,,,,,,,,,,,
House Fire,2021-08-04,Shasta,60.0,40.604986,-122.506112,8.0,2.0,Summer,Medium,2021-08-04,,26.7,18.9,2.7,0.0,Unknown,High,High,Dry,8.0,2.0,Summer,1.0,,,,,,,,,,,,,,,,,,,,,,,,
River Fire,2021-08-04,"Nevada, Placer",2619.0,39.08805,-121.01468,8.0,2.0,Summer,Large,2021-08-04,,26.7,18.9,2.7,0.0,Unknown,High,High,Dry,8.0,2.0,Summer,1.0,,,,,,,,,,,,,,,,,,,,,,,,
Middle Fire,2021-08-13,Sonoma,22.0,38.250596,-122.727542,8.0,4.0,Summer,Small,2021-08-13,,29.4,20.6,2.8,0.0,Unknown,High,High,Dry,8.0,4.0,Summer,1.0,,,,,,,,,,,,,,,,,,,,,,,,
Coyote Fire,2021-08-13,Lake,127.0,38.826123,-122.581257,8.0,4.0,Summer,Medium,2021-08-13,,29.4,20.6,2.8,0.0,Unknown,High,High,Dry,8.0,4.0,Summer,1.0,,,,,,,,,,,,,,,,,,,,,,,,
Bell Fire,2021-08-14,Mendocino,50.0,39.834099,-123.637032,8.0,5.0,Summer,Medium,2021-08-14,,28.3,20.6,2.1,0.0,Unknown,High,High,Dry,8.0,5.0,Summer,1.0,,,,,,,,,,,,,,,,,,,,,,,,
Caldor Fire,2021-08-14,"El Dorado, Alpine, Amador",221835.0,38.586,-120.537833,8.0,5.0,Summer,Large,2021-08-14,,28.3,20.6,2.1,0.0,Unknown,High,High,Dry,8.0,5.0,Summer,1.0,,,,,,,,,,,,,,,,,,,,,,,,
Walkers Fire,2021-08-16,Tulare,8777.0,36.268,-118.555,8.0,0.0,Summer,Large,2021-08-16,,27.8,21.1,3.0,0.0,Unknown,High,High,Dry,8.0,0.0,Summer,1.0,,,,,,,,,,,,,,,,,,,,,,,,
Washington Fire,2021-08-26,Tuolumne,100.0,37.962933,-120.402221,8.0,3.0,Summer,Medium,2021-08-26,,35.6,18.9,1.3,0.0,Unknown,High,High,Dry,8.0,3.0,Summer,1.0,,,,,,,,,,,,,,,,,,,,,,,,
Roadside Fire,2021-08-28,San Bernardino,50.0,34.25145,-117.4546,8.0,5.0,Summer,Medium,2021-08-28,,27.2,18.9,2.6,0.0,Unknown,High,High,Dry,8.0,5.0,Summer,1.0,,,,,,,,,,,,,,,,,,,,,,,,
Chaparral Fire,2021-08-28,"Riverside, San Diego",1427.0,33.484721,-117.39309,8.0,5.0,Summer,Large,2021-08-28,,27.2,18.9,2.6,0.0,Unknown,High,High,Dry,8.0,5.0,Summer,1.0,,,,,,,,,,,,,,,,,,,,,,,,
K-Rail,2021-08-30,Humboldt,16.0,41.03877,-123.52733,8.0,0.0,Summer,Small,2021-08-30,,27.2,19.4,1.8,0.0,Unknown,High,High,Dry,8.0,0.0,Summer,1.0,,,,,,,,,,,,,,,,,,,,,,,,
Lassen Fire,2021-09-01,Marin,44.0,38.0591827,-122.6131992,9.0,2.0,Fall,Medium,2021-09-01,,25.0,19.4,1.5,0.0,Unknown,Medium,High,Dry,9.0,2.0,Summer,1.0,,,,,,,,,,,,,,,,,,,,,,,,
Lawrence Fire,2021-09-05,Amador,46.0,38.529123,-120.731748,9.0,6.0,Fall,Medium,2021-09-05,,33.3,19.4,2.4,0.0,Unknown,High,High,Dry,9.0,6.0,Summer,1.0,,,,,,,,,,,,,,,,,,,,,,,,
Bridge Fire,2021-09-05,Placer,411.0,38.921239,-121.036613,9.0,6.0,Fall,Large,2021-09-05,,33.3,19.4,2.4,0.0,Unknown,High,High,Dry,9.0,6.0,Summer,1.0,,,,,,,,,,,,,,,,,,,,,,,,
Aruba Fire,2021-09-05,San Diego,54.0,33.380079,-117.111157,9.0,6.0,Fall,Medium,2021-09-05,,33.3,19.4,2.4,0.0,Unknown,High,High,Dry,9.0,6.0,Summer,1.0,,,,,,,,,,,,,,,,,,,,,,,,
Caballo Fire,2021-09-06,Santa Barbara,70.0,34.6776,-120.09009,9.0,0.0,Fall,Medium,2021-09-06,,27.2,20.6,3.4,0.0,Unknown,High,High,Dry,9.0,0.0,Summer,1.0,,,,,,,,,,,,,,,,,,,,,,,,
Route Fire,2021-09-11,Los Angeles,464.0,34.569383,-118.688821,9.0,5.0,Fall,Large,2021-09-11,,32.8,21.1,1.7,0.0,Unknown,High,High,Dry,9.0,5.0,Summer,1.0,,,,,,,,,,,,,,,,,,,,,,,,
Hopkins Fire,2021-09-12,Mendocino,257.0,39.232362,-123.202039,9.0,6.0,Fall,Large,2021-09-12,,29.4,18.9,2.1,0.0,Unknown,High,High,Dry,9.0,6.0,Summer,1.0,,,,,,,,,,,,,,,,,,,,,,,,
Childrens Fire,2021-09-19,Madera,42.0,36.89365,-119.792528,9.0,6.0,Fall,Medium,2021-09-19,,26.1,14.4,1.3,0.0,Unknown,Medium,Medium,Dry,9.0,6.0,Summer,1.0,,,,,,,,,,,,,,,,,,,,,,,,
Maxwell Fire,2021-10-05,Trinity,80.0,40.649917,-123.02375,10.0,1.0,Fall,Medium,2021-10-05,,26.1,18.9,2.9,1.5,Unknown,Medium,High,Dry,10.0,1.0,Summer,1.0,,,,,,,,,,,,,,,,,,,,,,,,
Newell Fire,2021-10-11,Napa,132.0,38.170366,-122.241128,10.0,0.0,Fall,Medium,2021-10-11,,22.8,15.6,3.6,0.0,Unknown,Medium,Medium,Dry,10.0,0.0,Summer,1.0,,,,,,,,,,,,,,,,,,,,,,,,
Alisal Fire,2021-10-11,Santa Barbara,16970.0,34.553,-120.136,10.0,0.0,Fall,Large,2021-10-11,,22.8,15.6,3.6,0.0,Unknown,Medium,Medium,Dry,10.0,0.0,Summer,1.0,,,,,,,,,,,,,,,,,,,,,,,,
View Fire ,2021-10-11,Tehama,24.0,40.287225,-122.436754,10.0,0.0,Fall,Small,2021-10-11,,22.8,15.6,3.6,0.0,Unknown,Medium,Medium,Dry,10.0,0.0,Summer,1.0,,,,,,,,,,,,,,,,,,,,,,,,
Kettle Fire,2021-10-11,Kings,447.0,35.983649,-119.960099,10.0,0.0,Fall,Large,2021-10-11,,22.8,15.6,3.6,0.0,Unknown,Medium,Medium,Dry,10.0,0.0,Summer,1.0,,,,,,,,,,,,,,,,,,,,,,,,
Canal Fire ,2021-10-14,Trinity,59.0,39.986836,-122.277441,10.0,3.0,Fall,Medium,2021-10-14,,25.6,11.7,1.5,0.0,Unknown,Medium,Low,Dry,10.0,3.0,Summer,1.0,,,,,,,,,,,,,,,,,,,,,,,,
Gravel Fire,2021-10-15,Modoc,200.0,41.862388,-120.358206,10.0,4.0,Fall,Large,2021-10-15,,32.2,12.8,1.3,0.0,Unknown,High,Medium,Dry,10.0,4.0,Summer,1.0,,,,,,,,,,,,,,,,,,,,,,,,
Estrada Fire,2021-10-15,Santa Cruz,148.0,37.013464,-121.752106,10.0,4.0,Fall,Medium,2021-10-15,,32.2,12.8,1.3,0.0,Unknown,High,Medium,Dry,10.0,4.0,Summer,1.0,,,,,,,,,,,,,,,,,,,,,,,,
Arlanza Fire,2021-11-21,Riverside,24.0,33.952633,-117.487947,11.0,6.0,Fall,Small,2021-11-21,,31.1,11.1,3.8,0.0,Unknown,High,Low,Dry,11.0,6.0,Summer,1.0,,,,,,,,,,,,,,,,,,,,,,,,
Colorado Fire,2022-01-21,Monterey,687.0,36.396461,-121.880533,1.0,4.0,Winter,Large,2022-01-21,,21.1,10.0,3.6,0.0,Unknown,Low,Low,Dry,1.0,4.0,Summer,1.0,,,,,,,,,,,,,,,,,,,,,,,,
Emerald Fire ,2022-02-10,Orange,154.0,33.558085,-117.805666,2.0,3.0,Winter,Medium,2022-02-10,,32.8,17.8,5.2,0.0,Unknown,High,High,Dry,2.0,3.0,Summer,1.0,,,,,,,,,,,,,,,,,,,,,,,,
Airport Fire,2022-02-16,Inyo,4136.0,37.369355,-118.371813,2.0,2.0,Winter,Large,2022-02-16,,17.8,7.8,2.6,0.0,Unknown,Low,Low,Dry,2.0,2.0,Summer,1.0,,,,,,,,,,,,,,,,,,,,,,,,
Alpine Fire ,2022-03-01,Sonoma,21.0,38.46234,-123.015106,3.0,1.0,Spring,Small,2022-03-01,,31.1,8.9,1.0,0.0,Unknown,High,Low,Dry,3.0,1.0,Summer,1.0,,,,,,,,,,,,,,,,,,,,,,,,
Whitlow Fire,2022-03-25,Siskiyou,10.0,41.234712,-121.692093,3.0,4.0,Spring,Small,2022-03-25,,26.7,11.7,1.2,0.0,Unknown,High,Low,Dry,3.0,4.0,Summer,1.0,,,,,,,,,,,,,,,,,,,,,,,,
Platina Fire,2022-04-27,Shasta,10.0,40.44412,-122.690559,4.0,2.0,Spring,Small,2022-04-27,,22.8,13.9,2.6,0.0,Unknown,Medium,Medium,Dry,4.0,2.0,Summer,1.0,,,,,,,,,,,,,,,,,,,,,,,,
111 Fire,2022-04-30,Riverside,15.0,33.510716,-115.916687,4.0,5.0,Spring,Small,2022-04-30,,26.7,12.2,1.8,0.0,Unknown,High,Medium,Dry,4.0,5.0,Summer,1.0,,,,,,,,,,,,,,,,,,,,,,,,
Pyrite Fire ,2022-05-06,Riverside,60.0,34.018021,-117.462367,5.0,4.0,Spring,Medium,2022-05-06,,22.8,15.0,3.0,0.0,Unknown,Medium,Medium,Dry,5.0,4.0,Summer,1.0,,,,,,,,,,,,,,,,,,,,,,,,
House Fire,2022-05-11,Fresno,171.0,36.974622,-119.443013,5.0,2.0,Spring,Large,2022-05-11,,21.7,10.6,2.3,0.0,Unknown,Low,Low,Dry,5.0,2.0,Summer,1.0,,,,,,,,,,,,,,,,,,,,,,,,
Coastal Fire,2022-05-11,Orange,200.0,33.509464,-117.744398,5.0,2.0,Spring,Large,2022-05-11,,21.7,10.6,2.3,0.0,Unknown,Low,Low,Dry,5.0,2.0,Summer,1.0,,,,,,,,,,,,,,,,,,,,,,,,
Coyote Fire,2022-05-15,Riverside,46.0,33.886637,-116.900635,5.0,6.0,Spring,Medium,2022-05-15,,25.0,16.7,3.0,0.0,Unknown,Medium,Medium,Dry,5.0,6.0,Summer,1.0,,,,,,,,,,,,,,,,,,,,,,,,
Poplar Fire,2022-05-16,Tulare,25.0,36.051411,-118.98167,5.0,0.0,Spring,Small,2022-05-16,,22.2,16.1,3.1,0.0,Unknown,Medium,Medium,Dry,5.0,0.0,Summer,1.0,,,,,,,,,,,,,,,,,,,,,,,,
Willow Fire ,2022-05-20,Contra Costa,28.0,38.015611,-121.998735,5.0,4.0,Spring,Small,2022-05-20,,20.6,15.6,3.3,1.0,Unknown,Low,Medium,Dry,5.0,4.0,Summer,1.0,,,,,,,,,,,,,,,,,,,,,,,,
Dunnigan Fire ,2022-05-20,Yolo,120.0,38.824462,-122.049621,5.0,4.0,Spring,Medium,2022-05-20,,20.6,15.6,3.3,1.0,Unknown,Low,Medium,Dry,5.0,4.0,Summer,1.0,,,,,,,,,,,,,,,,,,,,,,,,
Owens Fire,2022-05-20,Mendocino,36.0,38.8733747,-123.6641833,5.0,4.0,Spring,Medium,2022-05-20,,20.6,15.6,3.3,1.0,Unknown,Low,Medium,Dry,5.0,4.0,Summer,1.0,,,,,,,,,,,,,,,,,,,,,,,,
Bull Fire ,2022-05-24,San Luis Obispo,48.0,35.0155237,-120.3564497,5.0,1.0,Spring,Medium,2022-05-24,,23.3,15.6,1.8,0.0,Unknown,Medium,Medium,Dry,5.0,1.0,Summer,1.0,,,,,,,,,,,,,,,,,,,,,,,,
River Fire ,2022-05-24,Colusa,595.0,39.2333948,-122.0246463,5.0,1.0,Spring,Large,2022-05-24,,23.3,15.6,1.8,0.0,Unknown,Medium,Medium,Dry,5.0,1.0,Summer,1.0,,,,,,,,,,,,,,,,,,,,,,,,
Wilder Fire,2022-05-24,Tehama,90.0,40.150329,-122.275649,5.0,1.0,Spring,Medium,2022-05-24,,23.3,15.6,1.8,0.0,Unknown,Medium,Medium,Dry,5.0,1.0,Summer,1.0,,,,,,,,,,,,,,,,,,,,,,,,
Elk Trail Fire,2022-05-26,San Bernardino,431.0,34.090619,-116.447636,5.0,3.0,Spring,Large,2022-05-26,,22.2,16.1,3.1,0.0,Unknown,Medium,Medium,Dry,5.0,3.0,Summer,1.0,,,,,,,,,,,,,,,,,,,,,,,,
Lost Lake Fire ,2022-05-26,Riverside,5856.0,34.010838,-114.484173,5.0,3.0,Spring,Large,2022-05-26,,22.2,16.1,3.1,0.0,Unknown,Medium,Medium,Dry,5.0,3.0,Summer,1.0,,,,,,,,,,,,,,,,,,,,,,,,
Old Fire,2022-05-31,Napa,570.0,38.370078,-122.270417,5.0,1.0,Spring,Large,2022-05-31,,24.4,13.9,1.7,0.0,Unknown,Medium,Medium,Dry,5.0,1.0,Summer,1.0,,,,,,,,,,,,,,,,,,,,,,,,
Range Fire,2022-06-03,Kern,93.0,35.199501,-118.721683,6.0,4.0,Summer,Medium,2022-06-03,,25.0,16.1,1.9,0.0,Unknown,Medium,Medium,Dry,6.0,4.0,Summer,1.0,,,,,,,,,,,,,,,,,,,,,,,,
62 Fire,2022-06-04,Riverside,60.0,33.59823,-116.23339,6.0,5.0,Summer,Medium,2022-06-04,,23.9,17.2,2.3,0.0,Unknown,Medium,High,Dry,6.0,5.0,Summer,1.0,,,,,,,,,,,,,,,,,,,,,,,,
Eagle Fire,2022-06-06,San Luis Obispo,36.0,35.72373,-120.56019,6.0,0.0,Summer,Medium,2022-06-06,,24.4,18.3,3.2,0.0,Unknown,Medium,High,Dry,6.0,0.0,Summer,1.0,,,,,,,,,,,,,,,,,,,,,,,,
Hesperia Fire,2022-06-06,San Bernardino,95.0,34.31267,-117.34635,6.0,0.0,Summer,Medium,2022-06-06,,24.4,18.3,3.2,0.0,Unknown,Medium,High,Dry,6.0,0.0,Summer,1.0,,,,,,,,,,,,,,,,,,,,,,,,
Marsh Fire,2022-06-09,Contra Costa,159.0,37.895892,-121.696808,6.0,3.0,Summer,Large,2022-06-09,,27.2,17.8,2.1,0.0,Unknown,High,High,Dry,6.0,3.0,Summer,1.0,,,,,,,,,,,,,,,,,,,,,,,,
Park Fire,2022-06-09,Butte,54.0,39.385829,-121.431372,6.0,3.0,Summer,Medium,2022-06-09,,27.2,17.8,2.1,0.0,Unknown,High,High,Dry,6.0,3.0,Summer,1.0,,,,,,,,,,,,,,,,,,,,,,,,
Graham Fire,2022-06-10,Tehama,100.0,40.05,-121.776,6.0,4.0,Summer,Medium,2022-06-10,,28.3,17.2,2.0,0.0,Unknown,High,High,Dry,6.0,4.0,Summer,1.0,,,,,,,,,,,,,,,,,,,,,,,,
Plant Fire,2022-06-11,Kern,517.0,34.9324042,-118.9253809,6.0,5.0,Summer,Large,2022-06-11,,28.9,17.8,1.9,0.0,Unknown,High,High,Dry,6.0,5.0,Summer,1.0,,,,,,,,,,,,,,,,,,,,,,,,
Brandie Fire,2022-06-11,Yuba,72.0,39.319804,-121.392285,6.0,5.0,Summer,Medium,2022-06-11,,28.9,17.8,1.9,0.0,Unknown,High,High,Dry,6.0,5.0,Summer,1.0,,,,,,,,,,,,,,,,,,,,,,,,
Barrett Fire,2022-06-12,San Diego,65.0,32.8134303,-116.5882585,6.0,6.0,Summer,Medium,2022-06-12,,26.1,17.2,2.3,0.0,Unknown,Medium,High,Dry,6.0,6.0,Summer,1.0,,,,,,,,,,,,,,,,,,,,,,,,
Sheep Fire,2022-06-12,San Bernardino,865.0,34.355593,-117.61508,6.0,6.0,Summer,Large,2022-06-12,,26.1,17.2,2.3,0.0,Unknown,Medium,High,Dry,6.0,6.0,Summer,1.0,,,,,,,,,,,,,,,,,,,,,,,,
Border 13 Fire ,2022-06-13,San Diego,577.0,32.614832,-116.737119,6.0,0.0,Summer,Large,2022-06-13,,25.0,18.9,3.1,0.0,Unknown,Medium,High,Dry,6.0,0.0,Summer,1.0,,,,,,,,,,,,,,,,,,,,,,,,
Rancho Fire,2022-06-13,Tehama,593.0,40.00919,-122.45621,6.0,0.0,Summer,Large,2022-06-13,,25.0,18.9,3.1,0.0,Unknown,Medium,High,Dry,6.0,0.0,Summer,1.0,,,,,,,,,,,,,,,,,,,,,,,,
Border 16,2022-06-21,San Diego,70.0,32.567333,-116.750667,6.0,1.0,Summer,Medium,2022-06-21,,30.0,17.8,1.7,0.0,Unknown,High,High,Dry,6.0,1.0,Summer,1.0,,,,,,,,,,,,,,,,,,,,,,,,
Edgewood,2022-06-21,Santa Cruz,20.0,37.459222,-122.27742,6.0,1.0,Summer,Small,2022-06-21,,30.0,17.8,1.7,0.0,Low,Low,Low,Wet,6.0,1.0,Summer,0.05,,,,,,,,,,,,,,,,,,,,,,,,
Thunder Fire ,2022-06-22,Kern,2500.0,34.936618,-118.889446,6.0,2.0,Summer,Large,2022-06-22,,32.8,18.9,1.7,2.5,Unknown,High,High,Dry,6.0,2.0,Summer,1.0,,,,,,,,,,,,,,,,,,,,,,,,
99 Fire,2022-06-22,Butte,66.0,39.37879,-121.68694,6.0,2.0,Summer,Medium,2022-06-22,,32.8,18.9,1.7,2.5,Unknown,High,High,Dry,6.0,2.0,Summer,1.0,,,,,,,,,,,,,,,,,,,,,,,,
Scenic Fire ,2022-06-23,Contra Costa,120.0,38.046255,-122.191103,6.0,3.0,Summer,Medium,2022-06-23,,33.9,18.3,1.7,0.0,Unknown,High,High,Dry,6.0,3.0,Summer,1.0,,,,,,,,,,,,,,,,,,,,,,,,
Canyon Fire ,2022-06-23,Alameda,71.0,37.642217,-121.903018,6.0,3.0,Summer,Medium,2022-06-23,,33.9,18.3,1.7,0.0,Unknown,High,High,Dry,6.0,3.0,Summer,1.0,,,,,,,,,,,,,,,,,,,,,,,,
Tesla Fire,2022-06-23,Alameda,552.0,37.365652,-121.556086,6.0,3.0,Summer,Large,2022-06-23,,33.9,18.3,1.7,0.0,Unknown,High,High,Dry,6.0,3.0,Summer,1.0,,,,,,,,,,,,,,,,,,,,,,,,
Timm Fire,2022-06-23,Solano,26.0,38.42619,-121.97785,6.0,3.0,Summer,Small,2022-06-23,,33.9,18.3,1.7,0.0,Unknown,High,High,Dry,6.0,3.0,Summer,1.0,,,,,,,,,,,,,,,,,,,,,,,,
Romero Fire,2022-06-23,Merced,349.0,38.42619,-121.97785,6.0,3.0,Summer,Large,2022-06-23,,33.9,18.3,1.7,0.0,Unknown,High,High,Dry,6.0,3.0,Summer,1.0,,,,,,,,,,,,,,,,,,,,,,,,
Kirker Fire ,2022-06-24,Contra Costa,90.0,37.97689,-121.908735,6.0,4.0,Summer,Medium,2022-06-24,,33.9,17.2,1.8,0.0,Unknown,High,High,Dry,6.0,4.0,Summer,1.0,,,,,,,,,,,,,,,,,,,,,,,,
Ridge Fire,2022-06-26,Siskiyou,12.0,41.317476,-122.359698,6.0,6.0,Summer,Small,2022-06-26,,27.2,16.1,2.7,0.0,Unknown,High,Medium,Dry,6.0,6.0,Summer,1.0,,,,,,,,,,,,,,,,,,,,,,,,
Burrows Fire ,2022-06-28,Glenn,317.0,39.713372,-122.55002,6.0,1.0,Summer,Large,2022-06-28,,28.9,19.4,2.9,0.0,Unknown,High,High,Dry,6.0,1.0,Summer,1.0,,,,,,,,,,,,,,,,,,,,,,,,
Camino Fire,2022-06-28,San Luis Obispo,387.0,35.136141,-120.437395,6.0,1.0,Summer,Large,2022-06-28,,28.9,19.4,2.9,0.0,Unknown,High,High,Dry,6.0,1.0,Summer,1.0,,,,,,,,,,,,,,,,,,,,,,,,
Rices Fire,2022-06-28,Nevada,904.0,39.319145,-121.192271,6.0,1.0,Summer,Large,2022-06-28,,28.9,19.4,2.9,0.0,Unknown,High,High,Dry,6.0,1.0,Summer,1.0,,,,,,,,,,,,,,,,,,,,,,,,
Table Fire,2022-07-01,Fresno,52.0,37.013878,-119.576797,7.0,4.0,Summer,Medium,2022-07-01,,26.1,18.3,2.8,0.0,Unknown,Medium,High,Dry,7.0,4.0,Summer,1.0,,,,,,,,,,,,,,,,,,,,,,,,
Garrison Fire,2022-07-04,Monterey,138.0,35.8640822,-120.819059,7.0,0.0,Summer,Medium,2022-07-04,,26.1,16.7,1.8,0.0,Unknown,Medium,Medium,Dry,7.0,0.0,Summer,1.0,,,,,,,,,,,,,,,,,,,,,,,,
Electra Fire,2022-07-04,"Amador, Calaveras",4470.0,38.334802,-120.665415,7.0,0.0,Summer,Large,2022-07-04,,26.1,16.7,1.8,0.0,Unknown,Medium,Medium,Dry,7.0,0.0,Summer,1.0,,,,,,,,,,,,,,,,,,,,,,,,
Jan-Dar Fire,2022-07-04,Butte,30.0,39.42972,-121.430071,7.0,0.0,Summer,Small,2022-07-04,,26.1,16.7,1.8,0.0,Unknown,Medium,Medium,Dry,7.0,0.0,Summer,1.0,,,,,,,,,,,,,,,,,,,,,,,,
Nome Fire,2022-07-05,Mendocino,20.0,39.8166571,-123.2055576,7.0,1.0,Summer,Small,2022-07-05,,27.8,17.8,2.0,0.0,Unknown,High,High,Dry,7.0,1.0,Summer,1.0,,,,,,,,,,,,,,,,,,,,,,,,
Washburn Fire,2022-07-07,Mariposa,4886.0,37.499,-119.614,7.0,3.0,Summer,Large,2022-07-07,,26.7,17.8,2.9,0.0,Unknown,High,High,Dry,7.0,3.0,Summer,1.0,,,,,,,,,,,,,,,,,,,,,,,,
Bay Fire,2022-07-08,Yuba,30.0,39.300253,-121.372749,7.0,4.0,Summer,Small,2022-07-08,,25.6,18.9,2.8,0.0,Unknown,Medium,High,Dry,7.0,4.0,Summer,1.0,,,,,,,,,,,,,,,,,,,,,,,,
Porter Fire,2022-07-09,Placer,166.0,39.020051,-121.344587,7.0,5.0,Summer,Large,2022-07-09,,31.1,17.2,1.7,0.0,Unknown,High,High,Dry,7.0,5.0,Summer,1.0,,,,,,,,,,,,,,,,,,,,,,,,
Harbison,2022-07-12,San Diego,37.0,32.7947379,-116.8460273,7.0,1.0,Summer,Medium,2022-07-12,,24.4,17.8,2.6,0.0,Unknown,Medium,High,Dry,7.0,1.0,Summer,1.0,,,,,,,,,,,,,,,,,,,,,,,,
Herman Fire,2022-07-13,Solano,115.0,38.0936839,-122.1347757,7.0,2.0,Summer,Medium,2022-07-13,,25.6,18.3,1.9,0.0,Unknown,Medium,High,Dry,7.0,2.0,Summer,1.0,,,,,,,,,,,,,,,,,,,,,,,,
Peter Fire ,2022-07-14,Shasta,304.0,40.4411992,-122.3182313,7.0,3.0,Summer,Large,2022-07-14,,23.9,18.9,3.4,0.0,Unknown,Medium,High,Dry,7.0,3.0,Summer,1.0,,,,,,,,,,,,,,,,,,,,,,,,
Grant Fire,2022-07-14,Sacramento,74.0,38.5570067,-121.1183895,7.0,3.0,Summer,Medium,2022-07-14,,23.9,18.9,3.4,0.0,Unknown,Medium,High,Dry,7.0,3.0,Summer,1.0,,,,,,,,,,,,,,,,,,,,,,,,
Agua Fire,2022-07-18,Mariposa,421.0,37.481701,-120.02107,7.0,0.0,Summer,Large,2022-07-18,,28.3,20.6,3.1,0.0,Unknown,High,High,Dry,7.0,0.0,Summer,1.0,,,,,,,,,,,,,,,,,,,,,,,,
Winding Fire,2022-07-18,Yuba,82.0,39.314076,-121.27693,7.0,0.0,Summer,Medium,2022-07-18,,28.3,20.6,3.1,0.0,Unknown,High,High,Dry,7.0,0.0,Summer,1.0,,,,,,,,,,,,,,,,,,,,,,,,
Meadow Fire ,2022-07-19,Mendocino,17.0,39.058043,-123.33756,7.0,1.0,Summer,Small,2022-07-19,,32.2,18.3,1.8,0.0,Unknown,High,High,Dry,7.0,1.0,Summer,1.0,,,,,,,,,,,,,,,,,,,,,,,,
Flynn Fire ,2022-07-19,Alameda,121.0,37.719206,-121.656106,7.0,1.0,Summer,Medium,2022-07-19,,32.2,18.3,1.8,0.0,Unknown,High,High,Dry,7.0,1.0,Summer,1.0,,,,,,,,,,,,,,,,,,,,,,,,
Slate Fire ,2022-07-21,Tuolumne,64.0,37.935092,-120.4422218,7.0,3.0,Summer,Medium,2022-07-21,,29.4,18.9,1.8,0.0,Unknown,High,High,Dry,7.0,3.0,Summer,1.0,,,,,,,,,,,,,,,,,,,,,,,,
Anzar Fire,2022-07-21,San Benito,104.0,36.8927679,-121.604728,7.0,3.0,Summer,Medium,2022-07-21,,29.4,18.9,1.8,0.0,Unknown,High,High,Dry,7.0,3.0,Summer,1.0,,,,,,,,,,,,,,,,,,,,,,,,
Apple Fire,2022-07-27,Yuba,39.0,39.323167,-121.304167,7.0,2.0,Summer,Medium,2022-07-27,,26.7,19.4,2.0,0.0,Unknown,High,High,Dry,7.0,2.0,Summer,1.0,,,,,,,,,,,,,,,,,,,,,,,,
Casner Fire,2022-07-27,San Diego,174.0,33.0819687,-116.7626279,7.0,2.0,Summer,Large,2022-07-27,,26.7,19.4,2.0,0.0,Unknown,High,High,Dry,7.0,2.0,Summer,1.0,,,,,,,,,,,,,,,,,,,,,,,,
McKinney Fire ,2022-07-29,Siskiyou,60138.0,41.833813,-122.894782,7.0,4.0,Summer,Large,2022-07-29,,26.1,20.0,3.3,0.0,Unknown,Medium,High,Dry,7.0,4.0,Summer,1.0,,,,,,,,,,,,,,,,,,,,,,,,
Highway Fire,2022-07-29,San Bernardino,28.0,34.312437,-117.3463886,7.0,4.0,Summer,Small,2022-07-29,,26.1,20.0,3.3,0.0,Unknown,Medium,High,Dry,7.0,4.0,Summer,1.0,,,,,,,,,,,,,,,,,,,,,,,,
Mesa Fire,2022-07-30,Kern,222.0,35.5745007,-118.4125811,7.0,5.0,Summer,Large,2022-07-30,,31.7,18.9,2.0,0.0,Unknown,High,High,Dry,7.0,5.0,Summer,1.0,,,,,,,,,,,,,,,,,,,,,,,,
Shackleford Fire,2022-07-30,Siskiyou,31.0,41.5734543,-123.0213226,7.0,5.0,Summer,Small,2022-07-30,,31.7,18.9,2.0,0.0,Unknown,High,High,Dry,7.0,5.0,Summer,1.0,,,,,,,,,,,,,,,,,,,,,,,,
Kelsey Fire,2022-07-30,Siskiyou,85.0,41.6430162,-123.1193265,7.0,5.0,Summer,Medium,2022-07-30,,31.7,18.9,2.0,0.0,Unknown,High,High,Dry,7.0,5.0,Summer,1.0,,,,,,,,,,,,,,,,,,,,,,,,
Springs Fire,2022-08-03,Tuolumne,51.0,37.84349,-120.50806,8.0,2.0,Summer,Medium,2022-08-03,,27.2,21.1,2.4,0.0,Unknown,High,High,Dry,8.0,2.0,Summer,1.0,,,,,,,,,,,,,,,,,,,,,,,,
Summit Fire,2022-08-03,Tulare,1400.0,36.319167,-118.650278,8.0,2.0,Summer,Large,2022-08-03,,27.2,21.1,2.4,0.0,Unknown,High,High,Dry,8.0,2.0,Summer,1.0,,,,,,,,,,,,,,,,,,,,,,,,
Smokey Fire ,2022-08-04,Siskiyou,34.0,41.9708541,-122.7825581,8.0,3.0,Summer,Small,2022-08-04,,30.0,20.0,1.4,0.0,Unknown,High,High,Dry,8.0,3.0,Summer,1.0,,,,,,,,,,,,,,,,,,,,,,,,
3-8 Fire ,2022-08-08,Lassen,14.0,41.060445,-121.211449,8.0,0.0,Summer,Small,2022-08-08,,28.9,21.1,2.6,0.0,Unknown,High,High,Dry,8.0,0.0,Summer,1.0,,,,,,,,,,,,,,,,,,,,,,,,
Sam Fire,2022-08-10,Los Angeles,149.0,34.765322,-118.732882,8.0,2.0,Summer,Medium,2022-08-10,,32.8,22.8,2.5,0.0,Unknown,High,High,Dry,8.0,2.0,Summer,1.0,,,,,,,,,,,,,,,,,,,,,,,,
Rail Fire,2022-08-14,Kern,250.0,35.2882644,-118.6292243,8.0,6.0,Summer,Large,2022-08-14,,32.8,21.7,1.7,0.0,Unknown,High,High,Dry,8.0,6.0,Summer,1.0,,,,,,,,,,,,,,,,,,,,,,,,
Eden Fire,2022-08-15,Alameda,58.0,37.70049,-121.97822,8.0,0.0,Summer,Medium,2022-08-15,,28.9,20.6,2.3,0.0,Unknown,High,High,Dry,8.0,0.0,Summer,1.0,,,,,,,,,,,,,,,,,,,,,,,,
Oak Fire,2022-08-15,Placer,19244.0,39.04941,-120.9526,8.0,0.0,Summer,Large,2022-08-15,,28.9,20.6,2.3,0.0,Unknown,High,High,Dry,8.0,0.0,Summer,1.0,,,,,,,,,,,,,,,,,,,,,,,,
Wishon Fire,2022-08-15,Tulare,325.0,36.17768,-118.71829,8.0,0.0,Summer,Large,2022-08-15,,28.9,20.6,2.3,0.0,Unknown,High,High,Dry,8.0,0.0,Summer,1.0,,,,,,,,,,,,,,,,,,,,,,,,
Quail Fire,2022-08-17,Los Angeles,53.0,34.48202,-118.60811,8.0,2.0,Summer,Medium,2022-08-17,,28.9,21.7,2.4,0.0,Unknown,High,High,Dry,8.0,2.0,Summer,1.0,,,,,,,,,,,,,,,,,,,,,,,,
Pleasant Fire,2022-08-20,Nevada,48.0,39.2805,-121.1329,8.0,5.0,Summer,Medium,2022-08-20,,26.7,21.7,3.8,0.0,Unknown,High,High,Dry,8.0,5.0,Summer,1.0,,,,,,,,,,,,,,,,,,,,,,,,
Point Fire,2022-08-20,Lake,14.0,38.9494,-122.6556,8.0,5.0,Summer,Small,2022-08-20,,26.7,21.7,3.8,0.0,Unknown,High,High,Dry,8.0,5.0,Summer,1.0,,,,,,,,,,,,,,,,,,,,,,,,
East Fire,2022-08-25,Los Angeles,150.0,34.2338842,-117.8004523,8.0,3.0,Summer,Medium,2022-08-25,,31.1,20.0,1.5,0.0,Unknown,High,High,Dry,8.0,3.0,Summer,1.0,,,,,,,,,,,,,,,,,,,,,,,,
Still Fire,2022-08-27,Nevada,44.0,39.0543,-121.1103,8.0,5.0,Summer,Medium,2022-08-27,,28.3,19.4,2.4,0.0,Unknown,High,High,Dry,8.0,5.0,Summer,1.0,,,,,,,,,,,,,,,,,,,,,,,,
Route Fire,2022-08-31,Los Angeles,5208.0,34.5255,-118.6479,8.0,2.0,Summer,Large,2022-08-31,,36.1,21.7,2.3,0.0,Unknown,High,High,Dry,8.0,2.0,Summer,1.0,,,,,,,,,,,,,,,,,,,,,,,,
Border 32,2022-08-31,San Diego,4456.0,32.612181,-116.707395,8.0,2.0,Summer,Large,2022-08-31,,36.1,21.7,2.3,0.0,Unknown,High,High,Dry,8.0,2.0,Summer,1.0,,,,,,,,,,,,,,,,,,,,,,,,
Woods Fire,2022-09-01,Tuolumne,21.0,37.968,-120.4013,9.0,3.0,Fall,Small,2022-09-01,,31.1,22.2,2.8,0.0,Unknown,High,High,Dry,9.0,3.0,Summer,1.0,,,,,,,,,,,,,,,,,,,,,,,,
Walker Fire,2022-09-01,Mendocino,124.0,39.3669,-123.3159,9.0,3.0,Fall,Medium,2022-09-01,,31.1,22.2,2.8,0.0,Unknown,High,High,Dry,9.0,3.0,Summer,1.0,,,,,,,,,,,,,,,,,,,,,,,,
Branstetter Fire ,2022-09-01,Shasta,34.0,40.5336,-122.3975,9.0,3.0,Fall,Small,2022-09-01,,31.1,22.2,2.8,0.0,Unknown,High,High,Dry,9.0,3.0,Summer,1.0,,,,,,,,,,,,,,,,,,,,,,,,
Mountain Fire ,2022-09-02,Siskiyou,13440.0,41.459009,-122.627469,9.0,4.0,Fall,Large,2022-09-02,,33.3,23.9,2.2,0.0,Unknown,High,High,Dry,9.0,4.0,Summer,1.0,,,,,,,,,,,,,,,,,,,,,,,,
Mill Fire,2022-09-02,Siskiyou,3939.0,41.4303,-122.3852,9.0,4.0,Fall,Large,2022-09-02,,33.3,23.9,2.2,0.0,Unknown,High,High,Dry,9.0,4.0,Summer,1.0,,,,,,,,,,,,,,,,,,,,,,,,
Tower Fire,2022-09-02,Calaveras,73.0,38.0182816,-120.7489517,9.0,4.0,Fall,Medium,2022-09-02,,33.3,23.9,2.2,0.0,Unknown,High,High,Dry,9.0,4.0,Summer,1.0,,,,,,,,,,,,,,,,,,,,,,,,
Caesar Fire,2022-09-05,San Diego,50.0,33.064629,-116.811345,9.0,0.0,Fall,Medium,2022-09-05,,34.4,24.4,2.6,0.0,Unknown,High,High,Dry,9.0,0.0,Summer,1.0,,,,,,,,,,,,,,,,,,,,,,,,
Fairview Fire,2022-09-05,Riverside,28098.0,33.717062,-116.893227,9.0,0.0,Fall,Large,2022-09-05,,34.4,24.4,2.6,0.0,Unknown,High,High,Dry,9.0,0.0,Summer,1.0,,,,,,,,,,,,,,,,,,,,,,,,
Radford Fire,2022-09-05,San Bernardino,1079.0,34.177,-116.882,9.0,0.0,Fall,Large,2022-09-05,,34.4,24.4,2.6,0.0,Unknown,High,High,Dry,9.0,0.0,Summer,1.0,,,,,,,,,,,,,,,,,,,,,,,,
Hill Fire,2022-09-06,Placer,11.0,39.1252,-120.816083,9.0,1.0,Fall,Small,2022-09-06,,35.6,22.8,1.5,0.0,Unknown,High,High,Dry,9.0,1.0,Summer,1.0,,,,,,,,,,,,,,,,,,,,,,,,
Rosa Fire,2022-09-06,San Luis Obispo,16.0,35.580125,-121.012313,9.0,1.0,Fall,Small,2022-09-06,,35.6,22.8,1.5,0.0,Unknown,High,High,Dry,9.0,1.0,Summer,1.0,,,,,,,,,,,,,,,,,,,,,,,,
Power Fire ,2022-09-06,Fresno,130.0,37.080478,-119.485927,9.0,1.0,Fall,Medium,2022-09-06,,35.6,22.8,1.5,0.0,Unknown,High,High,Dry,9.0,1.0,Summer,1.0,,,,,,,,,,,,,,,,,,,,,,,,
Mosquito Fire,2022-09-06,"El Dorado, Placer",76788.0,39.00591,-120.7447,9.0,1.0,Fall,Large,2022-09-06,,35.6,22.8,1.5,0.0,Unknown,High,High,Dry,9.0,1.0,Summer,1.0,,,,,,,,,,,,,,,,,,,,,,,,
Fork Fire ,2022-09-07,Madera,819.0,37.21945,-119.50881,9.0,2.0,Fall,Large,2022-09-07,,37.2,24.4,1.9,0.0,Unknown,High,High,Dry,9.0,2.0,Summer,1.0,,,,,,,,,,,,,,,,,,,,,,,,
Coyote Fire,2022-09-07,Siskiyou,297.0,41.8739166,-121.839853,9.0,2.0,Fall,Large,2022-09-07,,37.2,24.4,1.9,0.0,Unknown,High,High,Dry,9.0,2.0,Summer,1.0,,,,,,,,,,,,,,,,,,,,,,,,
Barnes Fire,2022-09-07,Modoc,5843.0,41.87117,-120.29122,9.0,2.0,Fall,Large,2022-09-07,,37.2,24.4,1.9,0.0,Unknown,High,High,Dry,9.0,2.0,Summer,1.0,,,,,,,,,,,,,,,,,,,,,,,,
Forward Fire,2022-09-09,Tehama,160.0,40.44109,-121.81822,9.0,4.0,Fall,Large,2022-09-09,,38.9,22.8,2.9,4.6,Unknown,High,High,Dry,9.0,4.0,Summer,1.0,,,,,,,,,,,,,,,,,,,,,,,,
Pleasant Fire ,2022-10-23,Inyo,50.0,37.38939,-118.50091,10.0,6.0,Fall,Medium,2022-10-23,,22.2,13.9,1.4,0.0,Unknown,Medium,Medium,Dry,10.0,6.0,Summer,1.0,,,,,,,,,,,,,,,,,,,,,,,,
66 Fire,2023-05-15,Riverside,127.0,33.569342,-116.092746,5.0,0.0,Spring,Medium,2023-05-15,,22.2,15.6,1.7,0.0,Unknown,Medium,Medium,Dry,5.0,0.0,Summer,1.0,,,,,,,,,,,,,,,,,,,,,,,,
Pistol Fire,2023-05-30,Fresno,123.0,36.9466,-119.6801,5.0,1.0,Spring,Medium,2023-05-30,,18.9,16.1,2.3,0.5,Unknown,Low,Medium,Dry,5.0,1.0,Summer,1.0,,,,,,,,,,,,,,,,,,,,,,,,
Sicard Fire,2023-05-30,Yuba,13.0,39.2349,-121.3475,5.0,1.0,Spring,Small,2023-05-30,,18.9,16.1,2.3,0.5,Unknown,Low,Medium,Dry,5.0,1.0,Summer,1.0,,,,,,,,,,,,,,,,,,,,,,,,
Panoche Fire,2023-06-03,Fresno,65.0,36.7536,-120.8991,6.0,5.0,Summer,Medium,2023-06-03,,23.9,13.3,2.0,0.0,Unknown,Medium,Medium,Dry,6.0,5.0,Summer,1.0,,,,,,,,,,,,,,,,,,,,,,,,
Valley Fire,2023-06-03,Tulare,135.0,36.0322,-118.8582,6.0,5.0,Summer,Medium,2023-06-03,,23.9,13.3,2.0,0.0,Unknown,Medium,Medium,Dry,6.0,5.0,Summer,1.0,,,,,,,,,,,,,,,,,,,,,,,,
Range Fire,2023-06-04,Monterey,72.0,36.4647,-121.3319,6.0,6.0,Summer,Medium,2023-06-04,,23.3,15.6,1.9,0.0,Unknown,Medium,Medium,Dry,6.0,6.0,Summer,1.0,,,,,,,,,,,,,,,,,,,,,,,,
Rodeo Fire,2023-06-09,Fresno,15.0,36.70984,-119.304258,6.0,4.0,Summer,Small,2023-06-09,,21.7,15.6,1.3,0.0,Unknown,Low,Medium,Dry,6.0,4.0,Summer,1.0,,,,,,,,,,,,,,,,,,,,,,,,
Geology Fire,2023-06-10,San Bernardino,1088.0,33.896,-116.0533,6.0,5.0,Summer,Large,2023-06-10,,21.7,16.1,1.5,0.0,Unknown,Low,Medium,Dry,6.0,5.0,Summer,1.0,,,,,,,,,,,,,,,,,,,,,,,,
Gulch Fire,2023-06-10,Mariposa,25.0,37.4404,-120.1499,6.0,5.0,Summer,Small,2023-06-10,,21.7,16.1,1.5,0.0,Unknown,Low,Medium,Dry,6.0,5.0,Summer,1.0,,,,,,,,,,,,,,,,,,,,,,,,
Snell Fire,2023-06-16,Napa,103.0,38.6994,-122.4379,6.0,4.0,Summer,Medium,2023-06-16,,23.9,17.8,2.1,0.0,Unknown,Medium,High,Dry,6.0,4.0,Summer,1.0,,,,,,,,,,,,,,,,,,,,,,,,
Rocky Fire,2023-06-18,Tulare,141.0,36.3002,-119.0828,6.0,6.0,Summer,Medium,2023-06-18,,22.8,16.7,1.9,0.0,Unknown,Medium,Medium,Dry,6.0,6.0,Summer,1.0,,,,,,,,,,,,,,,,,,,,,,,,
Slough Fire,2023-06-18,Fresno,640.0,36.5737,-120.188,6.0,6.0,Summer,Large,2023-06-18,,22.8,16.7,1.9,0.0,Unknown,Medium,Medium,Dry,6.0,6.0,Summer,1.0,,,,,,,,,,,,,,,,,,,,,,,,
Black Wood Fire,2023-06-20,San Diego,37.0,32.734788,-116.34461,6.0,1.0,Summer,Medium,2023-06-20,,26.1,16.7,1.9,0.0,Unknown,Medium,Medium,Dry,6.0,1.0,Summer,1.0,,,,,,,,,,,,,,,,,,,,,,,,
Garbani Fire,2023-06-20,Riverside,43.0,33.656034,-117.201092,6.0,1.0,Summer,Medium,2023-06-20,,26.1,16.7,1.9,0.0,Unknown,Medium,Medium,Dry,6.0,1.0,Summer,1.0,,,,,,,,,,,,,,,,,,,,,,,,
Crane Fire,2023-06-27,Fresno,24.0,36.8675,-119.0137,6.0,1.0,Summer,Small,2023-06-27,,22.8,16.1,2.5,0.0,Unknown,Medium,Medium,Dry,6.0,1.0,Summer,1.0,,,,,,,,,,,,,,,,,,,,,,,,
Juniper Fire,2023-06-27,Riverside,68.0,33.787329,-117.330286,6.0,1.0,Summer,Medium,2023-06-27,,22.8,16.1,2.5,0.0,Unknown,Medium,Medium,Dry,6.0,1.0,Summer,1.0,,,,,,,,,,,,,,,,,,,,,,,,
Nice Fire,2023-06-27,San Bernardino,90.0,34.0568,-117.0957,6.0,1.0,Summer,Medium,2023-06-27,,22.8,16.1,2.5,0.0,Unknown,Medium,Medium,Dry,6.0,1.0,Summer,1.0,,,,,,,,,,,,,,,,,,,,,,,,
Champagne Fire ,2023-06-30,Kern,25.0,34.9516,-118.4252,6.0,4.0,Summer,Small,2023-06-30,,27.8,16.7,1.8,0.0,Unknown,High,Medium,Dry,6.0,4.0,Summer,1.0,,,,,,,,,,,,,,,,,,,,,,,,
Gann Fire,2023-07-02,Calaveras,105.0,38.114444,-120.798285,7.0,6.0,Summer,Medium,2023-07-02,,27.8,16.7,1.7,0.0,Unknown,High,Medium,Dry,7.0,6.0,Summer,1.0,,,,,,,,,,,,,,,,,,,,,,,,
Peter Fire,2023-07-03,Los Angeles,14.0,34.516944,-118.193056,7.0,0.0,Summer,Small,2023-07-03,,25.6,15.6,1.7,0.0,Unknown,Medium,Medium,Dry,7.0,0.0,Summer,1.0,,,,,,,,,,,,,,,,,,,,,,,,
Roundup Fire,2023-07-04,San Bernardino,34.0,34.38695,-117.186767,7.0,1.0,Summer,Small,2023-07-04,,24.4,16.7,2.5,0.0,Unknown,Medium,Medium,Dry,7.0,1.0,Summer,1.0,,,,,,,,,,,,,,,,,,,,,,,,
Bernasconi Fire,2023-07-04,Riverside,18.0,33.838928,-117.153554,7.0,1.0,Summer,Small,2023-07-04,,24.4,16.7,2.5,0.0,Unknown,Medium,Medium,Dry,7.0,1.0,Summer,1.0,,,,,,,,,,,,,,,,,,,,,,,,
Lincoln Fire,2023-07-05,Riverside,39.0,33.583941,-116.078906,7.0,2.0,Summer,Medium,2023-07-05,,28.3,15.6,1.4,0.0,Unknown,High,Medium,Dry,7.0,2.0,Summer,1.0,,,,,,,,,,,,,,,,,,,,,,,,
Day Fire,2023-07-05,Riverside,56.0,33.837311,-117.278984,7.0,2.0,Summer,Medium,2023-07-05,,28.3,15.6,1.4,0.0,Unknown,High,Medium,Dry,7.0,2.0,Summer,1.0,,,,,,,,,,,,,,,,,,,,,,,,
Frog Fire,2023-07-06,Riverside,33.0,33.479,-117.0575,7.0,3.0,Summer,Small,2023-07-06,,23.9,15.6,2.2,0.0,Unknown,Medium,Medium,Dry,7.0,3.0,Summer,1.0,,,,,,,,,,,,,,,,,,,,,,,,
District Fire,2023-07-07,Kern,1044.0,34.8866,-118.9033,7.0,4.0,Summer,Large,2023-07-07,,22.8,17.8,3.0,0.0,Unknown,Medium,High,Dry,7.0,4.0,Summer,1.0,,,,,,,,,,,,,,,,,,,,,,,,
Rider Fire,2023-07-11,Riverside,12.0,33.8302,-117.2616,7.0,1.0,Summer,Small,2023-07-11,,27.8,18.3,2.3,0.0,Unknown,High,High,Dry,7.0,1.0,Summer,1.0,,,,,,,,,,,,,,,,,,,,,,,,
Carbon Fire,2023-07-11,Amador,58.0,38.43948,-120.98731,7.0,1.0,Summer,Medium,2023-07-11,,27.8,18.3,2.3,0.0,Unknown,High,High,Dry,7.0,1.0,Summer,1.0,,,,,,,,,,,,,,,,,,,,,,,,
Snake Fire,2023-07-11,Riverside,30.0,33.7505,-117.348,7.0,1.0,Summer,Small,2023-07-11,,27.8,18.3,2.3,0.0,Unknown,High,High,Dry,7.0,1.0,Summer,1.0,,,,,,,,,,,,,,,,,,,,,,,,
Spring Fire,2023-07-11,Riverside,35.0,33.9364,-117.124,7.0,1.0,Summer,Small,2023-07-11,,27.8,18.3,2.3,0.0,Unknown,High,High,Dry,7.0,1.0,Summer,1.0,,,,,,,,,,,,,,,,,,,,,,,,
Liberty Fire,2023-07-11,Amador,71.0,38.2387,-121.0089,7.0,1.0,Summer,Medium,2023-07-11,,27.8,18.3,2.3,0.0,Unknown,High,High,Dry,7.0,1.0,Summer,1.0,,,,,,,,,,,,,,,,,,,,,,,,
Avocado Fire,2023-07-12,Riverside,10.0,33.505725,-117.300098,7.0,2.0,Summer,Small,2023-07-12,,30.6,18.9,2.3,0.0,Unknown,High,High,Dry,7.0,2.0,Summer,1.0,,,,,,,,,,,,,,,,,,,,,,,,
Pulsar Fire,2023-07-13,Riverside,12.0,33.821929,-117.068009,7.0,3.0,Summer,Small,2023-07-13,,28.9,19.4,2.8,0.0,Unknown,High,High,Dry,7.0,3.0,Summer,1.0,,,,,,,,,,,,,,,,,,,,,,,,
Highland Fire,2023-07-14,Riverside,105.0,33.907342,-116.946498,7.0,4.0,Summer,Medium,2023-07-14,,31.7,18.3,1.5,0.0,Unknown,High,High,Dry,7.0,4.0,Summer,1.0,,,,,,,,,,,,,,,,,,,,,,,,
Rabbit Fire,2023-07-14,Riverside,8355.0,33.889467,-117.070916,7.0,4.0,Summer,Large,2023-07-14,,31.7,18.3,1.5,0.0,Unknown,High,High,Dry,7.0,4.0,Summer,1.0,,,,,,,,,,,,,,,,,,,,,,,,
Reche Fire,2023-07-14,Riverside,436.0,33.9835,-117.2169,7.0,4.0,Summer,Large,2023-07-14,,31.7,18.3,1.5,0.0,Unknown,High,High,Dry,7.0,4.0,Summer,1.0,,,,,,,,,,,,,,,,,,,,,,,,
Gavilan Fire,2023-07-15,Riverside,336.0,33.817004,-117.358124,7.0,5.0,Summer,Large,2023-07-15,,28.3,18.3,2.0,0.0,Unknown,High,High,Dry,7.0,5.0,Summer,1.0,,,,,,,,,,,,,,,,,,,,,,,,
Lodoga Fire,2023-07-16,Colusa,22.0,39.2694,-122.466,7.0,6.0,Summer,Small,2023-07-16,,25.6,18.9,3.0,0.0,Unknown,Medium,High,Dry,7.0,6.0,Summer,1.0,,,,,,,,,,,,,,,,,,,,,,,,
Idria Fire,2023-07-19,San Benito,296.0,36.490487,-120.801732,7.0,2.0,Summer,Large,2023-07-19,,33.9,20.6,1.7,0.0,Unknown,High,High,Dry,7.0,2.0,Summer,1.0,,,,,,,,,,,,,,,,,,,,,,,,
Oak Fire,2023-07-19,Riverside,137.0,34.0182,-117.4261,7.0,2.0,Summer,Medium,2023-07-19,,33.9,20.6,1.7,0.0,Unknown,High,High,Dry,7.0,2.0,Summer,1.0,,,,,,,,,,,,,,,,,,,,,,,,
Long Fire,2023-07-25,Fresno,33.0,36.6932792,-119.1521739,7.0,1.0,Summer,Small,2023-07-25,,30.6,20.0,2.2,0.0,Unknown,High,High,Dry,7.0,1.0,Summer,1.0,,,,,,,,,,,,,,,,,,,,,,,,
Victor Fire,2023-07-25,Los Angeles,70.0,34.356691,-118.507954,7.0,1.0,Summer,Medium,2023-07-25,,30.6,20.0,2.2,0.0,Unknown,High,High,Dry,7.0,1.0,Summer,1.0,,,,,,,,,,,,,,,,,,,,,,,,
Agua Fire,2023-07-25,Los Angeles,421.0,34.438333,-118.326389,7.0,1.0,Summer,Large,2023-07-25,,30.6,20.0,2.2,0.0,Unknown,High,High,Dry,7.0,1.0,Summer,1.0,,,,,,,,,,,,,,,,,,,,,,,,
Turkey Fire,2023-07-26,Butte,65.0,39.446994,-121.399989,7.0,2.0,Summer,Medium,2023-07-26,,31.1,19.4,2.6,0.0,Unknown,High,High,Dry,7.0,2.0,Summer,1.0,,,,,,,,,,,,,,,,,,,,,,,,
Scodie Fire,2023-07-28,Kern,20.0,35.6967,-118.2148,7.0,4.0,Summer,Small,2023-07-28,,29.4,20.0,1.8,0.0,Unknown,High,High,Dry,7.0,4.0,Summer,1.0,,,,,,,,,,,,,,,,,,,,,,,,
Flynn Fire,2023-07-29,Alameda,80.0,37.7356,-121.6065,7.0,5.0,Summer,Medium,2023-07-29,,31.7,20.0,1.9,0.0,Unknown,High,High,Dry,7.0,5.0,Summer,1.0,,,,,,,,,,,,,,,,,,,,,,,,
Shell Fire,2023-07-30,San Luis Obispo,100.0,35.458459,-120.334625,7.0,6.0,Summer,Medium,2023-07-30,,30.0,21.1,2.8,0.0,Unknown,High,High,Dry,7.0,6.0,Summer,1.0,,,,,,,,,,,,,,,,,,,,,,,,
York Fire,2023-08-01,San Bernardino,93078.0,35.191889,-115.317389,8.0,1.0,Summer,Large,2023-08-01,,32.2,22.8,1.6,0.0,Unknown,High,High,Dry,8.0,1.0,Summer,1.0,,,,,,,,,,,,,,,,,,,,,,,,
Haberkern Fire,2023-08-01,Kern,35.0,36.7611111,-119.988888,8.0,1.0,Summer,Small,2023-08-01,,32.2,22.8,1.6,0.0,Unknown,High,High,Dry,8.0,1.0,Summer,1.0,,,,,,,,,,,,,,,,,,,,,,,,
Beale Fire,2023-08-01,Kern,61.0,35.403564,-120.181725,8.0,1.0,Summer,Medium,2023-08-01,,32.2,22.8,1.6,0.0,Unknown,High,High,Dry,8.0,1.0,Summer,1.0,,,,,,,,,,,,,,,,,,,,,,,,
Nuevo Fire,2023-08-01,Riverside,20.0,33.7995,-117.11938,8.0,1.0,Summer,Small,2023-08-01,,32.2,22.8,1.6,0.0,Unknown,High,High,Dry,8.0,1.0,Summer,1.0,,,,,,,,,,,,,,,,,,,,,,,,
RV Fire,2023-08-01,Merced,29.0,36.9648,-120.8839,8.0,1.0,Summer,Small,2023-08-01,,32.2,22.8,1.6,0.0,Unknown,High,High,Dry,8.0,1.0,Summer,1.0,,,,,,,,,,,,,,,,,,,,,,,,
East Fire ,2023-08-01,Kern,1291.0,35.490591,-118.875657,8.0,1.0,Summer,Large,2023-08-01,,32.2,22.8,1.6,0.0,Unknown,High,High,Dry,8.0,1.0,Summer,1.0,,,,,,,,,,,,,,,,,,,,,,,,
Clayton Fire,2023-08-03,Santa Clara,68.0,37.368648,-121.464716,8.0,3.0,Summer,Medium,2023-08-03,,26.1,19.4,2.3,0.0,Unknown,Medium,High,Dry,8.0,3.0,Summer,1.0,,,,,,,,,,,,,,,,,,,,,,,,
Ridge Fire,2023-08-04,Shasta,28.0,40.735974,-122.624538,8.0,4.0,Summer,Small,2023-08-04,,26.7,18.9,3.0,0.0,Unknown,High,High,Dry,8.0,4.0,Summer,1.0,,,,,,,,,,,,,,,,,,,,,,,,
Boulevard Fire,2023-08-04,Kern,88.0,35.0990626,-118.2951023,8.0,4.0,Summer,Medium,2023-08-04,,26.7,18.9,3.0,0.0,Unknown,High,High,Dry,8.0,4.0,Summer,1.0,,,,,,,,,,,,,,,,,,,,,,,,
No Name Fire,2023-08-05,Kern,1120.0,35.78611,-117.8875,8.0,5.0,Summer,Large,2023-08-05,,27.8,20.0,2.6,0.0,Unknown,High,High,Dry,8.0,5.0,Summer,1.0,,,,,,,,,,,,,,,,,,,,,,,,
Pass ,2023-08-06,San Diego,36.0,32.68535,-116.3017,8.0,6.0,Summer,Medium,2023-08-06,,27.8,19.4,3.0,0.0,Unknown,High,High,Dry,8.0,6.0,Summer,1.0,,,,,,,,,,,,,,,,,,,,,,,,
Almond Fire,2023-08-06,Kern,5228.0,35.614674,-119.835808,8.0,6.0,Summer,Large,2023-08-06,,27.8,19.4,3.0,0.0,Unknown,High,High,Dry,8.0,6.0,Summer,1.0,,,,,,,,,,,,,,,,,,,,,,,,
Dry Creek Complex,2023-08-10,Tulare,301.0,36.5323,-119.0113,8.0,3.0,Summer,Large,2023-08-10,,26.1,20.6,2.6,0.0,Unknown,Medium,High,Dry,8.0,3.0,Summer,1.0,,,,,,,,,,,,,,,,,,,,,,,,
Hernandez Fire,2023-08-10,San Benito,75.0,36.4392121,-120.9783812,8.0,3.0,Summer,Medium,2023-08-10,,26.1,20.6,2.6,0.0,Unknown,Medium,High,Dry,8.0,3.0,Summer,1.0,,,,,,,,,,,,,,,,,,,,,,,,
Trotter,2023-08-14,Kern,52.0,35.1387962,-118.6027987,8.0,0.0,Summer,Medium,2023-08-14,,31.7,20.0,1.6,0.0,Unknown,High,High,Dry,8.0,0.0,Summer,1.0,,,,,,,,,,,,,,,,,,,,,,,,
Bitter Fire,2023-08-15,San Luis Obispo,695.0,35.4854,-120.0574,8.0,1.0,Summer,Large,2023-08-15,,33.3,20.0,1.3,0.0,Unknown,High,High,Dry,8.0,1.0,Summer,1.0,,,,,,,,,,,,,,,,,,,,,,,,
SKU August Lightning Complex,2023-08-15,Siskiyou,838.0,41.2477,-121.5041,8.0,1.0,Summer,Large,2023-08-15,,33.3,20.0,1.3,0.0,Unknown,High,High,Dry,8.0,1.0,Summer,1.0,,,,,,,,,,,,,,,,,,,,,,,,
South Fork Complex,2023-08-15,Trinity,3929.0,40.623606,-123.662677,8.0,1.0,Summer,Large,2023-08-15,,33.3,20.0,1.3,0.0,Unknown,High,High,Dry,8.0,1.0,Summer,1.0,,,,,,,,,,,,,,,,,,,,,,,,
Smith River Complex,2023-08-15,Del Norte,95107.0,41.958269,-123.868447,8.0,1.0,Summer,Large,2023-08-15,,33.3,20.0,1.3,0.0,Unknown,High,High,Dry,8.0,1.0,Summer,1.0,,,,,,,,,,,,,,,,,,,,,,,,
Happy Camp Complex,2023-08-16,Siskiyou,21725.0,41.777554,-123.045093,8.0,2.0,Summer,Large,2023-08-16,,30.6,20.0,2.2,0.0,Unknown,High,High,Dry,8.0,2.0,Summer,1.0,,,,,,,,,,,,,,,,,,,,,,,,
3-9 Fire,2023-08-16,Humboldt,2840.0,40.636317,-123.5797,8.0,2.0,Summer,Large,2023-08-16,,30.6,20.0,2.2,0.0,Unknown,High,High,Dry,8.0,2.0,Summer,1.0,,,,,,,,,,,,,,,,,,,,,,,,
Slide 1 Fire,2023-08-16,Tehama,473.0,40.036944,-122.855,8.0,2.0,Summer,Large,2023-08-16,,30.6,20.0,2.2,0.0,Unknown,High,High,Dry,8.0,2.0,Summer,1.0,,,,,,,,,,,,,,,,,,,,,,,,
Deep Fire,2023-08-16,Trinity,4198.0,40.93686,-122.94871,8.0,2.0,Summer,Large,2023-08-16,,30.6,20.0,2.2,0.0,Unknown,High,High,Dry,8.0,2.0,Summer,1.0,,,,,,,,,,,,,,,,,,,,,,,,
Cochrane Fire,2023-08-16,Santa Clara,72.0,37.18725,-121.67208,8.0,2.0,Summer,Medium,2023-08-16,,30.6,20.0,2.2,0.0,Unknown,High,High,Dry,8.0,2.0,Summer,1.0,,,,,,,,,,,,,,,,,,,,,,,,
Thirty Five Fire,2023-08-17,Glenn,109.0,39.6194,-122.3287,8.0,3.0,Summer,Medium,2023-08-17,,32.2,19.4,1.3,0.0,Unknown,High,High,Dry,8.0,3.0,Summer,1.0,,,,,,,,,,,,,,,,,,,,,,,,
Coyote Fire,2023-08-17,San Diego,466.0,32.6347,-116.6415,8.0,3.0,Summer,Large,2023-08-17,,32.2,19.4,1.3,0.0,Unknown,High,High,Dry,8.0,3.0,Summer,1.0,,,,,,,,,,,,,,,,,,,,,,,,
Plant Fire,2023-08-19,Santa Barbara,5464.0,34.9190169,-119.73328,8.0,5.0,Summer,Large,2023-08-19,,27.2,17.8,1.0,0.0,Unknown,High,High,Dry,8.0,5.0,Summer,1.0,,,,,,,,,,,,,,,,,,,,,,,,
SRF Lightning Complex,2023-08-20,Humboldt,50198.0,41.017222,-123.611167,8.0,6.0,Summer,Large,2023-08-20,,25.0,19.4,3.8,51.1,Unknown,Medium,High,Dry,8.0,6.0,Summer,1.0,,,,,,,,,,,,,,,,,,,,,,,,
Creek Fire,2023-09-06,Lake,28.0,38.903333,-122.601667,9.0,2.0,Fall,Small,2023-09-06,,28.3,19.4,1.7,0.0,Unknown,High,High,Dry,9.0,2.0,Summer,1.0,,,,,,,,,,,,,,,,,,,,,,,,
Quarry Fire,2023-09-09,Tuolumne,9130.0,38.06095,-119.991667,9.0,5.0,Fall,Large,2023-09-09,,31.7,21.7,2.1,0.0,Unknown,High,High,Dry,9.0,5.0,Summer,1.0,,,,,,,,,,,,,,,,,,,,,,,,
Alta Fire,2023-09-12,Napa,14.0,38.3702,-122.1796,9.0,1.0,Fall,Small,2023-09-12,,25.6,19.4,2.9,0.0,Unknown,Medium,High,Dry,9.0,1.0,Summer,1.0,,,,,,,,,,,,,,,,,,,,,,,,
Caliente Fire,2023-09-16,Kern,55.0,35.2674,-118.616,9.0,5.0,Fall,Medium,2023-09-16,,22.8,20.0,1.2,0.0,Unknown,Medium,High,Dry,9.0,5.0,Summer,1.0,,,,,,,,,,,,,,,,,,,,,,,,
Green Fire,2023-10-06,San Luis Obispo,243.0,35.5421,-120.9739,10.0,4.0,Fall,Large,2023-10-06,,28.9,17.8,1.9,0.0,Unknown,High,High,Dry,10.0,4.0,Summer,1.0,,,,,,,,,,,,,,,,,,,,,,,,
Williams Fire,2023-10-06,Monterey,44.0,36.0295,-121.07148,10.0,4.0,Fall,Medium,2023-10-06,,28.9,17.8,1.9,0.0,Unknown,High,High,Dry,10.0,4.0,Summer,1.0,,,,,,,,,,,,,,,,,,,,,,,,
Wiley Fire,2023-10-07,Solano,36.0,38.265241,-121.981732,10.0,5.0,Fall,Medium,2023-10-07,,30.6,17.2,2.0,0.0,Unknown,High,High,Dry,10.0,5.0,Summer,1.0,,,,,,,,,,,,,,,,,,,,,,,,
Stanley Fire,2023-10-17,Riverside,5.0,33.592915,-116.857302,10.0,1.0,Fall,Small,2023-10-17,,26.7,17.2,1.1,0.0,Unknown,High,High,Dry,10.0,1.0,Summer,1.0,,,,,,,,,,,,,,,,,,,,,,,,
Border 34 Fire,2023-10-29,San Diego,24.0,32.598,-116.9196,10.0,6.0,Fall,Small,2023-10-29,,28.3,10.6,2.3,0.0,Unknown,High,Low,Dry,10.0,6.0,Summer,1.0,,,,,,,,,,,,,,,,,,,,,,,,
Highland Fire,2023-10-30,Riverside,2487.0,33.438207,-116.82307,10.0,0.0,Fall,Large,2023-10-30,,28.9,9.4,1.6,0.0,Unknown,High,Low,Dry,10.0,0.0,Summer,1.0,,,,,,,,,,,,,,,,,,,,,,,,
Lizzie Fire,2023-10-30,San Luis Obispo,124.0,35.2808,-120.644,10.0,0.0,Fall,Medium,2023-10-30,,28.9,9.4,1.6,0.0,Unknown,High,Low,Dry,10.0,0.0,Summer,1.0,,,,,,,,,,,,,,,,,,,,,,,,
Sun Fire,2023-11-09,Santa Barbara,211.0,34.55742,-120.32318,11.0,3.0,Fall,Large,2023-11-09,,28.3,13.9,3.8,0.0,Unknown,High,Medium,Dry,11.0,3.0,Summer,1.0,,,,,,,,,,,,,,,,,,,,,,,,
Sierra Fire,2023-11-20,Riverside,35.0,33.8438665,-117.46406,11.0,0.0,Fall,Small,2023-11-20,,25.6,12.8,6.7,0.0,Unknown,Medium,Medium,Dry,11.0,0.0,Summer,1.0,,,,,,,,,,,,,,,,,,,,,,,,
Sage Fire,2023-11-23,San Diego,39.0,32.723389,-116.891493,11.0,3.0,Fall,Medium,2023-11-23,,22.8,12.8,2.4,0.0,Unknown,Medium,Medium,Dry,11.0,3.0,Summer,1.0,,,,,,,,,,,,,,,,,,,,,,,,
Border 38 Fire,2023-12-05,San Diego,13.0,32.5666,-116.7986,12.0,1.0,Winter,Small,2023-12-05,,29.4,10.0,0.8,0.0,Unknown,High,Low,Dry,12.0,1.0,Summer,1.0,,,,,,,,,,,,,,,,,,,,,,,,
Pine Fire,2023-12-15,Kern,181.0,35.5593,-118.8696,12.0,4.0,Winter,Large,2023-12-15,,25.6,8.9,0.9,0.0,Unknown,Medium,Low,Dry,12.0,4.0,Summer,1.0,,,,,,,,,,,,,,,,,,,,,,,,
 Bryson Fire,2024-02-27,Monterey,11.0,35.81148,-121.084104,2.0,1.0,Winter,Small,2024-02-27,,18.9,13.9,1.4,0.0,Unknown,Low,Medium,Dry,2.0,1.0,Summer,1.0,,,,,,,,,,,,,,,,,,,,,,,,
Virginiatown Fire,2024-05-02,Placer,95.0,38.902253,-121.201005,5.0,3.0,Spring,Medium,2024-05-02,,22.2,14.4,1.7,0.0,Unknown,Medium,Medium,Dry,5.0,3.0,Summer,1.0,,,,,,,,,,,,,,,,,,,,,,,,
School Fire,2024-05-02,Kern,1479.0,35.04847,-119.33179,5.0,3.0,Spring,Large,2024-05-02,,22.2,14.4,1.7,0.0,Unknown,Medium,Medium,Dry,5.0,3.0,Summer,1.0,,,,,,,,,,,,,,,,,,,,,,,,
Sherwood Fire,2024-05-10,Kern,353.0,35.7193,-118.9429,5.0,4.0,Spring,Large,2024-05-10,,22.8,15.6,2.1,0.0,Unknown,Medium,Medium,Dry,5.0,4.0,Summer,1.0,,,,,,,,,,,,,,,,,,,,,,,,
National Fire,2024-05-12,San Bernardino,80.0,34.602884,-117.339379,5.0,6.0,Spring,Medium,2024-05-12,,21.1,15.6,1.7,0.0,Unknown,Low,Medium,Dry,5.0,6.0,Summer,1.0,,,,,,,,,,,,,,,,,,,,,,,,
John Fire,2024-05-14,Merced,12.0,37.244144,-120.652034,5.0,1.0,Spring,Small,2024-05-14,,20.0,14.4,2.9,0.0,Unknown,Low,Medium,Dry,5.0,1.0,Summer,1.0,,,,,,,,,,,,,,,,,,,,,,,,
Janell Fire,2024-05-14,Riverside,14.0,33.471139,-116.8539685,5.0,1.0,Spring,Small,2024-05-14,,20.0,14.4,2.9,0.0,Unknown,Low,Medium,Dry,5.0,1.0,Summer,1.0,,,,,,,,,,,,,,,,,,,,,,,,
Mission Fire,2024-05-18,Riverside,27.0,33.984278,-116.583317,5.0,5.0,Spring,Small,2024-05-18,,23.3,15.6,1.4,0.0,Unknown,Medium,Medium,Dry,5.0,5.0,Summer,1.0,,,,,,,,,,,,,,,,,,,,,,,,
Wind Fire,2024-05-20,Kern,121.0,34.96545,-118.99692,5.0,0.0,Spring,Medium,2024-05-20,,21.7,14.4,1.7,0.0,Unknown,Low,Medium,Dry,5.0,0.0,Summer,1.0,,,,,,,,,,,,,,,,,,,,,,,,
Hall Fire,2024-05-20,Tehama,12.0,40.014819,-122.129559,5.0,0.0,Spring,Small,2024-05-20,,21.7,14.4,1.7,0.0,Unknown,Low,Medium,Dry,5.0,0.0,Summer,1.0,,,,,,,,,,,,,,,,,,,,,,,,
Elk Fire,2024-05-21,Glenn,19.0,39.598771,-122.476758,5.0,1.0,Spring,Small,2024-05-21,,22.2,14.4,1.3,0.0,Unknown,Medium,Medium,Dry,5.0,1.0,Summer,1.0,,,,,,,,,,,,,,,,,,,,,,,,
Valley Fire,2024-05-21,Modoc,536.0,41.2449,-120.31,5.0,1.0,Spring,Large,2024-05-21,,22.2,14.4,1.3,0.0,Unknown,Medium,Medium,Dry,5.0,1.0,Summer,1.0,,,,,,,,,,,,,,,,,,,,,,,,
Seven Fire,2024-05-23,Butte,11.0,39.539678,-121.908346,5.0,3.0,Spring,Small,2024-05-23,,20.0,15.6,1.8,0.0,Unknown,Low,Medium,Dry,5.0,3.0,Summer,1.0,,,,,,,,,,,,,,,,,,,,,,,,
Border 51 Fire,2024-05-26,San Diego,12.0,32.57583,-116.76972,5.0,6.0,Spring,Small,2024-05-26,,21.1,15.6,2.6,0.0,Unknown,Low,Medium,Dry,5.0,6.0,Summer,1.0,,,,,,,,,,,,,,,,,,,,,,,,
Flood Fire,2024-05-26,San Joaquin,58.0,38.017376,-120.944834,5.0,6.0,Spring,Medium,2024-05-26,,21.1,15.6,2.6,0.0,Unknown,Low,Medium,Dry,5.0,6.0,Summer,1.0,,,,,,,,,,,,,,,,,,,,,,,,
Millerton Fire,2024-05-26,Madera,47.0,37.01741,-119.689804,5.0,6.0,Spring,Medium,2024-05-26,,21.1,15.6,2.6,0.0,Unknown,Low,Medium,Dry,5.0,6.0,Summer,1.0,,,,,,,,,,,,,,,,,,,,,,,,
Vince Fire,2024-05-27,Los Angeles,22.0,34.50941,-118.05215,5.0,0.0,Spring,Small,2024-05-27,,21.1,14.4,2.6,0.0,Unknown,Low,Medium,Dry,5.0,0.0,Summer,1.0,,,,,,,,,,,,,,,,,,,,,,,,
Devil Fire,2024-05-29,Kings,188.0,35.85008,-119.915199,5.0,2.0,Spring,Large,2024-05-29,,21.1,15.0,3.1,0.0,Unknown,Low,Medium,Dry,5.0,2.0,Summer,1.0,,,,,,,,,,,,,,,,,,,,,,,,
County Fire,2024-05-29,Tuolumne,13.0,37.828925,-120.634375,5.0,2.0,Spring,Small,2024-05-29,,21.1,15.0,3.1,0.0,Unknown,Low,Medium,Dry,5.0,2.0,Summer,1.0,,,,,,,,,,,,,,,,,,,,,,,,
Mateo Fire,2024-05-29,Fresno,762.0,36.734329,-120.314598,5.0,2.0,Spring,Large,2024-05-29,,21.1,15.0,3.1,0.0,Unknown,Low,Medium,Dry,5.0,2.0,Summer,1.0,,,,,,,,,,,,,,,,,,,,,,,,
Howard Fire,2024-05-30,Riverside,32.0,33.56557,-116.718429,5.0,3.0,Spring,Small,2024-05-30,,22.2,16.1,3.0,0.0,Unknown,Medium,Medium,Dry,5.0,3.0,Summer,1.0,,,,,,,,,,,,,,,,,,,,,,,,
Great 3 Fire,2024-05-30,San Diego,187.0,32.99611,-116.44756,5.0,3.0,Spring,Large,2024-05-30,,22.2,16.1,3.0,0.0,Unknown,Medium,Medium,Dry,5.0,3.0,Summer,1.0,,,,,,,,,,,,,,,,,,,,,,,,
Hawk Fire,2024-05-30,Fresno,10.0,36.842961,-119.601701,5.0,3.0,Spring,Small,2024-05-30,,22.2,16.1,3.0,0.0,Unknown,Medium,Medium,Dry,5.0,3.0,Summer,1.0,,,,,,,,,,,,,,,,,,,,,,,,
Firebaugh Fire,2024-05-30,Madera,1300.0,36.87565,-120.25511,5.0,3.0,Spring,Large,2024-05-30,,22.2,16.1,3.0,0.0,Unknown,Medium,Medium,Dry,5.0,3.0,Summer,1.0,,,,,,,,,,,,,,,,,,,,,,,,
Rosamond Fire,2024-05-30,Los Angeles,125.0,34.72107,-118.25483,5.0,3.0,Spring,Medium,2024-05-30,,22.2,16.1,3.0,0.0,Unknown,Medium,Medium,Dry,5.0,3.0,Summer,1.0,,,,,,,,,,,,,,,,,,,,,,,,
West Fire,2024-05-30,Kern,1575.0,34.91,-118.254,5.0,3.0,Spring,Large,2024-05-30,,22.2,16.1,3.0,0.0,Unknown,Medium,Medium,Dry,5.0,3.0,Summer,1.0,,,,,,,,,,,,,,,,,,,,,,,,
Bank Fire,2024-05-30,Tehama,12.0,40.089713,-122.398582,5.0,3.0,Spring,Small,2024-05-30,,22.2,16.1,3.0,0.0,Unknown,Medium,Medium,Dry,5.0,3.0,Summer,1.0,,,,,,,,,,,,,,,,,,,,,,,,
Canal Fire,2024-05-30,Madera,827.0,37.081421,-119.962104,5.0,3.0,Spring,Large,2024-05-30,,22.2,16.1,3.0,0.0,Unknown,Medium,Medium,Dry,5.0,3.0,Summer,1.0,,,,,,,,,,,,,,,,,,,,,,,,
Boyd Fire,2024-06-01,Tulare,36.0,36.573169,-119.238103,6.0,5.0,Summer,Medium,2024-06-01,,21.7,16.1,2.6,0.0,Unknown,Low,Medium,Dry,6.0,5.0,Summer,1.0,,,,,,,,,,,,,,,,,,,,,,,,
Corral Fire,2024-06-01,San Joaquin,14168.0,37.633908,-121.50259,6.0,5.0,Summer,Large,2024-06-01,,21.7,16.1,2.6,0.0,Unknown,Low,Medium,Dry,6.0,5.0,Summer,1.0,,,,,,,,,,,,,,,,,,,,,,,,
Border 53 Fire,2024-06-01,San Diego,300.0,32.577083,-116.806666,6.0,5.0,Summer,Large,2024-06-01,,21.7,16.1,2.6,0.0,Unknown,Low,Medium,Dry,6.0,5.0,Summer,1.0,,,,,,,,,,,,,,,,,,,,,,,,
Raymond Fire,2024-06-01,Madera,27.0,36.974519,-120.044449,6.0,5.0,Summer,Small,2024-06-01,,21.7,16.1,2.6,0.0,Unknown,Low,Medium,Dry,6.0,5.0,Summer,1.0,,,,,,,,,,,,,,,,,,,,,,,,
Springs Fire,2024-06-04,Tuolumne,17.0,37.842308,-120.524741,6.0,1.0,Summer,Small,2024-06-04,,24.4,15.6,1.5,0.0,Unknown,Medium,Medium,Dry,6.0,1.0,Summer,1.0,,,,,,,,,,,,,,,,,,,,,,,,
Russell Fire,2024-06-04,Fresno,25.0,36.916374,-120.657895,6.0,1.0,Summer,Small,2024-06-04,,24.4,15.6,1.5,0.0,Unknown,Medium,Medium,Dry,6.0,1.0,Summer,1.0,,,,,,,,,,,,,,,,,,,,,,,,
Road Fire,2024-06-04,Kern,1088.0,35.113531,-119.48669,6.0,1.0,Summer,Large,2024-06-04,,24.4,15.6,1.5,0.0,Unknown,Medium,Medium,Dry,6.0,1.0,Summer,1.0,,,,,,,,,,,,,,,,,,,,,,,,
Lost Fire,2024-06-06,Kern,3197.0,35.735279,-119.69294,6.0,3.0,Summer,Large,2024-06-06,,23.9,16.7,2.1,0.0,Unknown,Medium,Medium,Dry,6.0,3.0,Summer,1.0,,,,,,,,,,,,,,,,,,,,,,,,
155 Fire,2024-06-06,Kern,55.0,35.692183,-118.46771,6.0,3.0,Summer,Medium,2024-06-06,,23.9,16.7,2.1,0.0,Unknown,Medium,Medium,Dry,6.0,3.0,Summer,1.0,,,,,,,,,,,,,,,,,,,,,,,,
Gaskell Fire,2024-06-06,Kern,405.0,34.82333,-118.30848,6.0,3.0,Summer,Large,2024-06-06,,23.9,16.7,2.1,0.0,Unknown,Medium,Medium,Dry,6.0,3.0,Summer,1.0,,,,,,,,,,,,,,,,,,,,,,,,
Relay Fire,2024-06-06,Riverside,47.0,33.910994,-116.980503,6.0,3.0,Summer,Medium,2024-06-06,,23.9,16.7,2.1,0.0,Unknown,Medium,Medium,Dry,6.0,3.0,Summer,1.0,,,,,,,,,,,,,,,,,,,,,,,,
Devil Fire,2024-06-06,Kings,211.0,35.85594,-119.94084,6.0,3.0,Summer,Large,2024-06-06,,23.9,16.7,2.1,0.0,Unknown,Medium,Medium,Dry,6.0,3.0,Summer,1.0,,,,,,,,,,,,,,,,,,,,,,,,
Little Fire,2024-06-06,Fresno,34.0,36.777907,-120.729222,6.0,3.0,Summer,Small,2024-06-06,,23.9,16.7,2.1,0.0,Unknown,Medium,Medium,Dry,6.0,3.0,Summer,1.0,,,,,,,,,,,,,,,,,,,,,,,,
Pan Fire,2024-06-07,Fresno,34.0,36.786999,-120.764998,6.0,4.0,Summer,Small,2024-06-07,,20.6,16.7,3.1,0.3,Unknown,Low,Medium,Dry,6.0,4.0,Summer,1.0,,,,,,,,,,,,,,,,,,,,,,,,
Albers Fire,2024-06-07,Santa Clara,23.0,37.904572,-121.765839,6.0,4.0,Summer,Small,2024-06-07,,20.6,16.7,3.1,0.3,Unknown,Low,Medium,Dry,6.0,4.0,Summer,1.0,,,,,,,,,,,,,,,,,,,,,,,,
Garlock Fire,2024-06-07,Fresno,54.0,36.991558,-119.514348,6.0,4.0,Summer,Medium,2024-06-07,,20.6,16.7,3.1,0.3,Unknown,Low,Medium,Dry,6.0,4.0,Summer,1.0,,,,,,,,,,,,,,,,,,,,,,,,
Morgan Fire,2024-06-07,Riverside,14.0,33.487833,-117.052745,6.0,4.0,Summer,Small,2024-06-07,,20.6,16.7,3.1,0.3,Unknown,Low,Medium,Dry,6.0,4.0,Summer,1.0,,,,,,,,,,,,,,,,,,,,,,,,
Poleline Fire,2024-06-07,Merced,30.0,36.928296,-120.834941,6.0,4.0,Summer,Small,2024-06-07,,20.6,16.7,3.1,0.3,Unknown,Low,Medium,Dry,6.0,4.0,Summer,1.0,,,,,,,,,,,,,,,,,,,,,,,,
Koala Fire,2024-06-07,San Bernardino,25.0,34.520882,-117.451094,6.0,4.0,Summer,Small,2024-06-07,,20.6,16.7,3.1,0.3,Unknown,Low,Medium,Dry,6.0,4.0,Summer,1.0,,,,,,,,,,,,,,,,,,,,,,,,
Springs Fire,2024-06-07,Siskiyou,11.0,41.474683,-122.520453,6.0,4.0,Summer,Small,2024-06-07,,20.6,16.7,3.1,0.3,Unknown,Low,Medium,Dry,6.0,4.0,Summer,1.0,,,,,,,,,,,,,,,,,,,,,,,,
Creek Fire,2024-06-09,Kern,50.0,35.346667,-118.386667,6.0,6.0,Summer,Medium,2024-06-09,,22.8,16.7,2.9,0.0,Unknown,Medium,Medium,Dry,6.0,6.0,Summer,1.0,,,,,,,,,,,,,,,,,,,,,,,,
John Fire,2024-06-09,Contra Costa,55.0,38.00994,-121.91945,6.0,6.0,Summer,Medium,2024-06-09,,22.8,16.7,2.9,0.0,Unknown,Medium,Medium,Dry,6.0,6.0,Summer,1.0,,,,,,,,,,,,,,,,,,,,,,,,
Forest Fire,2024-06-09,Los Angeles,41.0,34.51346,-117.785551,6.0,6.0,Summer,Medium,2024-06-09,,22.8,16.7,2.9,0.0,Unknown,Medium,Medium,Dry,6.0,6.0,Summer,1.0,,,,,,,,,,,,,,,,,,,,,,,,
Hinkley Fire,2024-06-11,San Bernardino,126.0,34.89273,-117.188996,6.0,1.0,Summer,Medium,2024-06-11,,21.1,16.7,2.4,0.0,Unknown,Low,Medium,Dry,6.0,1.0,Summer,1.0,,,,,,,,,,,,,,,,,,,,,,,,
Lincoln Fire,2024-06-11,Los Angeles,17.0,34.65729,-118.09927,6.0,1.0,Summer,Small,2024-06-11,,21.1,16.7,2.4,0.0,Unknown,Low,Medium,Dry,6.0,1.0,Summer,1.0,,,,,,,,,,,,,,,,,,,,,,,,
Travel Fire,2024-06-11,Fresno,10.0,36.074598,-120.102025,6.0,1.0,Summer,Small,2024-06-11,,21.1,16.7,2.4,0.0,Unknown,Low,Medium,Dry,6.0,1.0,Summer,1.0,,,,,,,,,,,,,,,,,,,,,,,,
Oil Fire,2024-06-11,Kern,214.0,35.506667,-119.071667,6.0,1.0,Summer,Large,2024-06-11,,21.1,16.7,2.4,0.0,Unknown,Low,Medium,Dry,6.0,1.0,Summer,1.0,,,,,,,,,,,,,,,,,,,,,,,,
Stoddard 3 Fire,2024-06-11,San Bernardino,472.0,34.72209,-117.16739,6.0,1.0,Summer,Large,2024-06-11,,21.1,16.7,2.4,0.0,Unknown,Low,Medium,Dry,6.0,1.0,Summer,1.0,,,,,,,,,,,,,,,,,,,,,,,,
Jellys Fire,2024-06-11,Tehama,17.0,40.354308,-122.172379,6.0,1.0,Summer,Small,2024-06-11,,21.1,16.7,2.4,0.0,Unknown,Low,Medium,Dry,6.0,1.0,Summer,1.0,,,,,,,,,,,,,,,,,,,,,,,,
Flynn Fire,2024-06-11,Alameda,23.0,37.719182,-121.660326,6.0,1.0,Summer,Small,2024-06-11,,21.1,16.7,2.4,0.0,Unknown,Low,Medium,Dry,6.0,1.0,Summer,1.0,,,,,,,,,,,,,,,,,,,,,,,,
Carmen Fire,2024-06-11,Riverside,64.0,33.91768,-116.75466,6.0,1.0,Summer,Medium,2024-06-11,,21.1,16.7,2.4,0.0,Unknown,Low,Medium,Dry,6.0,1.0,Summer,1.0,,,,,,,,,,,,,,,,,,,,,,,,
5 Fire,2024-06-14,Kern,30.0,35.50256,-119.53449,6.0,4.0,Summer,Small,2024-06-14,,23.3,16.7,2.6,0.0,Unknown,Medium,Medium,Dry,6.0,4.0,Summer,1.0,,,,,,,,,,,,,,,,,,,,,,,,
Hesperia Fire,2024-06-15,San Bernardino,1078.0,34.30769,-117.28811,6.0,5.0,Summer,Large,2024-06-15,,24.4,16.7,2.6,0.0,Unknown,Medium,Medium,Dry,6.0,5.0,Summer,1.0,,,,,,,,,,,,,,,,,,,,,,,,
West Fire,2024-06-15,Los Angeles,300.0,34.73279,-118.29017,6.0,5.0,Summer,Large,2024-06-15,,24.4,16.7,2.6,0.0,Unknown,Medium,Medium,Dry,6.0,5.0,Summer,1.0,,,,,,,,,,,,,,,,,,,,,,,,
Rocky Fire,2024-06-15,Butte,18.0,39.548761,-121.355159,6.0,5.0,Summer,Small,2024-06-15,,24.4,16.7,2.6,0.0,Unknown,Medium,Medium,Dry,6.0,5.0,Summer,1.0,,,,,,,,,,,,,,,,,,,,,,,,
Sioux Fire,2024-06-15,Madera,15.0,37.207647,-119.673538,6.0,5.0,Summer,Small,2024-06-15,,24.4,16.7,2.6,0.0,Unknown,Medium,Medium,Dry,6.0,5.0,Summer,1.0,,,,,,,,,,,,,,,,,,,,,,,,
Junes Fire,2024-06-15,Butte,1056.0,39.369439,-121.518592,6.0,5.0,Summer,Large,2024-06-15,,24.4,16.7,2.6,0.0,Unknown,Medium,Medium,Dry,6.0,5.0,Summer,1.0,,,,,,,,,,,,,,,,,,,,,,,,
Post Fire,2024-06-15,"Los Angeles, Ventura",15563.0,34.79208,-118.8521,6.0,5.0,Summer,Large,2024-06-15,,24.4,16.7,2.6,0.0,Unknown,Medium,Medium,Dry,6.0,5.0,Summer,1.0,,,,,,,,,,,,,,,,,,,,,,,,
Felipe Fire,2024-06-15,Santa Clara,19.0,37.28197,-121.73844,6.0,5.0,Summer,Small,2024-06-15,,24.4,16.7,2.6,0.0,Unknown,Medium,Medium,Dry,6.0,5.0,Summer,1.0,,,,,,,,,,,,,,,,,,,,,,,,
Hernandez Fire,2024-06-15,San Benito,642.0,36.400976,-120.986676,6.0,5.0,Summer,Large,2024-06-15,,24.4,16.7,2.6,0.0,Unknown,Medium,Medium,Dry,6.0,5.0,Summer,1.0,,,,,,,,,,,,,,,,,,,,,,,,
Excelsior Fire,2024-06-16,Sacramento,877.0,38.52658,-121.28408,6.0,6.0,Summer,Large,2024-06-16,,23.9,17.2,3.8,0.0,Unknown,Medium,High,Dry,6.0,6.0,Summer,1.0,,,,,,,,,,,,,,,,,,,,,,,,
Lisa Fire,2024-06-16,Riverside,890.0,33.943389,-117.06443,6.0,6.0,Summer,Large,2024-06-16,,23.9,17.2,3.8,0.0,Unknown,Medium,High,Dry,6.0,6.0,Summer,1.0,,,,,,,,,,,,,,,,,,,,,,,,
Point Fire,2024-06-16,Sonoma,1207.0,38.705475,-123.012253,6.0,6.0,Summer,Large,2024-06-16,,23.9,17.2,3.8,0.0,Unknown,Medium,High,Dry,6.0,6.0,Summer,1.0,,,,,,,,,,,,,,,,,,,,,,,,
Inkopah 5 Fire,2024-06-16,Imperial,30.0,32.655183,-116.099983,6.0,6.0,Summer,Small,2024-06-16,,23.9,17.2,3.8,0.0,Unknown,Medium,High,Dry,6.0,6.0,Summer,1.0,,,,,,,,,,,,,,,,,,,,,,,,
Summit Fire,2024-06-16,San Bernardino,13.0,34.369667,-117.335667,6.0,6.0,Summer,Small,2024-06-16,,23.9,17.2,3.8,0.0,Unknown,Medium,High,Dry,6.0,6.0,Summer,1.0,,,,,,,,,,,,,,,,,,,,,,,,
Elgin Fire,2024-06-16,Merced,86.0,37.097775,-120.635371,6.0,6.0,Summer,Medium,2024-06-16,,23.9,17.2,3.8,0.0,Unknown,Medium,High,Dry,6.0,6.0,Summer,1.0,,,,,,,,,,,,,,,,,,,,,,,,
Max Fire,2024-06-16,Los Angeles,516.0,34.67529,-118.27108,6.0,6.0,Summer,Large,2024-06-16,,23.9,17.2,3.8,0.0,Unknown,Medium,High,Dry,6.0,6.0,Summer,1.0,,,,,,,,,,,,,,,,,,,,,,,,
Hidden Fire,2024-06-16,Shasta,45.0,40.72052,-122.23967,6.0,6.0,Summer,Medium,2024-06-16,,23.9,17.2,3.8,0.0,Unknown,Medium,High,Dry,6.0,6.0,Summer,1.0,,,,,,,,,,,,,,,,,,,,,,,,
62 Fire,2024-06-16,Riverside,13.0,33.984079,-116.583039,6.0,6.0,Summer,Small,2024-06-16,,23.9,17.2,3.8,0.0,Unknown,Medium,High,Dry,6.0,6.0,Summer,1.0,,,,,,,,,,,,,,,,,,,,,,,,
Spring Fire,2024-06-18,Tuolumne,51.0,37.843349,-120.50804,6.0,1.0,Summer,Medium,2024-06-18,,23.3,17.2,3.7,0.0,Unknown,Medium,High,Dry,6.0,1.0,Summer,1.0,,,,,,,,,,,,,,,,,,,,,,,,
Sky Fire,2024-06-19,Kern,528.0,35.32752,-119.462711,6.0,2.0,Summer,Large,2024-06-19,,23.3,17.2,2.6,0.0,Unknown,Medium,High,Dry,6.0,2.0,Summer,1.0,,,,,,,,,,,,,,,,,,,,,,,,
Scotts Fire,2024-06-19,Lake,38.0,39.118221,-122.984408,6.0,2.0,Summer,Medium,2024-06-19,,23.3,17.2,2.6,0.0,Unknown,Medium,High,Dry,6.0,2.0,Summer,1.0,,,,,,,,,,,,,,,,,,,,,,,,
Daytona Fire,2024-06-19,Kern,123.0,35.382,-118.878444,6.0,2.0,Summer,Medium,2024-06-19,,23.3,17.2,2.6,0.0,Unknown,Medium,High,Dry,6.0,2.0,Summer,1.0,,,,,,,,,,,,,,,,,,,,,,,,
Vista Fire,2024-06-19,Merced,25.0,36.960029,-120.653749,6.0,2.0,Summer,Small,2024-06-19,,23.3,17.2,2.6,0.0,Unknown,Medium,High,Dry,6.0,2.0,Summer,1.0,,,,,,,,,,,,,,,,,,,,,,,,
Side Fire,2024-06-19,Tulare,137.0,36.016118,-118.828001,6.0,2.0,Summer,Medium,2024-06-19,,23.3,17.2,2.6,0.0,Unknown,Medium,High,Dry,6.0,2.0,Summer,1.0,,,,,,,,,,,,,,,,,,,,,,,,
Kirk Fire,2024-06-20,Solano,20.0,38.220139,-122.234173,6.0,3.0,Summer,Small,2024-06-20,,24.4,18.3,2.5,0.0,Unknown,Medium,High,Dry,6.0,3.0,Summer,1.0,,,,,,,,,,,,,,,,,,,,,,,,
Double Fire,2024-06-20,Yuba,13.0,39.458459,-121.303342,6.0,3.0,Summer,Small,2024-06-20,,24.4,18.3,2.5,0.0,Unknown,Medium,High,Dry,6.0,3.0,Summer,1.0,,,,,,,,,,,,,,,,,,,,,,,,
Pfe Fire,2024-06-20,Placer,15.0,38.728881,-121.392475,6.0,3.0,Summer,Small,2024-06-20,,24.4,18.3,2.5,0.0,Unknown,Medium,High,Dry,6.0,3.0,Summer,1.0,,,,,,,,,,,,,,,,,,,,,,,,
Oak Fire,2024-06-23,Riverside,13.0,33.653953,-116.927015,6.0,6.0,Summer,Small,2024-06-23,,34.4,20.0,1.9,0.0,Unknown,High,High,Dry,6.0,6.0,Summer,1.0,,,,,,,,,,,,,,,,,,,,,,,,
Sheering Fire,2024-06-24,Tuolumne,528.0,38.163167,-119.985167,6.0,0.0,Summer,Large,2024-06-24,,32.8,21.1,1.9,0.0,Unknown,High,High,Dry,6.0,0.0,Summer,1.0,,,,,,,,,,,,,,,,,,,,,,,,
Fresno June Lightning Complex,2024-06-24,Fresno,10616.0,36.78113,-119.345863,6.0,0.0,Summer,Large,2024-06-24,,32.8,21.1,1.9,0.0,Unknown,High,High,Dry,6.0,0.0,Summer,1.0,,,,,,,,,,,,,,,,,,,,,,,,
Apache Fire,2024-06-24,Butte,691.0,39.418598,-121.482631,6.0,0.0,Summer,Large,2024-06-24,,32.8,21.1,1.9,0.0,Unknown,High,High,Dry,6.0,0.0,Summer,1.0,,,,,,,,,,,,,,,,,,,,,,,,
Amoruso Fire,2024-06-24,Placer,502.0,38.82437,-121.3909,6.0,0.0,Summer,Large,2024-06-24,,32.8,21.1,1.9,0.0,Unknown,High,High,Dry,6.0,0.0,Summer,1.0,,,,,,,,,,,,,,,,,,,,,,,,
Bear Fire,2024-06-24,Mariposa,19.0,37.557104,-120.171776,6.0,0.0,Summer,Small,2024-06-24,,32.8,21.1,1.9,0.0,Unknown,High,High,Dry,6.0,0.0,Summer,1.0,,,,,,,,,,,,,,,,,,,,,,,,
1-2 Fire,2024-06-24,San Joaquin,215.0,38.029246,-120.956888,6.0,0.0,Summer,Large,2024-06-24,,32.8,21.1,1.9,0.0,Unknown,High,High,Dry,6.0,0.0,Summer,1.0,,,,,,,,,,,,,,,,,,,,,,,,
White Fire,2024-06-24,Mariposa,52.0,37.42087,-120.00789,6.0,0.0,Summer,Medium,2024-06-24,,32.8,21.1,1.9,0.0,Unknown,High,High,Dry,6.0,0.0,Summer,1.0,,,,,,,,,,,,,,,,,,,,,,,,
Muscat Fire,2024-06-24,Fresno,142.0,36.68179,-119.35579,6.0,0.0,Summer,Medium,2024-06-24,,32.8,21.1,1.9,0.0,Unknown,High,High,Dry,6.0,0.0,Summer,1.0,,,,,,,,,,,,,,,,,,,,,,,,
10th Fire,2024-06-24,Kern,133.0,34.974609,-118.137537,6.0,0.0,Summer,Medium,2024-06-24,,32.8,21.1,1.9,0.0,Unknown,High,High,Dry,6.0,0.0,Summer,1.0,,,,,,,,,,,,,,,,,,,,,,,,
Willms Fire,2024-06-24,Tuolumne,12.0,37.814796,-120.656478,6.0,0.0,Summer,Small,2024-06-24,,32.8,21.1,1.9,0.0,Unknown,High,High,Dry,6.0,0.0,Summer,1.0,,,,,,,,,,,,,,,,,,,,,,,,
Serrano Fire,2024-06-24,Riverside,12.0,33.89433,-117.55522,6.0,0.0,Summer,Small,2024-06-24,,32.8,21.1,1.9,0.0,Unknown,High,High,Dry,6.0,0.0,Summer,1.0,,,,,,,,,,,,,,,,,,,,,,,,
Spring Fire,2024-06-28,Tehama,100.0,40.402809,-121.994709,6.0,4.0,Summer,Medium,2024-06-28,,27.2,17.8,2.4,0.0,Unknown,High,High,Dry,6.0,4.0,Summer,1.0,,,,,,,,,,,,,,,,,,,,,,,,
Lime Fire,2024-06-28,Calaveras,27.0,38.197384,-120.80076,6.0,4.0,Summer,Small,2024-06-28,,27.2,17.8,2.4,0.0,Unknown,High,High,Dry,6.0,4.0,Summer,1.0,,,,,,,,,,,,,,,,,,,,,,,,
Adobe Fire,2024-06-28,Stanislaus,41.0,37.422757,-121.36663,6.0,4.0,Summer,Medium,2024-06-28,,27.2,17.8,2.4,0.0,Unknown,High,High,Dry,6.0,4.0,Summer,1.0,,,,,,,,,,,,,,,,,,,,,,,,
Cotton Fire,2024-06-28,San Luis Obispo,202.0,35.782724,-120.202099,6.0,4.0,Summer,Large,2024-06-28,,27.2,17.8,2.4,0.0,Unknown,High,High,Dry,6.0,4.0,Summer,1.0,,,,,,,,,,,,,,,,,,,,,,,,
Frazier Fire,2024-06-28,Fresno,11.0,37.06783,-119.50857,6.0,4.0,Summer,Small,2024-06-28,,27.2,17.8,2.4,0.0,Unknown,High,High,Dry,6.0,4.0,Summer,1.0,,,,,,,,,,,,,,,,,,,,,,,,
Lonoak Fire,2024-06-28,Monterey,255.0,36.21923,-121.08223,6.0,4.0,Summer,Large,2024-06-28,,27.2,17.8,2.4,0.0,Unknown,High,High,Dry,6.0,4.0,Summer,1.0,,,,,,,,,,,,,,,,,,,,,,,,
Round Fire,2024-06-29,Riverside,344.0,33.94343,-117.061943,6.0,5.0,Summer,Large,2024-06-29,,25.6,17.8,2.1,0.0,Unknown,Medium,High,Dry,6.0,5.0,Summer,1.0,,,,,,,,,,,,,,,,,,,,,,,,
Mines Fire,2024-06-29,Alameda,5.0,37.520283,-121.5458,6.0,5.0,Summer,Small,2024-06-29,,25.6,17.8,2.1,0.0,Unknown,Medium,High,Dry,6.0,5.0,Summer,1.0,,,,,,,,,,,,,,,,,,,,,,,,
Creek Fire,2024-06-29,El Dorado,16.0,38.895723,-120.930485,6.0,5.0,Summer,Small,2024-06-29,,25.6,17.8,2.1,0.0,Unknown,Medium,High,Dry,6.0,5.0,Summer,1.0,,,,,,,,,,,,,,,,,,,,,,,,
El Paso Fire,2024-06-29,Kern,471.0,35.486517,-117.74823,6.0,5.0,Summer,Large,2024-06-29,,25.6,17.8,2.1,0.0,Unknown,Medium,High,Dry,6.0,5.0,Summer,1.0,,,,,,,,,,,,,,,,,,,,,,,,
Canyon Fire,2024-06-30,Stanislaus,80.0,37.438803,-121.335653,6.0,6.0,Summer,Medium,2024-06-30,,26.1,17.2,2.5,0.0,Unknown,Medium,High,Dry,6.0,6.0,Summer,1.0,,,,,,,,,,,,,,,,,,,,,,,,
Sierra Fire ,2024-06-30,San Bernardino,400.0,34.04119,-117.43441,6.0,6.0,Summer,Large,2024-06-30,,26.1,17.2,2.5,0.0,Unknown,Medium,High,Dry,6.0,6.0,Summer,1.0,,,,,,,,,,,,,,,,,,,,,,,,
Indigo Fire,2024-06-30,Los Angeles,22.0,34.45733,-118.64093,6.0,6.0,Summer,Small,2024-06-30,,26.1,17.2,2.5,0.0,Unknown,Medium,High,Dry,6.0,6.0,Summer,1.0,,,,,,,,,,,,,,,,,,,,,,,,
Brentwood Fire,2024-06-30,San Luis Obispo,30.0,35.279739,-119.95363,6.0,6.0,Summer,Small,2024-06-30,,26.1,17.2,2.5,0.0,Unknown,Medium,High,Dry,6.0,6.0,Summer,1.0,,,,,,,,,,,,,,,,,,,,,,,,
Kitchen Fire,2024-07-01,San Diego,43.0,32.717444,-116.47191,7.0,0.0,Summer,Medium,2024-07-01,,27.8,18.3,2.3,0.0,Unknown,High,High,Dry,7.0,0.0,Summer,1.0,,,,,,,,,,,,,,,,,,,,,,,,
Kern Fire,2024-07-01,Kern,15.0,35.434012,-117.977028,7.0,0.0,Summer,Small,2024-07-01,,27.8,18.3,2.3,0.0,Unknown,High,High,Dry,7.0,0.0,Summer,1.0,,,,,,,,,,,,,,,,,,,,,,,,
Mccain Fire,2024-07-01,San Diego,1595.0,32.660837,-116.231794,7.0,0.0,Summer,Large,2024-07-01,,27.8,18.3,2.3,0.0,Unknown,High,High,Dry,7.0,0.0,Summer,1.0,,,,,,,,,,,,,,,,,,,,,,,,
Sunrise Fire,2024-07-01,Los Angeles,35.0,34.432003,-117.834801,7.0,0.0,Summer,Small,2024-07-01,,27.8,18.3,2.3,0.0,Unknown,High,High,Dry,7.0,0.0,Summer,1.0,,,,,,,,,,,,,,,,,,,,,,,,
High Desert Fire,2024-07-01,Lassen,10.0,40.408993,-120.52602,7.0,0.0,Summer,Small,2024-07-01,,27.8,18.3,2.3,0.0,Unknown,High,High,Dry,7.0,0.0,Summer,1.0,,,,,,,,,,,,,,,,,,,,,,,,
Power Fire,2024-07-02,Kern,200.0,35.470889,-118.750959,7.0,1.0,Summer,Large,2024-07-02,,25.6,18.3,2.4,0.0,Unknown,Medium,High,Dry,7.0,1.0,Summer,1.0,,,,,,,,,,,,,,,,,,,,,,,,
Luken Fire,2024-07-02,Riverside,18.0,33.79682,-117.264072,7.0,1.0,Summer,Small,2024-07-02,,25.6,18.3,2.4,0.0,Unknown,Medium,High,Dry,7.0,1.0,Summer,1.0,,,,,,,,,,,,,,,,,,,,,,,,
Bowman Fire,2024-07-02,Kern,13.0,35.608374,-117.899544,7.0,1.0,Summer,Small,2024-07-02,,25.6,18.3,2.4,0.0,Unknown,Medium,High,Dry,7.0,1.0,Summer,1.0,,,,,,,,,,,,,,,,,,,,,,,,
Moccasin Fire,2024-07-02,El Dorado,51.0,38.63826,-120.774929,7.0,1.0,Summer,Medium,2024-07-02,,25.6,18.3,2.4,0.0,Unknown,Medium,High,Dry,7.0,1.0,Summer,1.0,,,,,,,,,,,,,,,,,,,,,,,,
Border 60 Fire,2024-07-02,San Diego,23.0,32.582559,-116.616755,7.0,1.0,Summer,Small,2024-07-02,,25.6,18.3,2.4,0.0,Unknown,Medium,High,Dry,7.0,1.0,Summer,1.0,,,,,,,,,,,,,,,,,,,,,,,,
Denverton Fire,2024-07-02,Solano,25.0,38.242509,-121.91466,7.0,1.0,Summer,Small,2024-07-02,,25.6,18.3,2.4,0.0,Unknown,Medium,High,Dry,7.0,1.0,Summer,1.0,,,,,,,,,,,,,,,,,,,,,,,,
Yolla Fire,2024-07-02,Shasta,19.0,40.386141,-122.760479,7.0,1.0,Summer,Small,2024-07-02,,25.6,18.3,2.4,0.0,Unknown,Medium,High,Dry,7.0,1.0,Summer,1.0,,,,,,,,,,,,,,,,,,,,,,,,
Thompson Fire,2024-07-02,Butte,3789.0,39.53793,-121.5467,7.0,1.0,Summer,Large,2024-07-02,,25.6,18.3,2.4,0.0,Unknown,Medium,High,Dry,7.0,1.0,Summer,1.0,,,,,,,,,,,,,,,,,,,,,,,,
Toll Fire,2024-07-02,Napa,41.0,38.63744,-122.585297,7.0,1.0,Summer,Medium,2024-07-02,,25.6,18.3,2.4,0.0,Unknown,Medium,High,Dry,7.0,1.0,Summer,1.0,,,,,,,,,,,,,,,,,,,,,,,,
Airline Fire,2024-07-02,San Benito,1295.0,36.65921,-121.22114,7.0,1.0,Summer,Large,2024-07-02,,25.6,18.3,2.4,0.0,Unknown,Medium,High,Dry,7.0,1.0,Summer,1.0,,,,,,,,,,,,,,,,,,,,,,,,
Woodland Fire,2024-07-10,Los Angeles,20.0,34.60698,-118.3211,7.0,2.0,Summer,Small,2024-07-10,,29.4,18.3,1.6,0.0,Unknown,High,High,Dry,7.0,2.0,Summer,1.0,,,,,,,,,,,,,,,,,,,,,,,,
Poppy Fire,2024-07-10,Los Angeles,87.0,34.43725,-118.3404,7.0,2.0,Summer,Medium,2024-07-10,,29.4,18.3,1.6,0.0,Unknown,High,High,Dry,7.0,2.0,Summer,1.0,,,,,,,,,,,,,,,,,,,,,,,,
Point Fire,2024-07-10,Humboldt,85.0,40.11416,-123.7729,7.0,2.0,Summer,Medium,2024-07-10,,29.4,18.3,1.6,0.0,Unknown,High,High,Dry,7.0,2.0,Summer,1.0,,,,,,,,,,,,,,,,,,,,,,,,
Ranch Fire,2024-07-10,Lassen,21.0,39.803617,-120.03505,7.0,2.0,Summer,Small,2024-07-10,,29.4,18.3,1.6,0.0,Unknown,High,High,Dry,7.0,2.0,Summer,1.0,,,,,,,,,,,,,,,,,,,,,,,,
Pilot Fire,2024-07-12,Kern,50.0,35.2928626,-119.242617,7.0,4.0,Summer,Medium,2024-07-12,,26.7,18.3,1.5,0.0,Unknown,High,High,Dry,7.0,4.0,Summer,1.0,,,,,,,,,,,,,,,,,,,,,,,,
Indiana Fire,2024-07-12,Merced,20.0,37.112938,-120.595644,7.0,4.0,Summer,Small,2024-07-12,,26.7,18.3,1.5,0.0,Unknown,High,High,Dry,7.0,4.0,Summer,1.0,,,,,,,,,,,,,,,,,,,,,,,,
Ranch Fire,2024-07-12,Monterey,29.0,35.9001968,-120.433304,7.0,4.0,Summer,Small,2024-07-12,,26.7,18.3,1.5,0.0,Unknown,High,High,Dry,7.0,4.0,Summer,1.0,,,,,,,,,,,,,,,,,,,,,,,,
Athens Fire,2024-07-12,Placer,260.0,38.8364594,-121.332377,7.0,4.0,Summer,Large,2024-07-12,,26.7,18.3,1.5,0.0,Unknown,High,High,Dry,7.0,4.0,Summer,1.0,,,,,,,,,,,,,,,,,,,,,,,,
Bluff Fire,2024-07-12,Riverside,50.0,33.95319,-116.87638,7.0,4.0,Summer,Medium,2024-07-12,,26.7,18.3,1.5,0.0,Unknown,High,High,Dry,7.0,4.0,Summer,1.0,,,,,,,,,,,,,,,,,,,,,,,,
Pauba Fire,2024-07-12,Riverside,101.0,33.485557,-117.02173,7.0,4.0,Summer,Medium,2024-07-12,,26.7,18.3,1.5,0.0,Unknown,High,High,Dry,7.0,4.0,Summer,1.0,,,,,,,,,,,,,,,,,,,,,,,,
Tire Fire,2024-07-18,Fresno,16.0,36.29538,-120.267799,7.0,3.0,Summer,Small,2024-07-18,,25.0,20.0,3.5,0.0,Unknown,Medium,High,Dry,7.0,3.0,Summer,1.0,,,,,,,,,,,,,,,,,,,,,,,,
Dorado Fire,2024-07-18,Fresno,43.0,36.29802,-120.211458,7.0,3.0,Summer,Medium,2024-07-18,,25.0,20.0,3.5,0.0,Unknown,Medium,High,Dry,7.0,3.0,Summer,1.0,,,,,,,,,,,,,,,,,,,,,,,,
Ducor 2 Fire,2024-07-18,Tulare,142.0,35.96289,-119.0507,7.0,3.0,Summer,Medium,2024-07-18,,25.0,20.0,3.5,0.0,Unknown,Medium,High,Dry,7.0,3.0,Summer,1.0,,,,,,,,,,,,,,,,,,,,,,,,
Lookout Fire,2024-07-19,Madera,11.0,37.3137,-119.6859,7.0,4.0,Summer,Small,2024-07-19,,26.1,19.4,2.5,0.0,Unknown,Medium,High,Dry,7.0,4.0,Summer,1.0,,,,,,,,,,,,,,,,,,,,,,,,
Lehi Fire,2024-07-19,Placer,9.0,38.8807773,-121.156605,7.0,4.0,Summer,Small,2024-07-19,,26.1,19.4,2.5,0.0,Unknown,Medium,High,Dry,7.0,4.0,Summer,1.0,,,,,,,,,,,,,,,,,,,,,,,,
La Tuna Fire,2024-07-19,Los Angeles,43.0,34.23514,-118.30239,7.0,4.0,Summer,Medium,2024-07-19,,26.1,19.4,2.5,0.0,Unknown,Medium,High,Dry,7.0,4.0,Summer,1.0,,,,,,,,,,,,,,,,,,,,,,,,
Fork Fire,2024-07-19,Los Angeles,301.0,34.239686,-117.76113,7.0,4.0,Summer,Large,2024-07-19,,26.1,19.4,2.5,0.0,Unknown,Medium,High,Dry,7.0,4.0,Summer,1.0,,,,,,,,,,,,,,,,,,,,,,,,
Abbey Fire,2024-07-19,San Bernardino,10.0,34.083439,-117.139626,7.0,4.0,Summer,Small,2024-07-19,,26.1,19.4,2.5,0.0,Unknown,Medium,High,Dry,7.0,4.0,Summer,1.0,,,,,,,,,,,,,,,,,,,,,,,,
Deer Fire,2024-07-19,Los Angeles,272.0,34.5938959,-118.063529,7.0,4.0,Summer,Large,2024-07-19,,26.1,19.4,2.5,0.0,Unknown,Medium,High,Dry,7.0,4.0,Summer,1.0,,,,,,,,,,,,,,,,,,,,,,,,
Liberty Fire,2024-07-19,San Joaquin,104.0,38.2391935,-121.0869519,7.0,4.0,Summer,Medium,2024-07-19,,26.1,19.4,2.5,0.0,Unknown,Medium,High,Dry,7.0,4.0,Summer,1.0,,,,,,,,,,,,,,,,,,,,,,,,
Panoche Fire,2024-07-19,San Benito,37.0,36.606754,-120.876583,7.0,4.0,Summer,Medium,2024-07-19,,26.1,19.4,2.5,0.0,Unknown,Medium,High,Dry,7.0,4.0,Summer,1.0,,,,,,,,,,,,,,,,,,,,,,,,
Columbia Fire,2024-07-22,Riverside,58.0,33.999524,-117.32122,7.0,0.0,Summer,Medium,2024-07-22,,31.1,19.4,1.7,0.0,Unknown,High,High,Dry,7.0,0.0,Summer,1.0,,,,,,,,,,,,,,,,,,,,,,,,
Pencil Fire,2024-07-22,Modoc,396.0,41.80078,-120.519727,7.0,0.0,Summer,Large,2024-07-22,,31.1,19.4,1.7,0.0,Unknown,High,High,Dry,7.0,0.0,Summer,1.0,,,,,,,,,,,,,,,,,,,,,,,,
Gold Complex,2024-07-22,Plumas,3007.0,39.726014,-120.535158,7.0,0.0,Summer,Large,2024-07-22,,31.1,19.4,1.7,0.0,Unknown,High,High,Dry,7.0,0.0,Summer,1.0,,,,,,,,,,,,,,,,,,,,,,,,
Tar Fire,2024-07-22,Kings,32.0,35.960403,-120.154889,7.0,0.0,Summer,Small,2024-07-22,,31.1,19.4,1.7,0.0,Unknown,High,High,Dry,7.0,0.0,Summer,1.0,,,,,,,,,,,,,,,,,,,,,,,,
Juniper Fire,2024-07-22,Riverside,15.0,33.757839,-117.112942,7.0,0.0,Summer,Small,2024-07-22,,31.1,19.4,1.7,0.0,Unknown,High,High,Dry,7.0,0.0,Summer,1.0,,,,,,,,,,,,,,,,,,,,,,,,
Hatchett Fire,2024-07-25,Tulare,19.0,35.99271,-118.934596,7.0,3.0,Summer,Small,2024-07-25,,30.0,19.4,2.3,0.0,Unknown,High,High,Dry,7.0,3.0,Summer,1.0,,,,,,,,,,,,,,,,,,,,,,,,
Acorn Fire,2024-07-25,Lake,151.0,39.140133,-122.87667,7.0,3.0,Summer,Medium,2024-07-25,,30.0,19.4,2.3,0.0,Unknown,High,High,Dry,7.0,3.0,Summer,1.0,,,,,,,,,,,,,,,,,,,,,,,,
Lawton Fire,2024-07-25,San Bernardino,17.0,34.042687,-117.26745,7.0,3.0,Summer,Small,2024-07-25,,30.0,19.4,2.3,0.0,Unknown,High,High,Dry,7.0,3.0,Summer,1.0,,,,,,,,,,,,,,,,,,,,,,,,
Macy Fire,2024-07-25,Riverside,145.0,33.656742,-117.383235,7.0,3.0,Summer,Medium,2024-07-25,,30.0,19.4,2.3,0.0,Unknown,High,High,Dry,7.0,3.0,Summer,1.0,,,,,,,,,,,,,,,,,,,,,,,,
Flynn Fire,2024-07-25,Alameda,429.0,37.724532,-121.69605,7.0,3.0,Summer,Large,2024-07-25,,30.0,19.4,2.3,0.0,Unknown,High,High,Dry,7.0,3.0,Summer,1.0,,,,,,,,,,,,,,,,,,,,,,,,
Simpson Fire,2024-07-25,Fresno,47.0,36.98268,-118.61484,7.0,3.0,Summer,Medium,2024-07-25,,30.0,19.4,2.3,0.0,Unknown,High,High,Dry,7.0,3.0,Summer,1.0,,,,,,,,,,,,,,,,,,,,,,,,
Riley Fire,2024-07-27,Mendocino,12.0,39.418982,-123.590238,7.0,5.0,Summer,Small,2024-07-27,,25.6,18.9,2.7,0.0,Unknown,Medium,High,Dry,7.0,5.0,Summer,1.0,,,,,,,,,,,,,,,,,,,,,,,,
Cosgrove Fire,2024-07-27,Calaveras,12.0,38.222987,-120.802822,7.0,5.0,Summer,Small,2024-07-27,,25.6,18.9,2.7,0.0,Unknown,Medium,High,Dry,7.0,5.0,Summer,1.0,,,,,,,,,,,,,,,,,,,,,,,,
Museum Fire,2024-07-27,Riverside,21.0,33.856642,-117.204108,7.0,5.0,Summer,Small,2024-07-27,,25.6,18.9,2.7,0.0,Unknown,Medium,High,Dry,7.0,5.0,Summer,1.0,,,,,,,,,,,,,,,,,,,,,,,,
Walnut Fire,2024-07-27,Riverside,68.0,33.826534,-117.257982,7.0,5.0,Summer,Medium,2024-07-27,,25.6,18.9,2.7,0.0,Unknown,Medium,High,Dry,7.0,5.0,Summer,1.0,,,,,,,,,,,,,,,,,,,,,,,,
Walker Fire,2024-07-28,Riverside,65.0,33.731572,-117.393766,7.0,6.0,Summer,Medium,2024-07-28,,28.3,17.2,1.4,0.0,Unknown,High,High,Dry,7.0,6.0,Summer,1.0,,,,,,,,,,,,,,,,,,,,,,,,
Border 65 Fire,2024-07-28,San Diego,61.0,32.576716,-116.699961,7.0,6.0,Summer,Medium,2024-07-28,,28.3,17.2,1.4,0.0,Unknown,High,High,Dry,7.0,6.0,Summer,1.0,,,,,,,,,,,,,,,,,,,,,,,,
Sunset Fire,2024-07-28,Humboldt,13.0,40.368506,-124.362017,7.0,6.0,Summer,Small,2024-07-28,,28.3,17.2,1.4,0.0,Unknown,High,High,Dry,7.0,6.0,Summer,1.0,,,,,,,,,,,,,,,,,,,,,,,,
Nixon Fire,2024-07-29,Riverside,5192.0,33.4773,-116.7805,7.0,0.0,Summer,Large,2024-07-29,,26.7,17.2,2.3,0.0,Unknown,High,High,Dry,7.0,0.0,Summer,1.0,,,,,,,,,,,,,,,,,,,,,,,,
Cougar Fire,2024-07-29,Tehama,9.0,40.002008,-122.404759,7.0,0.0,Summer,Small,2024-07-29,,26.7,17.2,2.3,0.0,Unknown,High,High,Dry,7.0,0.0,Summer,1.0,,,,,,,,,,,,,,,,,,,,,,,,
Carmen Fire,2024-07-29,Riverside,11.0,33.910649,-116.782856,7.0,0.0,Summer,Small,2024-07-29,,26.7,17.2,2.3,0.0,Unknown,High,High,Dry,7.0,0.0,Summer,1.0,,,,,,,,,,,,,,,,,,,,,,,,
Italian Fire,2024-07-29,Fresno,46.0,37.1336,-119.394,7.0,0.0,Summer,Medium,2024-07-29,,26.7,17.2,2.3,0.0,Unknown,High,High,Dry,7.0,0.0,Summer,1.0,,,,,,,,,,,,,,,,,,,,,,,,
Alamos Fire,2024-08-02,Riverside,72.0,33.582198,-117.166941,8.0,4.0,Summer,Medium,2024-08-02,,33.9,19.4,1.3,0.0,Unknown,High,High,Dry,8.0,4.0,Summer,1.0,,,,,,,,,,,,,,,,,,,,,,,,
Franklin Fire,2024-08-04,Riverside,12.0,33.671261,-117.318087,8.0,6.0,Summer,Small,2024-08-04,,29.4,18.9,2.4,0.0,Unknown,High,High,Dry,8.0,6.0,Summer,1.0,,,,,,,,,,,,,,,,,,,,,,,,
Bella Fire,2024-08-04,Kern,500.0,35.633966,-117.970987,8.0,6.0,Summer,Large,2024-08-04,,29.4,18.9,2.4,0.0,Unknown,High,High,Dry,8.0,6.0,Summer,1.0,,,,,,,,,,,,,,,,,,,,,,,,
Middle Fire,2024-08-04,Tuolumne,310.0,37.862367,-119.704567,8.0,6.0,Summer,Large,2024-08-04,,29.4,18.9,2.4,0.0,Unknown,High,High,Dry,8.0,6.0,Summer,1.0,,,,,,,,,,,,,,,,,,,,,,,,
Morrison Fire,2024-08-04,Tuolumne,30.0,37.9043,-119.615283,8.0,6.0,Summer,Small,2024-08-04,,29.4,18.9,2.4,0.0,Unknown,High,High,Dry,8.0,6.0,Summer,1.0,,,,,,,,,,,,,,,,,,,,,,,,
Gover Fire,2024-08-05,Shasta,12.0,40.393586,-122.176593,8.0,0.0,Summer,Small,2024-08-05,,30.6,20.0,2.2,0.0,Unknown,High,High,Dry,8.0,0.0,Summer,1.0,,,,,,,,,,,,,,,,,,,,,,,,
Kimtu Fire,2024-08-05,Humboldt,14.0,40.08453,-123.807764,8.0,0.0,Summer,Small,2024-08-05,,30.6,20.0,2.2,0.0,Unknown,High,High,Dry,8.0,0.0,Summer,1.0,,,,,,,,,,,,,,,,,,,,,,,,
Edgehill Fire,2024-08-05,San Bernardino,54.0,34.1516679,-117.3043742,8.0,0.0,Summer,Medium,2024-08-05,,30.6,20.0,2.2,0.0,Unknown,High,High,Dry,8.0,0.0,Summer,1.0,,,,,,,,,,,,,,,,,,,,,,,,
Crozier Fire,2024-08-06,El Dorado,1938.0,38.82889,-120.6975,8.0,1.0,Summer,Large,2024-08-06,,26.7,19.4,3.1,0.0,Unknown,High,High,Dry,8.0,1.0,Summer,1.0,,,,,,,,,,,,,,,,,,,,,,,,
Purple Fire,2024-08-07,Butte,10.0,39.46018,-121.35725,8.0,2.0,Summer,Small,2024-08-07,,27.2,20.0,3.6,0.0,Unknown,High,High,Dry,8.0,2.0,Summer,1.0,,,,,,,,,,,,,,,,,,,,,,,,
Silver Fire,2024-08-07,El Dorado,41.0,38.7027118,-121.020844,8.0,2.0,Summer,Medium,2024-08-07,,27.2,20.0,3.6,0.0,Unknown,High,High,Dry,8.0,2.0,Summer,1.0,,,,,,,,,,,,,,,,,,,,,,,,
Town Fire,2024-08-07,Calaveras,10.0,38.217239,-120.833961,8.0,2.0,Summer,Small,2024-08-07,,27.2,20.0,3.6,0.0,Unknown,High,High,Dry,8.0,2.0,Summer,1.0,,,,,,,,,,,,,,,,,,,,,,,,
Valley Fire,2024-08-08,Madera,55.0,36.954837,-120.291882,8.0,3.0,Summer,Medium,2024-08-08,,26.1,20.0,3.0,0.0,Unknown,Medium,High,Dry,8.0,3.0,Summer,1.0,,,,,,,,,,,,,,,,,,,,,,,,
Canyon Fire,2024-08-08,Tuolumne,80.0,37.978113,-120.21464,8.0,3.0,Summer,Medium,2024-08-08,,26.1,20.0,3.0,0.0,Unknown,Medium,High,Dry,8.0,3.0,Summer,1.0,,,,,,,,,,,,,,,,,,,,,,,,
Meiss Fire,2024-08-11,Sacramento,108.0,38.427179,-121.054386,8.0,6.0,Summer,Medium,2024-08-11,,29.4,21.1,2.5,0.0,Unknown,High,High,Dry,8.0,6.0,Summer,1.0,,,,,,,,,,,,,,,,,,,,,,,,
Anita Fire,2024-08-12,San Diego,20.0,32.717599,-116.927749,8.0,0.0,Summer,Small,2024-08-12,,31.1,20.6,1.7,0.0,Unknown,High,High,Dry,8.0,0.0,Summer,1.0,,,,,,,,,,,,,,,,,,,,,,,,
Reservoir Fire,2024-08-12,Lake,68.0,39.07015,-122.509941,8.0,0.0,Summer,Medium,2024-08-12,,31.1,20.6,1.7,0.0,Unknown,High,High,Dry,8.0,0.0,Summer,1.0,,,,,,,,,,,,,,,,,,,,,,,,
Oso Fire,2024-08-12,Stanislaus,11.0,37.471329,-121.23737,8.0,0.0,Summer,Small,2024-08-12,,31.1,20.6,1.7,0.0,Unknown,High,High,Dry,8.0,0.0,Summer,1.0,,,,,,,,,,,,,,,,,,,,,,,,
Turbine Fire,2024-08-12,Kern,329.0,35.0200352,-118.3419912,8.0,0.0,Summer,Large,2024-08-12,,31.1,20.6,1.7,0.0,Unknown,High,High,Dry,8.0,0.0,Summer,1.0,,,,,,,,,,,,,,,,,,,,,,,,
Papa Fire,2024-08-13,San Diego,60.0,33.3073021,-117.368598,8.0,1.0,Summer,Medium,2024-08-13,,31.1,19.4,1.8,0.0,Unknown,High,High,Dry,8.0,1.0,Summer,1.0,,,,,,,,,,,,,,,,,,,,,,,,
Kahlon Fire,2024-08-13,Merced,17.0,37.181034,-120.32559,8.0,1.0,Summer,Small,2024-08-13,,31.1,19.4,1.8,0.0,Unknown,High,High,Dry,8.0,1.0,Summer,1.0,,,,,,,,,,,,,,,,,,,,,,,,
Queenstone Fire,2024-08-13,Marin,18.0,38.043415,-122.562044,8.0,1.0,Summer,Small,2024-08-13,,31.1,19.4,1.8,0.0,Unknown,High,High,Dry,8.0,1.0,Summer,1.0,,,,,,,,,,,,,,,,,,,,,,,,
Moon Fire,2024-08-13,Los Angeles,15.0,34.284624,-117.8406047,8.0,1.0,Summer,Small,2024-08-13,,31.1,19.4,1.8,0.0,Unknown,High,High,Dry,8.0,1.0,Summer,1.0,,,,,,,,,,,,,,,,,,,,,,,,
Bruns Fire,2024-08-14,Contra Costa,25.0,37.809344,-121.604861,8.0,2.0,Summer,Small,2024-08-14,,31.1,19.4,1.4,0.0,Unknown,High,High,Dry,8.0,2.0,Summer,1.0,,,,,,,,,,,,,,,,,,,,,,,,
White Fire,2024-08-14,Riverside,13.0,33.922735,-116.650391,8.0,2.0,Summer,Small,2024-08-14,,31.1,19.4,1.4,0.0,Unknown,High,High,Dry,8.0,2.0,Summer,1.0,,,,,,,,,,,,,,,,,,,,,,,,
Zarzo Fire,2024-08-15,Mariposa,103.0,37.630738,-120.313718,8.0,3.0,Summer,Medium,2024-08-15,,32.8,19.4,1.6,0.0,Unknown,High,High,Dry,8.0,3.0,Summer,1.0,,,,,,,,,,,,,,,,,,,,,,,,
Waltz Fire,2024-08-15,Merced,85.0,37.349442,-120.238125,8.0,3.0,Summer,Medium,2024-08-15,,32.8,19.4,1.6,0.0,Unknown,High,High,Dry,8.0,3.0,Summer,1.0,,,,,,,,,,,,,,,,,,,,,,,,
Marysville Fire,2024-08-17,Butte,23.0,39.468991,-121.561366,8.0,5.0,Summer,Small,2024-08-17,,26.1,21.1,2.5,0.0,Unknown,Medium,High,Dry,8.0,5.0,Summer,1.0,,,,,,,,,,,,,,,,,,,,,,,,
Cypress Fire,2024-08-17,San Luis Obispo,88.0,35.578845,-120.901571,8.0,5.0,Summer,Medium,2024-08-17,,26.1,21.1,2.5,0.0,Unknown,Medium,High,Dry,8.0,5.0,Summer,1.0,,,,,,,,,,,,,,,,,,,,,,,,
Hills Fire,2024-08-18,Madera,172.0,36.909429,-119.792619,8.0,6.0,Summer,Large,2024-08-18,,27.2,21.1,2.1,0.0,Unknown,High,High,Dry,8.0,6.0,Summer,1.0,,,,,,,,,,,,,,,,,,,,,,,,
Grant Fire,2024-08-19,"Alameda, San Joaquin",16.0,37.740555,-121.585729,8.0,0.0,Summer,Small,2024-08-19,,34.4,18.3,1.0,0.0,Unknown,High,High,Dry,8.0,0.0,Summer,1.0,,,,,,,,,,,,,,,,,,,,,,,,
Interlake Fire,2024-08-19,Monterey,22.0,35.8378,-121.038125,8.0,0.0,Summer,Small,2024-08-19,,34.4,18.3,1.0,0.0,Unknown,High,High,Dry,8.0,0.0,Summer,1.0,,,,,,,,,,,,,,,,,,,,,,,,
Livermore Fire,2024-08-19,Alameda,16.0,37.665174,-121.740217,8.0,0.0,Summer,Small,2024-08-19,,34.4,18.3,1.0,0.0,Unknown,High,High,Dry,8.0,0.0,Summer,1.0,,,,,,,,,,,,,,,,,,,,,,,,
Green Fire,2024-08-19,Alameda,6.0,37.7055278,-121.6971111,8.0,0.0,Summer,Small,2024-08-19,,34.4,18.3,1.0,0.0,Unknown,High,High,Dry,8.0,0.0,Summer,1.0,,,,,,,,,,,,,,,,,,,,,,,,
Railroad Fire,2024-08-19,Solano,60.0,38.193824,-121.8572856,8.0,0.0,Summer,Medium,2024-08-19,,34.4,18.3,1.0,0.0,Unknown,High,High,Dry,8.0,0.0,Summer,1.0,,,,,,,,,,,,,,,,,,,,,,,,
Quimby Fire,2024-08-19,Santa Clara,33.0,37.333444,-121.7338333,8.0,0.0,Summer,Small,2024-08-19,,34.4,18.3,1.0,0.0,Unknown,High,High,Dry,8.0,0.0,Summer,1.0,,,,,,,,,,,,,,,,,,,,,,,,
Bishop Fire,2024-08-20,San Luis Obispo,15.0,35.275553,-120.644048,8.0,1.0,Summer,Small,2024-08-20,,33.3,19.4,1.8,0.0,Unknown,High,High,Dry,8.0,1.0,Summer,1.0,,,,,,,,,,,,,,,,,,,,,,,,
Rancho Fire,2024-08-20,San Luis Obispo,9.0,35.704967,-120.582252,8.0,1.0,Summer,Small,2024-08-20,,33.3,19.4,1.8,0.0,Unknown,High,High,Dry,8.0,1.0,Summer,1.0,,,,,,,,,,,,,,,,,,,,,,,,
Grade Fire,2024-08-20,Santa Barbara,25.0,34.5337178,-120.195855,8.0,1.0,Summer,Small,2024-08-20,,33.3,19.4,1.8,0.0,Unknown,High,High,Dry,8.0,1.0,Summer,1.0,,,,,,,,,,,,,,,,,,,,,,,,
Winchester Fire,2024-08-20,Riverside,10.0,33.71271,-117.08414,8.0,1.0,Summer,Small,2024-08-20,,33.3,19.4,1.8,0.0,Unknown,High,High,Dry,8.0,1.0,Summer,1.0,,,,,,,,,,,,,,,,,,,,,,,,
Proctor 8 Fire,2024-08-23,San Diego,27.0,32.675679,-116.92502,8.0,4.0,Summer,Small,2024-08-23,,25.6,19.4,2.8,0.0,Unknown,Medium,High,Dry,8.0,4.0,Summer,1.0,,,,,,,,,,,,,,,,,,,,,,,,
Banning Fire,2024-08-23,Riverside,86.0,33.928939,-116.846198,8.0,4.0,Summer,Medium,2024-08-23,,25.6,19.4,2.8,0.0,Unknown,Medium,High,Dry,8.0,4.0,Summer,1.0,,,,,,,,,,,,,,,,,,,,,,,,
Refugio Fire,2024-08-23,Santa Barbara,86.0,34.506,-120.064,8.0,4.0,Summer,Medium,2024-08-23,,25.6,19.4,2.8,0.0,Unknown,Medium,High,Dry,8.0,4.0,Summer,1.0,,,,,,,,,,,,,,,,,,,,,,,,
Chevelle Fire,2024-08-23,Tulare,27.0,35.805079,-119.053499,8.0,4.0,Summer,Small,2024-08-23,,25.6,19.4,2.8,0.0,Unknown,Medium,High,Dry,8.0,4.0,Summer,1.0,,,,,,,,,,,,,,,,,,,,,,,,
Motor Fire,2024-08-23,Los Angeles,11.0,34.6592518,-118.7548048,8.0,4.0,Summer,Small,2024-08-23,,25.6,19.4,2.8,0.0,Unknown,Medium,High,Dry,8.0,4.0,Summer,1.0,,,,,,,,,,,,,,,,,,,,,,,,
Far Fire,2024-08-23,Placer,12.0,39.037213,-121.312694,8.0,4.0,Summer,Small,2024-08-23,,25.6,19.4,2.8,0.0,Unknown,Medium,High,Dry,8.0,4.0,Summer,1.0,,,,,,,,,,,,,,,,,,,,,,,,
Weller Fire,2024-08-27,Kern,78.0,35.5497,-118.958785,8.0,1.0,Summer,Medium,2024-08-27,,28.9,18.3,1.4,0.0,Unknown,High,High,Dry,8.0,1.0,Summer,1.0,,,,,,,,,,,,,,,,,,,,,,,,
Johnson Fire,2024-08-27,San Bernardino,15.0,34.4045559,-117.559695,8.0,1.0,Summer,Small,2024-08-27,,28.9,18.3,1.4,0.0,Unknown,High,High,Dry,8.0,1.0,Summer,1.0,,,,,,,,,,,,,,,,,,,,,,,,
Pioneer Fire,2024-08-27,San Bernardino,22.0,34.452109,-117.077204,8.0,1.0,Summer,Small,2024-08-27,,28.9,18.3,1.4,0.0,Unknown,High,High,Dry,8.0,1.0,Summer,1.0,,,,,,,,,,,,,,,,,,,,,,,,
Way Fire,2024-08-29,Kern,88.0,35.694044,-118.426716,8.0,3.0,Summer,Medium,2024-08-29,,27.8,17.8,1.7,0.0,Unknown,High,High,Dry,8.0,3.0,Summer,1.0,,,,,,,,,,,,,,,,,,,,,,,,
Two Fire,2024-08-29,Sonoma,33.0,38.264246,-122.743925,8.0,3.0,Summer,Small,2024-08-29,,27.8,17.8,1.7,0.0,Unknown,High,High,Dry,8.0,3.0,Summer,1.0,,,,,,,,,,,,,,,,,,,,,,,,
Vasco Fire,2024-08-29,Alameda,16.0,37.777334,-121.71679,8.0,3.0,Summer,Small,2024-08-29,,27.8,17.8,1.7,0.0,Unknown,High,High,Dry,8.0,3.0,Summer,1.0,,,,,,,,,,,,,,,,,,,,,,,,
Hawk Fire,2024-09-03,San Luis Obispo,14.0,35.313339,-120.623763,9.0,1.0,Fall,Small,2024-09-03,,33.9,19.4,1.4,0.0,Unknown,High,High,Dry,9.0,1.0,Summer,1.0,,,,,,,,,,,,,,,,,,,,,,,,
Boone Fire,2024-09-03,Fresno,17600.0,36.12175,-120.58848,9.0,1.0,Fall,Large,2024-09-03,,33.9,19.4,1.4,0.0,Unknown,High,High,Dry,9.0,1.0,Summer,1.0,,,,,,,,,,,,,,,,,,,,,,,,
Backus Fire,2024-09-03,Kern,41.0,34.876586,-118.248827,9.0,1.0,Fall,Medium,2024-09-03,,33.9,19.4,1.4,0.0,Unknown,High,High,Dry,9.0,1.0,Summer,1.0,,,,,,,,,,,,,,,,,,,,,,,,
Chapman Fire,2024-09-04,Riverside,18.0,33.472372,-116.651385,9.0,2.0,Fall,Small,2024-09-04,,32.2,20.6,2.1,0.0,Unknown,High,High,Dry,9.0,2.0,Summer,1.0,,,,,,,,,,,,,,,,,,,,,,,,
Post Fire,2024-09-04,Riverside,264.0,33.773143,-117.297767,9.0,2.0,Fall,Large,2024-09-04,,32.2,20.6,2.1,0.0,Unknown,High,High,Dry,9.0,2.0,Summer,1.0,,,,,,,,,,,,,,,,,,,,,,,,
Line Fire,2024-09-05,San Bernardino,43978.0,34.121119,-117.154705,9.0,3.0,Fall,Large,2024-09-05,,33.9,21.1,2.0,0.0,Unknown,High,High,Dry,9.0,3.0,Summer,1.0,,,,,,,,,,,,,,,,,,,,,,,,
Dorado Fire,2024-09-05,Fresno,502.0,36.13751,-120.24039,9.0,3.0,Fall,Large,2024-09-05,,33.9,21.1,2.0,0.0,Unknown,High,High,Dry,9.0,3.0,Summer,1.0,,,,,,,,,,,,,,,,,,,,,,,,
Midway Rd Fire,2024-09-05,Merced,10.0,37.055082,-120.750881,9.0,3.0,Fall,Small,2024-09-05,,33.9,21.1,2.0,0.0,Unknown,High,High,Dry,9.0,3.0,Summer,1.0,,,,,,,,,,,,,,,,,,,,,,,,
Cove Fire,2024-09-06,Riverside,15.0,33.758174,-116.738699,9.0,4.0,Fall,Small,2024-09-06,,42.8,22.8,2.5,0.0,Unknown,High,High,Dry,9.0,4.0,Summer,1.0,,,,,,,,,,,,,,,,,,,,,,,,
Canary Fire,2024-09-06,San Diego,25.0,33.44756,-117.40342,9.0,4.0,Fall,Small,2024-09-06,,42.8,22.8,2.5,0.0,Unknown,High,High,Dry,9.0,4.0,Summer,1.0,,,,,,,,,,,,,,,,,,,,,,,,
Pine Fire,2024-09-06,Mendocino,18.0,39.351831,-123.186117,9.0,4.0,Fall,Small,2024-09-06,,42.8,22.8,2.5,0.0,Unknown,High,High,Dry,9.0,4.0,Summer,1.0,,,,,,,,,,,,,,,,,,,,,,,,
Church 2 Fire,2024-09-07,San Diego,40.0,32.700797,-116.357286,9.0,5.0,Fall,Medium,2024-09-07,,35.0,24.4,1.7,0.0,Unknown,High,High,Dry,9.0,5.0,Summer,1.0,,,,,,,,,,,,,,,,,,,,,,,,
Roblar Fire ,2024-09-07,San Diego,950.0,33.4088,-117.3623,9.0,5.0,Fall,Large,2024-09-07,,35.0,24.4,1.7,0.0,Unknown,High,High,Dry,9.0,5.0,Summer,1.0,,,,,,,,,,,,,,,,,,,,,,,,
Mill Creek 4 Fire,2024-09-07,Humboldt,25.0,41.1088,-123.6761,9.0,5.0,Fall,Small,2024-09-07,,35.0,24.4,1.7,0.0,Unknown,High,High,Dry,9.0,5.0,Summer,1.0,,,,,,,,,,,,,,,,,,,,,,,,
Cotton Fire,2024-09-07,Fresno,314.0,36.639321,-120.30277,9.0,5.0,Fall,Large,2024-09-07,,35.0,24.4,1.7,0.0,Unknown,High,High,Dry,9.0,5.0,Summer,1.0,,,,,,,,,,,,,,,,,,,,,,,,
Train Fire,2024-09-09,Kern,48.0,35.2659,-118.62193,9.0,0.0,Fall,Medium,2024-09-09,,35.6,22.2,2.3,0.0,Unknown,High,High,Dry,9.0,0.0,Summer,1.0,,,,,,,,,,,,,,,,,,,,,,,,
Wicklow Fire,2024-09-09,Amador,63.0,38.361232,-120.814317,9.0,0.0,Fall,Medium,2024-09-09,,35.6,22.2,2.3,0.0,Unknown,High,High,Dry,9.0,0.0,Summer,1.0,,,,,,,,,,,,,,,,,,,,,,,,
Sunset Fire,2024-09-09,Riverside,54.0,33.917991,-116.91162,9.0,0.0,Fall,Medium,2024-09-09,,35.6,22.2,2.3,0.0,Unknown,High,High,Dry,9.0,0.0,Summer,1.0,,,,,,,,,,,,,,,,,,,,,,,,
Airport Fire,2024-09-09,"Orange, Riverside",23526.0,33.6676762,-117.566221,9.0,0.0,Fall,Large,2024-09-09,,35.6,22.2,2.3,0.0,Unknown,High,High,Dry,9.0,0.0,Summer,1.0,,,,,,,,,,,,,,,,,,,,,,,,
Willow Fire,2024-09-11,Contra Costa,62.0,38.0115396,-121.997014,9.0,2.0,Fall,Medium,2024-09-11,,26.7,16.7,2.2,0.0,Unknown,High,Medium,Dry,9.0,2.0,Summer,1.0,,,,,,,,,,,,,,,,,,,,,,,,
Joshua Fire,2024-09-11,Los Angeles,30.0,34.50295,-118.045033,9.0,2.0,Fall,Small,2024-09-11,,26.7,16.7,2.2,0.0,Unknown,High,Medium,Dry,9.0,2.0,Summer,1.0,,,,,,,,,,,,,,,,,,,,,,,,
Alpaugh Fire,2024-09-11,Tulare,18.0,35.863675,-119.536893,9.0,2.0,Fall,Small,2024-09-11,,26.7,16.7,2.2,0.0,Unknown,High,Medium,Dry,9.0,2.0,Summer,1.0,,,,,,,,,,,,,,,,,,,,,,,,
Cougar Fire,2024-09-15,Sonoma,53.0,38.145843,-122.485218,9.0,6.0,Fall,Medium,2024-09-15,,24.4,20.0,2.2,0.0,Unknown,Medium,High,Dry,9.0,6.0,Summer,1.0,,,,,,,,,,,,,,,,,,,,,,,,
Ripple Fire,2024-09-15,Fresno,15.0,36.682583,-119.189459,9.0,6.0,Fall,Small,2024-09-15,,24.4,20.0,2.2,0.0,Unknown,Medium,High,Dry,9.0,6.0,Summer,1.0,,,,,,,,,,,,,,,,,,,,,,,,
Rosa Fire,2024-09-16,Santa Barbara,20.0,34.59556,-120.35679,9.0,0.0,Fall,Small,2024-09-16,,23.9,16.7,2.3,0.0,Unknown,Medium,Medium,Dry,9.0,0.0,Summer,1.0,,,,,,,,,,,,,,,,,,,,,,,,
Executive Fire,2024-09-17,Tehama,58.0,39.93192,-122.307297,9.0,1.0,Fall,Medium,2024-09-17,,24.4,15.0,1.5,0.0,Unknown,Medium,Medium,Dry,9.0,1.0,Summer,1.0,,,,,,,,,,,,,,,,,,,,,,,,
Phelps Fire,2024-09-19,Fresno,35.0,36.15407,-120.259824,9.0,3.0,Fall,Small,2024-09-19,,24.4,17.2,1.4,0.0,Unknown,Medium,High,Dry,9.0,3.0,Summer,1.0,,,,,,,,,,,,,,,,,,,,,,,,
Antonio Fire,2024-09-23,Sonoma,11.0,38.187148,-122.656105,9.0,0.0,Fall,Small,2024-09-23,,27.8,16.7,1.2,0.0,High,High,High,Dry,9.0,0.0,Summer,0.95,,,,,,,,,,,,,,,,,,,,,,,,
Tuledad Fire,2024-10-06,Lassen,564.0,40.887485,-120.144717,10.0,6.0,Fall,Large,2024-10-06,,30.0,17.8,1.1,0.0,Unknown,High,High,Dry,10.0,6.0,Summer,1.0,,,,,,,,,,,,,,,,,,,,,,,,
Hambone Fire,2024-10-06,Siskiyou,15.0,41.281183,-121.652642,10.0,6.0,Fall,Small,2024-10-06,,30.0,17.8,1.1,0.0,Unknown,High,High,Dry,10.0,6.0,Summer,1.0,,,,,,,,,,,,,,,,,,,,,,,,
Verjeles Fire,2024-10-06,Yuba,12.0,39.3574,-121.3681,10.0,6.0,Fall,Small,2024-10-06,,30.0,17.8,1.1,0.0,Unknown,High,High,Dry,10.0,6.0,Summer,1.0,,,,,,,,,,,,,,,,,,,,,,,,
Wood Fire,2024-10-06,Humboldt,26.0,40.176118,-123.820482,10.0,6.0,Fall,Small,2024-10-06,,30.0,17.8,1.1,0.0,Unknown,High,High,Dry,10.0,6.0,Summer,1.0,,,,,,,,,,,,,,,,,,,,,,,,
Posta 3 Fire,2024-10-07,San Diego,413.0,32.723782,-116.424495,10.0,0.0,Fall,Large,2024-10-07,,29.4,16.7,1.1,0.0,Unknown,High,Medium,Dry,10.0,0.0,Summer,1.0,,,,,,,,,,,,,,,,,,,,,,,,
Cemetery Fire,2024-10-08,Modoc,56.0,41.19492,-120.94668,10.0,1.0,Fall,Medium,2024-10-08,,28.9,15.6,0.9,0.0,Unknown,High,Medium,Dry,10.0,1.0,Summer,1.0,,,,,,,,,,,,,,,,,,,,,,,,
Piney Fire ,2024-10-08,Monterey,225.0,36.378918,-121.563092,10.0,1.0,Fall,Large,2024-10-08,,28.9,15.6,0.9,0.0,Unknown,High,Medium,Dry,10.0,1.0,Summer,1.0,,,,,,,,,,,,,,,,,,,,,,,,
Miles Fire,2024-10-11,Riverside,23.0,33.733233,-117.441832,10.0,4.0,Fall,Small,2024-10-11,,25.0,15.0,1.4,0.0,Unknown,Medium,Medium,Dry,10.0,4.0,Summer,1.0,,,,,,,,,,,,,,,,,,,,,,,,
Jack Fire,2024-10-13,Riverside,260.0,33.9239548,-117.0375417,10.0,6.0,Fall,Large,2024-10-13,,22.8,15.6,2.0,0.0,Unknown,Medium,Medium,Dry,10.0,6.0,Summer,1.0,,,,,,,,,,,,,,,,,,,,,,,,
Marvin Fire,2024-10-13,Riverside,12.0,33.81851826,-117.0764047,10.0,6.0,Fall,Small,2024-10-13,,22.8,15.6,2.0,0.0,Unknown,Medium,Medium,Dry,10.0,6.0,Summer,1.0,,,,,,,,,,,,,,,,,,,,,,,,
Canyon Fire,2024-10-15,San Luis Obispo,16.0,35.318949,-120.133664,10.0,1.0,Fall,Small,2024-10-15,,21.1,16.7,2.0,0.0,Unknown,Low,Medium,Dry,10.0,1.0,Summer,1.0,,,,,,,,,,,,,,,,,,,,,,,,
Snake Fire,2024-10-17,San Luis Obispo,8.0,35.375211,-120.435273,10.0,3.0,Fall,Small,2024-10-17,,22.8,17.2,2.0,0.0,Unknown,Medium,High,Dry,10.0,3.0,Summer,1.0,,,,,,,,,,,,,,,,,,,,,,,,
Maria Fire,2024-10-17,San Luis Obispo,80.0,34.98749,-120.430379,10.0,3.0,Fall,Medium,2024-10-17,,22.8,17.2,2.0,0.0,Unknown,Medium,High,Dry,10.0,3.0,Summer,1.0,,,,,,,,,,,,,,,,,,,,,,,,
Hay Fire,2024-10-18,Solano,869.0,38.3151744,-121.8584227,10.0,4.0,Fall,Large,2024-10-18,,25.0,15.0,1.8,0.0,Unknown,Medium,Medium,Dry,10.0,4.0,Summer,1.0,,,,,,,,,,,,,,,,,,,,,,,,
Keller Fire,2024-10-18,Alameda,15.0,37.7741494,-122.1569455,10.0,4.0,Fall,Small,2024-10-18,,25.0,15.0,1.8,0.0,Unknown,Medium,Medium,Dry,10.0,4.0,Summer,1.0,,,,,,,,,,,,,,,,,,,,,,,,
Mission Fire,2024-10-18,Riverside,17.0,33.979878,-117.401904,10.0,4.0,Fall,Small,2024-10-18,,25.0,15.0,1.8,0.0,Unknown,Medium,Medium,Dry,10.0,4.0,Summer,1.0,,,,,,,,,,,,,,,,,,,,,,,,
Pedley Fire,2024-10-19,Riverside,15.0,34.017513,-117.479583,10.0,5.0,Fall,Small,2024-10-19,,27.8,10.6,1.3,0.0,Unknown,High,Low,Dry,10.0,5.0,Summer,1.0,,,,,,,,,,,,,,,,,,,,,,,,
Dove Fire,2024-10-19,Kern,954.0,35.45554,-118.1033,10.0,5.0,Fall,Large,2024-10-19,,27.8,10.6,1.3,0.0,Unknown,High,Low,Dry,10.0,5.0,Summer,1.0,,,,,,,,,,,,,,,,,,,,,,,,
Lost Fire,2024-10-19,Fresno,13.0,36.03643,-120.182476,10.0,5.0,Fall,Small,2024-10-19,,27.8,10.6,1.3,0.0,Unknown,High,Low,Dry,10.0,5.0,Summer,1.0,,,,,,,,,,,,,,,,,,,,,,,,
162 Fire,2024-10-19,Glenn,60.0,39.4643049,-121.965973,10.0,5.0,Fall,Medium,2024-10-19,,27.8,10.6,1.3,0.0,Unknown,High,Low,Dry,10.0,5.0,Summer,1.0,,,,,,,,,,,,,,,,,,,,,,,,
Gilardi Fire,2024-10-19,San Luis Obispo,50.0,35.342748,-120.758104,10.0,5.0,Fall,Medium,2024-10-19,,27.8,10.6,1.3,0.0,Unknown,High,Low,Dry,10.0,5.0,Summer,1.0,,,,,,,,,,,,,,,,,,,,,,,,
Iowa Fire,2024-10-21,Yuba,38.0,39.293028,-121.48061,10.0,0.0,Fall,Medium,2024-10-21,,31.7,12.2,1.2,0.0,Unknown,High,Medium,Dry,10.0,0.0,Summer,1.0,,,,,,,,,,,,,,,,,,,,,,,,
Campbell Fire,2024-10-28,Tulare,524.0,36.229517,-118.858046,10.0,0.0,Fall,Large,2024-10-28,,21.7,13.9,2.6,0.0,Unknown,Low,Medium,Dry,10.0,0.0,Summer,1.0,,,,,,,,,,,,,,,,,,,,,,,,
Quarry Fire,2024-10-31,San Diego,10.0,32.69011,-117.01352,10.0,3.0,Fall,Small,2024-10-31,,23.9,8.9,1.3,0.0,Unknown,Medium,Low,Dry,10.0,3.0,Summer,1.0,,,,,,,,,,,,,,,,,,,,,,,,
Montezuma Fire,2024-10-31,San Diego,37.0,32.77126,-117.09495,10.0,3.0,Fall,Medium,2024-10-31,,23.9,8.9,1.3,0.0,Unknown,Medium,Low,Dry,10.0,3.0,Summer,1.0,,,,,,,,,,,,,,,,,,,,,,,,
John Fire,2024-11-14,Merced,13.0,36.862905,-120.781992,11.0,3.0,Fall,Small,2024-11-14,,22.8,7.2,0.9,0.0,Unknown,Medium,Low,Dry,11.0,3.0,Summer,1.0,,,,,,,,,,,,,,,,,,,,,,,,
Sandy Fire,2024-11-17,Monterey,23.0,35.956529,-120.654725,11.0,6.0,Fall,Small,2024-11-17,,20.6,7.2,1.9,0.0,Unknown,Low,Low,Dry,11.0,6.0,Summer,1.0,,,,,,,,,,,,,,,,,,,,,,,,
Millar Fire,2024-11-20,San Diego,11.0,32.72754,-116.93722,11.0,2.0,Fall,Small,2024-11-20,,22.8,8.3,0.7,0.0,Unknown,Medium,Low,Dry,11.0,2.0,Summer,1.0,,,,,,,,,,,,,,,,,,,,,,,,
Brauns Fire,2024-11-20,Calaveras,50.0,38.205892,-120.730521,11.0,2.0,Fall,Medium,2024-11-20,,22.8,8.3,0.7,0.0,Unknown,Medium,Low,Dry,11.0,2.0,Summer,1.0,,,,,,,,,,,,,,,,,,,,,,,,
Hidden Valley Fire,2024-11-20,Riverside,46.0,33.963907,-114.513662,11.0,2.0,Fall,Medium,2024-11-20,,22.8,8.3,0.7,0.0,Unknown,Medium,Low,Dry,11.0,2.0,Summer,1.0,,,,,,,,,,,,,,,,,,,,,,,,
Border 77 Fire,2024-11-23,San Diego,98.0,32.5891998,-116.9079487,11.0,5.0,Fall,Medium,2024-11-23,,17.8,10.0,1.0,0.3,Unknown,Low,Low,Dry,11.0,5.0,Summer,1.0,,,,,,,,,,,,,,,,,,,,,,,,
Canyon Crest Fire,2024-11-28,"Riverside, San Bernardino",254.0,34.034077,-117.481178,11.0,3.0,Fall,Large,2024-11-28,,25.6,11.7,2.5,0.0,Unknown,Medium,Low,Dry,11.0,3.0,Summer,1.0,,,,,,,,,,,,,,,,,,,,,,,,
Derrick Fire,2024-12-02,Fresno,74.0,36.443544,-120.419992,12.0,0.0,Winter,Medium,2024-12-02,,23.9,7.8,0.4,0.0,Unknown,Medium,Low,Dry,12.0,0.0,Summer,1.0,,,,,,,,,,,,,,,,,,,,,,,,
Franklin Fire,2024-12-09,Los Angeles,4086.0,34.06343,-118.69642,12.0,0.0,Winter,Large,2024-12-09,,20.6,11.1,1.4,0.0,Unknown,Low,Low,Dry,12.0,0.0,Summer,1.0,,,,,,,,,,,,,,,,,,,,,,,,
Rogers Fire ,2024-12-10,San Bernardino,10.0,34.6492,-117.3543,12.0,1.0,Winter,Small,2024-12-10,,25.0,8.3,3.6,0.0,Unknown,Medium,Low,Dry,12.0,1.0,Summer,1.0,,,,,,,,,,,,,,,,,,,,,,,,
Addie Fire,2024-12-14,Kern,30.0,35.27248,-119.61551,12.0,5.0,Winter,Small,2024-12-14,,18.9,9.4,1.0,0.0,Unknown,Low,Low,Dry,12.0,5.0,Summer,1.0,,,,,,,,,,,,,,,,,,,,,,,,
Soto Fire,2024-12-17,Riverside,25.0,34.002023,-117.440844,12.0,1.0,Winter,Small,2024-12-17,,23.3,7.8,0.9,0.0,Unknown,Medium,Low,Dry,12.0,1.0,Summer,1.0,,,,,,,,,,,,,,,,,,,,,,,,
Soda Fire,2024-12-21,"Kern, San Luis Obispo",419.0,34.9868,-119.477,12.0,5.0,Winter,Large,2024-12-21,,18.9,8.9,0.9,0.0,Unknown,Low,Low,Dry,12.0,5.0,Summer,1.0,,,,,,,,,,,,,,,,,,,,,,,,
Border Fire,2025-01-01,San Diego,25.0,32.59853,-116.82817,1.0,2.0,Winter,Small,2025-01-01,,18.3,6.7,0.5,0.0,Unknown,Low,Low,Dry,1.0,2.0,Summer,1.0,,,,,,,,,,,,,,,,,,,,,,,,
Oak Fire,2025-01-01,Santa Barbara,42.0,34.883723,-120.246601,1.0,2.0,Winter,Medium,2025-01-01,,18.3,6.7,0.5,0.0,Unknown,Low,Low,Dry,1.0,2.0,Summer,1.0,,,,,,,,,,,,,,,,,,,,,,,,
Kenneth Fire,2025-01-09,"Los Angeles, Ventura",1052.0,34.185198,-118.66991,1.0,3.0,Winter,Large,2025-01-09,,22.8,7.8,2.3,0.0,Unknown,Medium,Low,Dry,1.0,3.0,Summer,1.0,,,,,,,,,,,,,,,,,,,,,,,,
Scout Fire,2025-01-14,Riverside,2.0,33.989,-117.3887,1.0,1.0,Winter,Small,2025-01-14,,21.1,3.9,1.1,0.0,Unknown,Low,Low,Dry,1.0,1.0,Summer,1.0,,,,,,,,,,,,,,,,,,,,,,,,
Pala Fire,2025-01-21,San Diego,17.0,33.363226,-117.162897,1.0,1.0,Winter,Small,2025-01-21,,22.2,5.6,2.6,0.0,Unknown,Medium,Low,Dry,1.0,1.0,Summer,1.0,,,,,,,,,,,,,,,,,,,,,,,,
Clay Fire,2025-01-21,Riverside,39.0,33.96682,-117.47055,1.0,1.0,Winter,Medium,2025-01-21,,22.2,5.6,2.6,0.0,Unknown,Medium,Low,Dry,1.0,1.0,Summer,1.0,,,,,,,,,,,,,,,,,,,,,,,,
Lilac Fire,2025-01-21,San Diego,85.0,33.30932,-117.152114,1.0,1.0,Winter,Medium,2025-01-21,,22.2,5.6,2.6,0.0,Unknown,Medium,Low,Dry,1.0,1.0,Summer,1.0,,,,,,,,,,,,,,,,,,,,,,,,
Friars Fire,2025-01-21,San Diego,3.0,32.7702,-117.1698,1.0,1.0,Winter,Small,2025-01-21,,22.2,5.6,2.6,0.0,Unknown,Medium,Low,Dry,1.0,1.0,Summer,1.0,,,,,,,,,,,,,,,,,,,,,,,,
Ncfr3 4 Fire,2025-01-21,San Diego,80.0,33.299921,-117.174205,1.0,1.0,Winter,Medium,2025-01-21,,22.2,5.6,2.6,0.0,Unknown,Medium,Low,Dry,1.0,1.0,Summer,1.0,,,,,,,,,,,,,,,,,,,,,,,,
Center Fire,2025-01-22,San Diego,7.0,33.001,-117.0887,1.0,2.0,Winter,Small,2025-01-22,,27.2,6.7,0.9,0.0,Unknown,High,Low,Dry,1.0,2.0,Summer,1.0,,,,,,,,,,,,,,,,,,,,,,,,
Hughes Fire,2025-01-22,Los Angeles,10425.0,34.553008,-118.56687,1.0,2.0,Winter,Large,2025-01-22,,27.2,6.7,0.9,0.0,Unknown,High,Low,Dry,1.0,2.0,Summer,1.0,,,,,,,,,,,,,,,,,,,,,,,,
Sepulveda Fire,2025-01-23,Los Angeles,45.0,34.0968,-118.47541,1.0,3.0,Winter,Medium,2025-01-23,,28.3,8.3,3.0,0.0,Unknown,High,Low,Dry,1.0,3.0,Summer,1.0,,,,,,,,,,,,,,,,,,,,,,,,
Laguna Fire,2025-01-23,Ventura,83.0,34.1655,-119.059,1.0,3.0,Winter,Medium,2025-01-23,,28.3,8.3,3.0,0.0,Unknown,High,Low,Dry,1.0,3.0,Summer,1.0,,,,,,,,,,,,,,,,,,,,,,,,
Border 2 Fire,2025-01-23,San Diego,6625.0,32.5947,-116.8437,1.0,3.0,Winter,Large,2025-01-23,,28.3,8.3,3.0,0.0,Unknown,High,Low,Dry,1.0,3.0,Summer,1.0,,,,,,,,,,,,,,,,,,,,,,,,
Gilman Fire,2025-01-23,San Diego,2.0,32.8622,-117.237,1.0,3.0,Winter,Small,2025-01-23,,28.3,8.3,3.0,0.0,Unknown,High,Low,Dry,1.0,3.0,Summer,1.0,,,,,,,,,,,,,,,,,,,,,,,,
Gibbel Fire,2025-01-23,Riverside,15.0,33.708601,-116.964339,1.0,3.0,Winter,Small,2025-01-23,,28.3,8.3,3.0,0.0,Unknown,High,Low,Dry,1.0,3.0,Summer,1.0,,,,,,,,,,,,,,,,,,,,,,,,
Rosa Fire,2025-01-29,San Luis Obispo,105.0,35.303682,-119.982524,1.0,2.0,Winter,Medium,2025-01-29,,17.8,5.6,0.9,0.0,Unknown,Low,Low,Dry,1.0,2.0,Summer,1.0,,,,,,,,,,,,,,,,,,,,,,,,
Cross Fire,2025-02-09,Monterey,16.0,35.945458,-121.117684,2.0,6.0,Winter,Small,2025-02-09,,19.4,8.3,1.3,0.0,Unknown,Low,Low,Dry,2.0,6.0,Summer,1.0,,,,,,,,,,,,,,,,,,,,,,,,
Penny Fire,2025-02-26,San Diego,9.0,32.922111,-116.475667,2.0,2.0,Winter,Small,2025-02-26,,22.8,10.0,1.6,0.0,Unknown,Medium,Low,Dry,2.0,2.0,Summer,1.0,,,,,,,,,,,,,,,,,,,,,,,,
Ranch Fire,2025-03-08,San Bernardino,60.0,34.643056,-117.351944,3.0,5.0,Spring,Medium,2025-03-08,,19.4,6.7,1.3,0.0,Unknown,Low,Low,Dry,3.0,5.0,Summer,1.0,,,,,,,,,,,,,,,,,,,,,,,,
Range Fire,2025-03-12,Santa Barbara,14.0,34.738888,-120.574436,3.0,2.0,Spring,Small,2025-03-12,,16.7,12.2,3.4,2.3,Unknown,Low,Medium,Dry,3.0,2.0,Summer,1.0,,,,,,,,,,,,,,,,,,,,,,,,
Aha Quin Fire,2025-03-12,Riverside,16.0,33.732521,-114.510789,3.0,2.0,Spring,Small,2025-03-12,,16.7,12.2,3.4,2.3,Unknown,Low,Medium,Dry,3.0,2.0,Summer,1.0,,,,,,,,,,,,,,,,,,,,,,,,
Buchanan Fire,2025-03-24,Riverside,25.0,33.525303,-116.100296,3.0,0.0,Spring,Small,2025-03-24,,24.4,12.8,2.2,0.0,Unknown,Medium,Medium,Dry,3.0,0.0,Summer,1.0,,,,,,,,,,,,,,,,,,,,,,,,
Silver Fire,2025-03-30,Inyo,1611.0,37.399684,-118.352523,3.0,6.0,Spring,Large,2025-03-30,,19.4,12.2,1.6,0.3,Unknown,Low,Medium,Dry,3.0,6.0,Summer,1.0,,,,,,,,,,,,,,,,,,,,,,,,
Lake Fire,2025-04-13,Del Norte,10.0,41.869329,-124.185699,4.0,6.0,Spring,Small,2025-04-13,,21.1,13.3,1.8,0.0,Unknown,Low,Medium,Dry,4.0,6.0,Summer,1.0,,,,,,,,,,,,,,,,,,,,,,,,
Boyd Fire,2025-04-17,Imperial,15.0,32.9021295,-115.2930033,4.0,3.0,Spring,Small,2025-04-17,,16.7,14.4,1.7,0.0,Unknown,Low,Medium,Dry,4.0,3.0,Summer,1.0,,,,,,,,,,,,,,,,,,,,,,,,
Sandy Fire,2025-04-23,Merced,21.0,37.185799,-120.513485,4.0,2.0,Spring,Small,2025-04-23,,18.9,13.9,1.4,0.0,Unknown,Low,Medium,Dry,4.0,2.0,Summer,1.0,,,,,,,,,,,,,,,,,,,,,,,,
Laporte Fire,2025-04-23,Yuba,15.0,39.516462,-121.19237,4.0,2.0,Spring,Small,2025-04-23,,18.9,13.9,1.4,0.0,Unknown,Low,Medium,Dry,4.0,2.0,Summer,1.0,,,,,,,,,,,,,,,,,,,,,,,,
Reef Fire,2025-04-25,Kings,335.0,35.813704,-120.014805,4.0,4.0,Spring,Large,2025-04-25,,18.3,13.3,3.4,0.0,Unknown,Low,Medium,Dry,4.0,4.0,Summer,1.0,,,,,,,,,,,,,,,,,,,,,,,,
Felipe Fire,2025-05-01,San Diego,50.0,33.098585,-116.470729,5.0,3.0,Spring,Medium,2025-05-01,,20.6,15.0,2.5,0.0,Unknown,Low,Medium,Dry,5.0,3.0,Summer,1.0,,,,,,,,,,,,,,,,,,,,,,,,
Putah Fire,2025-05-05,Solano,17.0,38.492882,-122.004577,5.0,0.0,Spring,Small,2025-05-05,,18.9,13.9,1.9,0.0,Unknown,Low,Medium,Dry,5.0,0.0,Summer,1.0,,,,,,,,,,,,,,,,,,,,,,,,
Springs Fire,2025-05-06,Tulare,1817.0,35.817188,-118.954931,5.0,1.0,Spring,Large,2025-05-06,,18.3,13.9,1.5,0.0,Unknown,Low,Medium,Dry,5.0,1.0,Summer,1.0,,,,,,,,,,,,,,,,,,,,,,,,
Matthew Fire,2025-05-06,Nevada,10.0,39.067758,-121.273365,5.0,1.0,Spring,Small,2025-05-06,,18.3,13.9,1.5,0.0,Unknown,Low,Medium,Dry,5.0,1.0,Summer,1.0,,,,,,,,,,,,,,,,,,,,,,,,
Scarlet Fire,2025-05-08,Fresno,66.0,36.6034,-120.3885,5.0,3.0,Spring,Medium,2025-05-08,,23.9,14.4,1.7,0.0,Unknown,Medium,Medium,Dry,5.0,3.0,Summer,1.0,,,,,,,,,,,,,,,,,,,,,,,,
Cherokee Fire,2025-05-10,Tulare,20.0,36.4213337,-118.9149505,5.0,5.0,Spring,Small,2025-05-10,,32.8,15.0,2.3,0.0,Unknown,High,Medium,Dry,5.0,5.0,Summer,1.0,,,,,,,,,,,,,,,,,,,,,,,,
Pozo Fire,2025-05-10,San Luis Obispo,86.0,35.4018646,-120.1997983,5.0,5.0,Spring,Medium,2025-05-10,,32.8,15.0,2.3,0.0,Unknown,High,Medium,Dry,5.0,5.0,Summer,1.0,,,,,,,,,,,,,,,,,,,,,,,,
Catlett Fire,2025-05-10,Placer,175.0,38.846183,-121.407882,5.0,5.0,Spring,Large,2025-05-10,,32.8,15.0,2.3,0.0,Unknown,High,Medium,Dry,5.0,5.0,Summer,1.0,,,,,,,,,,,,,,,,,,,,,,,,
Energy Fire,2025-05-12,San Luis Obispo,43.0,35.351787,-120.040599,5.0,0.0,Spring,Medium,2025-05-12,,22.8,15.6,2.8,0.0,Unknown,Medium,Medium,Dry,5.0,0.0,Summer,1.0,,,,,,,,,,,,,,,,,,,,,,,,
Sapphire Fire,2025-05-12,San Bernardino,10.0,33.954739,-117.702445,5.0,0.0,Spring,Small,2025-05-12,,22.8,15.6,2.8,0.0,Unknown,Medium,Medium,Dry,5.0,0.0,Summer,1.0,,,,,,,,,,,,,,,,,,,,,,,,
Robinson Fire,2025-05-13,Merced,120.0,37.498636,-120.44704,5.0,1.0,Spring,Medium,2025-05-13,,20.6,14.4,3.3,0.0,Unknown,Low,Medium,Dry,5.0,1.0,Summer,1.0,,,,,,,,,,,,,,,,,,,,,,,,
Hansen Fire,2025-05-13,San Joaquin,16.0,37.719785,-121.53522,5.0,1.0,Spring,Small,2025-05-13,,20.6,14.4,3.3,0.0,Unknown,Low,Medium,Dry,5.0,1.0,Summer,1.0,,,,,,,,,,,,,,,,,,,,,,,,
L7a 2 Fire,2025-05-13,Merced,120.0,37.493638,-120.445783,5.0,1.0,Spring,Medium,2025-05-13,,20.6,14.4,3.3,0.0,Unknown,Low,Medium,Dry,5.0,1.0,Summer,1.0,,,,,,,,,,,,,,,,,,,,,,,,
Globe Fire,2025-05-15,Santa Barbara,27.0,34.886238,-120.593673,5.0,3.0,Spring,Small,2025-05-15,,23.9,13.9,2.2,0.0,Unknown,Medium,Medium,Dry,5.0,3.0,Summer,1.0,,,,,,,,,,,,,,,,,,,,,,,,
Baxter Fire,2025-05-15,Riverside,60.0,33.610162,-117.149827,5.0,3.0,Spring,Medium,2025-05-15,,23.9,13.9,2.2,0.0,Unknown,Medium,Medium,Dry,5.0,3.0,Summer,1.0,,,,,,,,,,,,,,,,,,,,,,,,
Acampo Fire,2025-05-15,San Joaquin,22.0,38.148511,-121.040983,5.0,3.0,Spring,Small,2025-05-15,,23.9,13.9,2.2,0.0,Unknown,Medium,Medium,Dry,5.0,3.0,Summer,1.0,,,,,,,,,,,,,,,,,,,,,,,,
White Fire,2025-05-15,Merced,23.0,37.244386,-120.198126,5.0,3.0,Spring,Small,2025-05-15,,23.9,13.9,2.2,0.0,Unknown,Medium,Medium,Dry,5.0,3.0,Summer,1.0,,,,,,,,,,,,,,,,,,,,,,,,
Adams Fire,2025-05-17,Fresno,30.0,36.631825,-119.317698,5.0,5.0,Spring,Small,2025-05-17,,20.6,14.4,2.8,0.0,Unknown,Low,Medium,Dry,5.0,5.0,Summer,1.0,,,,,,,,,,,,,,,,,,,,,,,,
Jacobs Fire,2025-05-17,Fresno,15.0,36.639031,-119.313661,5.0,5.0,Spring,Small,2025-05-17,,20.6,14.4,2.8,0.0,Unknown,Low,Medium,Dry,5.0,5.0,Summer,1.0,,,,,,,,,,,,,,,,,,,,,,,,
Idria Fire,2025-05-17,San Benito,330.0,36.543667,-120.835667,5.0,5.0,Spring,Large,2025-05-17,,20.6,14.4,2.8,0.0,Unknown,Low,Medium,Dry,5.0,5.0,Summer,1.0,,,,,,,,,,,,,,,,,,,,,,,,
Nella Fire,2025-05-17,Merced,535.0,37.0462978,-120.9680028,5.0,5.0,Spring,Large,2025-05-17,,20.6,14.4,2.8,0.0,Unknown,Low,Medium,Dry,5.0,5.0,Summer,1.0,,,,,,,,,,,,,,,,,,,,,,,,
Kahlon Fire,2025-05-17,Merced,19.0,37.187714,-120.333898,5.0,5.0,Spring,Small,2025-05-17,,20.6,14.4,2.8,0.0,Unknown,Low,Medium,Dry,5.0,5.0,Summer,1.0,,,,,,,,,,,,,,,,,,,,,,,,
12th St / B St Fire,2025-05-17,Fresno,10.0,36.630347,-119.320298,5.0,5.0,Spring,Small,2025-05-17,,20.6,14.4,2.8,0.0,Unknown,Low,Medium,Dry,5.0,5.0,Summer,1.0,,,,,,,,,,,,,,,,,,,,,,,,
Grange Fire,2025-05-18,Stanislaus,30.0,37.6693899,-120.4395747,5.0,6.0,Spring,Small,2025-05-18,,21.7,15.0,3.1,0.0,Unknown,Low,Medium,Dry,5.0,6.0,Summer,1.0,,,,,,,,,,,,,,,,,,,,,,,,
Sunset Fire,2025-05-18,Placer,65.0,38.824583,-121.349272,5.0,6.0,Spring,Medium,2025-05-18,,21.7,15.0,3.1,0.0,Unknown,Low,Medium,Dry,5.0,6.0,Summer,1.0,,,,,,,,,,,,,,,,,,,,,,,,
Corn Fire,2025-05-18,Fresno,26.0,36.661361,-119.14466,5.0,6.0,Spring,Small,2025-05-18,,21.7,15.0,3.1,0.0,Unknown,Low,Medium,Dry,5.0,6.0,Summer,1.0,,,,,,,,,,,,,,,,,,,,,,,,
Panoche Fire,2025-05-18,Fresno,27.0,36.63874,-120.624598,5.0,6.0,Spring,Small,2025-05-18,,21.7,15.0,3.1,0.0,Unknown,Low,Medium,Dry,5.0,6.0,Summer,1.0,,,,,,,,,,,,,,,,,,,,,,,,
Democrat Fire,2025-05-18,Kern,895.0,35.479027,-118.7094208,5.0,6.0,Spring,Large,2025-05-18,,21.7,15.0,3.1,0.0,Unknown,Low,Medium,Dry,5.0,6.0,Summer,1.0,,,,,,,,,,,,,,,,,,,,,,,,
Walnut Fire,2025-05-18,Contra Costa,51.0,37.874694,-121.69861,5.0,6.0,Spring,Medium,2025-05-18,,21.7,15.0,3.1,0.0,Unknown,Low,Medium,Dry,5.0,6.0,Summer,1.0,,,,,,,,,,,,,,,,,,,,,,,,
Gunsmoke Fire,2025-05-18,Tehama,10.0,40.1624,-122.5868,5.0,6.0,Spring,Small,2025-05-18,,21.7,15.0,3.1,0.0,Unknown,Low,Medium,Dry,5.0,6.0,Summer,1.0,,,,,,,,,,,,,,,,,,,,,,,,
Auburn Fire,2025-05-20,San Bernardino,54.0,34.590737,-117.465727,5.0,1.0,Spring,Medium,2025-05-20,,31.7,15.0,1.3,0.0,Unknown,High,Medium,Dry,5.0,1.0,Summer,1.0,,,,,,,,,,,,,,,,,,,,,,,,
Mission Fire,2025-05-20,Merced,54.0,37.27341,-120.451639,5.0,1.0,Spring,Medium,2025-05-20,,31.7,15.0,1.3,0.0,Unknown,High,Medium,Dry,5.0,1.0,Summer,1.0,,,,,,,,,,,,,,,,,,,,,,,,
Crossing Fire,2025-05-20,Riverside,126.0,33.466549,-116.8260846,5.0,1.0,Spring,Medium,2025-05-20,,31.7,15.0,1.3,0.0,Unknown,High,Medium,Dry,5.0,1.0,Summer,1.0,,,,,,,,,,,,,,,,,,,,,,,,
Cunningham Fire,2025-05-20,Merced,201.0,37.344921,-120.25151,5.0,1.0,Spring,Large,2025-05-20,,31.7,15.0,1.3,0.0,Unknown,High,Medium,Dry,5.0,1.0,Summer,1.0,,,,,,,,,,,,,,,,,,,,,,,,
Phillips Fire,2025-05-20,Merced,20.0,37.03473,-120.818154,5.0,1.0,Spring,Small,2025-05-20,,31.7,15.0,1.3,0.0,Unknown,High,Medium,Dry,5.0,1.0,Summer,1.0,,,,,,,,,,,,,,,,,,,,,,,,
Sargent Fire,2025-05-20,Monterey,13.0,35.952527,-120.859456,5.0,1.0,Spring,Small,2025-05-20,,31.7,15.0,1.3,0.0,Unknown,High,Medium,Dry,5.0,1.0,Summer,1.0,,,,,,,,,,,,,,,,,,,,,,,,
Sierra Fire,2025-05-21,Riverside,20.0,33.847742,-117.461546,5.0,2.0,Spring,Small,2025-05-21,,26.7,16.7,2.9,0.0,Unknown,High,Medium,Dry,5.0,2.0,Summer,1.0,,,,,,,,,,,,,,,,,,,,,,,,
Spence Fire,2025-05-23,Yuba,58.0,39.118918,-121.331078,5.0,4.0,Spring,Medium,2025-05-23,,24.4,16.1,2.2,0.0,Unknown,Medium,Medium,Dry,5.0,4.0,Summer,1.0,,,,,,,,,,,,,,,,,,,,,,,,
Guadalupe Fire,2025-05-23,Santa Clara,15.0,37.2106583,-121.8947894,5.0,4.0,Spring,Small,2025-05-23,,24.4,16.1,2.2,0.0,Unknown,Medium,Medium,Dry,5.0,4.0,Summer,1.0,,,,,,,,,,,,,,,,,,,,,,,,
Gun Fire,2025-05-25,Fresno,11.0,36.622453,-120.657656,5.0,6.0,Spring,Small,2025-05-25,,22.2,16.1,3.2,0.0,Unknown,Medium,Medium,Dry,5.0,6.0,Summer,1.0,,,,,,,,,,,,,,,,,,,,,,,,
Hensley Fire,2025-05-30,Madera,24.0,37.100283,-119.883749,5.0,4.0,Spring,Small,2025-05-30,,32.2,17.8,3.1,0.0,Unknown,High,High,Dry,5.0,4.0,Summer,1.0,,,,,,,,,,,,,,,,,,,,,,,,
Henderson Fire,2025-05-30,San Diego,256.0,33.3803841,-117.0608758,5.0,4.0,Spring,Large,2025-05-30,,32.2,17.8,3.1,0.0,Unknown,High,High,Dry,5.0,4.0,Summer,1.0,,,,,,,,,,,,,,,,,,,,,,,,
Grubbs Fire,2025-05-30,Butte,10.0,39.444691,-121.45917,5.0,4.0,Spring,Small,2025-05-30,,32.2,17.8,3.1,0.0,Unknown,High,High,Dry,5.0,4.0,Summer,1.0,,,,,,,,,,,,,,,,,,,,,,,,
Eureka Fire,2025-05-30,San Bernardino,214.0,34.0618164,-116.3269976,5.0,4.0,Spring,Large,2025-05-30,,32.2,17.8,3.1,0.0,Unknown,High,High,Dry,5.0,4.0,Summer,1.0,,,,,,,,,,,,,,,,,,,,,,,,
Emily Fire,2025-05-30,Los Angeles,10.0,34.7561047,-118.46498,5.0,4.0,Spring,Small,2025-05-30,,32.2,17.8,3.1,0.0,Unknown,High,High,Dry,5.0,4.0,Summer,1.0,,,,,,,,,,,,,,,,,,,,,,,,
Cove Fire,2025-05-31,Fresno,14.0,36.63234,-119.3495,5.0,5.0,Spring,Small,2025-05-31,,26.1,18.9,2.9,0.0,Unknown,Medium,High,Dry,5.0,5.0,Summer,1.0,,,,,,,,,,,,,,,,,,,,,,,,
State Fire,2025-05-31,Riverside,10.0,33.799855,-116.972054,5.0,5.0,Spring,Small,2025-05-31,,26.1,18.9,2.9,0.0,Unknown,Medium,High,Dry,5.0,5.0,Summer,1.0,,,,,,,,,,,,,,,,,,,,,,,,
Mccabe Fire,2025-05-31,Merced,15.0,37.125121,-121.088612,5.0,5.0,Spring,Small,2025-05-31,,26.1,18.9,2.9,0.0,Unknown,Medium,High,Dry,5.0,5.0,Summer,1.0,,,,,,,,,,,,,,,,,,,,,,,,
Coyote Fire,2025-05-31,Lassen,22.0,40.4095336,-120.526195,5.0,5.0,Spring,Small,2025-05-31,,26.1,18.9,2.9,0.0,Unknown,Medium,High,Dry,5.0,5.0,Summer,1.0,,,,,,,,,,,,,,,,,,,,,,,,
Round Fire,2025-05-31,Ventura,2.0,34.709092,-119.336243,5.0,5.0,Spring,Small,2025-05-31,,26.1,18.9,2.9,0.0,Unknown,Medium,High,Dry,5.0,5.0,Summer,1.0,,,,,,,,,,,,,,,,,,,,,,,,
Rose Fire,2025-06-02,Fresno,1200.0,36.60343,-120.178698,6.0,0.0,Summer,Large,2025-06-02,,26.1,16.7,2.6,0.0,Unknown,Medium,Medium,Dry,6.0,0.0,Summer,1.0,,,,,,,,,,,,,,,,,,,,,,,,
Cottonwood Fire,2025-06-02,Siskiyou,19.0,41.923333,-122.566666,6.0,0.0,Summer,Small,2025-06-02,,26.1,16.7,2.6,0.0,Unknown,Medium,Medium,Dry,6.0,0.0,Summer,1.0,,,,,,,,,,,,,,,,,,,,,,,,
Rector Fire,2025-06-02,Fresno,56.0,36.7665646,-119.238331,6.0,0.0,Summer,Medium,2025-06-02,,26.1,16.7,2.6,0.0,Unknown,Medium,Medium,Dry,6.0,0.0,Summer,1.0,,,,,,,,,,,,,,,,,,,,,,,,
Vista Grande Fire,2025-06-02,Solano,62.0,38.276076,-122.0643336,6.0,0.0,Summer,Medium,2025-06-02,,26.1,16.7,2.6,0.0,Unknown,Medium,Medium,Dry,6.0,0.0,Summer,1.0,,,,,,,,,,,,,,,,,,,,,,,,
Quail Fire,2025-06-04,Shasta,16.0,40.542584,-122.274206,6.0,2.0,Summer,Small,2025-06-04,,22.2,16.1,2.2,0.0,Unknown,Medium,Medium,Dry,6.0,2.0,Summer,1.0,,,,,,,,,,,,,,,,,,,,,,,,
Fort Fire,2025-06-04,Kern,389.0,34.8892431,-118.920401,6.0,2.0,Summer,Large,2025-06-04,,22.2,16.1,2.2,0.0,Unknown,Medium,Medium,Dry,6.0,2.0,Summer,1.0,,,,,,,,,,,,,,,,,,,,,,,,
Perez Fire,2025-06-06,Fresno,20.0,36.766702,-120.384115,6.0,4.0,Summer,Small,2025-06-06,,23.9,17.2,1.6,0.0,Unknown,Medium,High,Dry,6.0,4.0,Summer,1.0,,,,,,,,,,,,,,,,,,,,,,,,
Cahuilla Fire,2025-06-10,Riverside,188.0,33.540872,-116.740299,6.0,1.0,Summer,Large,2025-06-10,,27.2,16.7,2.1,0.0,Unknown,High,Medium,Dry,6.0,1.0,Summer,1.0,,,,,,,,,,,,,,,,,,,,,,,,
McNamara Fire,2025-06-10,Merced,43.0,37.228714,-120.457979,6.0,1.0,Summer,Medium,2025-06-10,,27.2,16.7,2.1,0.0,Unknown,High,Medium,Dry,6.0,1.0,Summer,1.0,,,,,,,,,,,,,,,,,,,,,,,,
Ranch Fire,2025-06-10,San Bernardino,4293.0,34.3745,-117.1232,6.0,1.0,Summer,Large,2025-06-10,,27.2,16.7,2.1,0.0,Unknown,High,Medium,Dry,6.0,1.0,Summer,1.0,,,,,,,,,,,,,,,,,,,,,,,,
Bethany Fire,2025-06-10,Los Angeles,20.0,34.2,-118.309,6.0,1.0,Summer,Small,2025-06-10,,27.2,16.7,2.1,0.0,Unknown,High,Medium,Dry,6.0,1.0,Summer,1.0,,,,,,,,,,,,,,,,,,,,,,,,
Greilich Fire,2025-06-10,Amador,11.0,38.454,-120.889,6.0,1.0,Summer,Small,2025-06-10,,27.2,16.7,2.1,0.0,Unknown,High,Medium,Dry,6.0,1.0,Summer,1.0,,,,,,,,,,,,,,,,,,,,,,,,
SKU Early June Lightning Complex,2025-06-10,Siskiyou,108.0,41.716795,-122.345743,6.0,1.0,Summer,Medium,2025-06-10,,27.2,16.7,2.1,0.0,Unknown,High,Medium,Dry,6.0,1.0,Summer,1.0,,,,,,,,,,,,,,,,,,,,,,,,
Lake Fire,2025-06-10,Kern,23.0,35.116076,-119.30306,6.0,1.0,Summer,Small,2025-06-10,,27.2,16.7,2.1,0.0,Unknown,High,Medium,Dry,6.0,1.0,Summer,1.0,,,,,,,,,,,,,,,,,,,,,,,,
River Fire,2025-06-11,Madera,20.0,36.858259,-120.442537,6.0,2.0,Summer,Small,2025-06-11,,25.6,17.8,1.9,0.0,Unknown,Medium,High,Dry,6.0,2.0,Summer,1.0,,,,,,,,,,,,,,,,,,,,,,,,
Lobinger Fire,2025-06-11,Tehama,13.0,39.943968,-122.211579,6.0,2.0,Summer,Small,2025-06-11,,25.6,17.8,1.9,0.0,Unknown,Medium,High,Dry,6.0,2.0,Summer,1.0,,,,,,,,,,,,,,,,,,,,,,,,
Rocky Fire,2025-06-11,Tulare,137.0,36.301073,-119.089751,6.0,2.0,Summer,Medium,2025-06-11,,25.6,17.8,1.9,0.0,Unknown,Medium,High,Dry,6.0,2.0,Summer,1.0,,,,,,,,,,,,,,,,,,,,,,,,
Dino Fire,2025-06-11,Santa Clara,266.0,37.066401,-121.219118,6.0,2.0,Summer,Large,2025-06-11,,25.6,17.8,1.9,0.0,Unknown,Medium,High,Dry,6.0,2.0,Summer,1.0,,,,,,,,,,,,,,,,,,,,,,,,
Willow Fire,2025-06-11,Modoc,18.0,41.812667,-120.245333,6.0,2.0,Summer,Small,2025-06-11,,25.6,17.8,1.9,0.0,Unknown,Medium,High,Dry,6.0,2.0,Summer,1.0,,,,,,,,,,,,,,,,,,,,,,,,
Little Fire,2025-06-11,San Benito,586.0,36.656093,-120.876101,6.0,2.0,Summer,Large,2025-06-11,,25.6,17.8,1.9,0.0,Unknown,Medium,High,Dry,6.0,2.0,Summer,1.0,,,,,,,,,,,,,,,,,,,,,,,,
Ford Fire,2025-06-11,Colusa,14.0,39.302133,-122.488411,6.0,2.0,Summer,Small,2025-06-11,,25.6,17.8,1.9,0.0,Unknown,Medium,High,Dry,6.0,2.0,Summer,1.0,,,,,,,,,,,,,,,,,,,,,,,,
Hudson Fire,2025-06-12,Kern,616.0,34.9578,-119.403,6.0,3.0,Summer,Large,2025-06-12,,25.0,16.7,2.1,0.0,Unknown,Medium,Medium,Dry,6.0,3.0,Summer,1.0,,,,,,,,,,,,,,,,,,,,,,,,
Firestone Fire,2025-06-12,Fresno,482.0,36.0931954,-120.4557421,6.0,3.0,Summer,Large,2025-06-12,,25.0,16.7,2.1,0.0,Unknown,Medium,Medium,Dry,6.0,3.0,Summer,1.0,,,,,,,,,,,,,,,,,,,,,,,,
Claro Fire,2025-06-12,San Diego,45.0,33.080796,-117.212509,6.0,3.0,Summer,Medium,2025-06-12,,25.0,16.7,2.1,0.0,Unknown,Medium,Medium,Dry,6.0,3.0,Summer,1.0,,,,,,,,,,,,,,,,,,,,,,,,
Airline Fire,2025-06-12,San Benito,46.0,36.351124,-120.963426,6.0,3.0,Summer,Medium,2025-06-12,,25.0,16.7,2.1,0.0,Low,Low,Low,Wet,6.0,3.0,Summer,0.05,,,,,,,,,,,,,,,,,,,,,,,,
Rica Fire,2025-06-13,Yuba,25.0,39.27736,-121.479804,6.0,4.0,Summer,Small,2025-06-13,,23.3,15.6,2.9,0.0,Unknown,Medium,Medium,Dry,6.0,4.0,Summer,1.0,,,,,,,,,,,,,,,,,,,,,,,,
Eagle Fire,2025-06-13,San Luis Obispo,38.0,35.78442,-120.926961,6.0,4.0,Summer,Medium,2025-06-13,,23.3,15.6,2.9,0.0,Unknown,Medium,Medium,Dry,6.0,4.0,Summer,1.0,,,,,,,,,,,,,,,,,,,,,,,,
Clement Fire,2025-06-13,Shasta,20.0,40.479167,-122.4495,6.0,4.0,Summer,Small,2025-06-13,,23.3,15.6,2.9,0.0,Unknown,Medium,Medium,Dry,6.0,4.0,Summer,1.0,,,,,,,,,,,,,,,,,,,,,,,,
Dogs Fire,2025-06-13,Kern,4407.0,35.6025,-119.0082,6.0,4.0,Summer,Large,2025-06-13,,23.3,15.6,2.9,0.0,Unknown,Medium,Medium,Dry,6.0,4.0,Summer,1.0,,,,,,,,,,,,,,,,,,,,,,,,
Linda Fire,2025-06-13,Solano,111.0,38.4513,-122.0102,6.0,4.0,Summer,Medium,2025-06-13,,23.3,15.6,2.9,0.0,Unknown,Medium,Medium,Dry,6.0,4.0,Summer,1.0,,,,,,,,,,,,,,,,,,,,,,,,
South Fire,2025-06-18,Fresno,20.0,36.617484,-119.325847,6.0,2.0,Summer,Small,2025-06-18,,29.4,17.8,2.1,0.0,Unknown,High,High,Dry,6.0,2.0,Summer,1.0,,,,,,,,,,,,,,,,,,,,,,,,
Band Fire,2025-06-18,Mariposa,13.0,37.644013,-120.32096,6.0,2.0,Summer,Small,2025-06-18,,29.4,17.8,2.1,0.0,Unknown,High,High,Dry,6.0,2.0,Summer,1.0,,,,,,,,,,,,,,,,,,,,,,,,
Rider Fire,2025-06-18,Riverside,50.0,33.827937,-117.26152,6.0,2.0,Summer,Medium,2025-06-18,,29.4,17.8,2.1,0.0,Unknown,High,High,Dry,6.0,2.0,Summer,1.0,,,,,,,,,,,,,,,,,,,,,,,,
Somersville Fire,2025-06-18,Contra Costa,358.0,37.981065,-121.850359,6.0,2.0,Summer,Large,2025-06-18,,29.4,17.8,2.1,0.0,Unknown,High,High,Dry,6.0,2.0,Summer,1.0,,,,,,,,,,,,,,,,,,,,,,,,
Iverson Fire,2025-06-19,Monterey,11.0,36.527575,-121.41631,6.0,3.0,Summer,Small,2025-06-19,,25.6,18.3,2.5,0.0,Unknown,Medium,High,Dry,6.0,3.0,Summer,1.0,,,,,,,,,,,,,,,,,,,,,,,,
Rancho Fire,2025-06-19,Shasta,157.0,40.405179,-122.314137,6.0,3.0,Summer,Large,2025-06-19,,25.6,18.3,2.5,0.0,Unknown,Medium,High,Dry,6.0,3.0,Summer,1.0,,,,,,,,,,,,,,,,,,,,,,,,
Cut Fire,2025-06-19,Kings,20.0,36.07288,-120.102299,6.0,3.0,Summer,Small,2025-06-19,,25.6,18.3,2.5,0.0,Unknown,Medium,High,Dry,6.0,3.0,Summer,1.0,,,,,,,,,,,,,,,,,,,,,,,,
Hawick Fire,2025-06-19,San Diego,51.0,32.828836,-116.8865217,6.0,3.0,Summer,Medium,2025-06-19,,25.6,18.3,2.5,0.0,Unknown,Medium,High,Dry,6.0,3.0,Summer,1.0,,,,,,,,,,,,,,,,,,,,,,,,
Coal Fire,2025-06-19,Fresno,90.0,36.29538,-120.267799,6.0,3.0,Summer,Medium,2025-06-19,,25.6,18.3,2.5,0.0,Unknown,Medium,High,Dry,6.0,3.0,Summer,1.0,,,,,,,,,,,,,,,,,,,,,,,,
Clark Fire,2025-06-20,Butte,25.0,39.619667,-121.628921,6.0,4.0,Summer,Small,2025-06-20,,23.3,18.9,3.4,0.0,Unknown,Medium,High,Dry,6.0,4.0,Summer,1.0,,,,,,,,,,,,,,,,,,,,,,,,
Le Grand Fire,2025-06-20,Merced,12.0,37.227475,-120.378832,6.0,4.0,Summer,Small,2025-06-20,,23.3,18.9,3.4,0.0,Unknown,Medium,High,Dry,6.0,4.0,Summer,1.0,,,,,,,,,,,,,,,,,,,,,,,,
Happy Fire,2025-06-20,Shasta,2.0,40.486435,-122.393131,6.0,4.0,Summer,Small,2025-06-20,,23.3,18.9,3.4,0.0,Unknown,Medium,High,Dry,6.0,4.0,Summer,1.0,,,,,,,,,,,,,,,,,,,,,,,,
Pilitas Fire,2025-06-20,San Luis Obispo,20.0,35.351553,-120.496248,6.0,4.0,Summer,Small,2025-06-20,,23.3,18.9,3.4,0.0,Unknown,Medium,High,Dry,6.0,4.0,Summer,1.0,,,,,,,,,,,,,,,,,,,,,,,,
Rush Fire,2025-06-20,Trinity,33.0,40.712794,-122.81401,6.0,4.0,Summer,Small,2025-06-20,,23.3,18.9,3.4,0.0,Unknown,Medium,High,Dry,6.0,4.0,Summer,1.0,,,,,,,,,,,,,,,,,,,,,,,,
Camino Fire,2025-06-20,Tuolumne,387.0,37.759084,-120.464241,6.0,4.0,Summer,Large,2025-06-20,,23.3,18.9,3.4,0.0,Unknown,Medium,High,Dry,6.0,4.0,Summer,1.0,,,,,,,,,,,,,,,,,,,,,,,,
Ruth Fire,2025-06-20,Fresno,14.0,36.723722,-119.147595,6.0,4.0,Summer,Small,2025-06-20,,23.3,18.9,3.4,0.0,Unknown,Medium,High,Dry,6.0,4.0,Summer,1.0,,,,,,,,,,,,,,,,,,,,,,,,
Raven Fire,2025-06-20,Siskiyou,10.0,41.883057,-122.439466,6.0,4.0,Summer,Small,2025-06-20,,23.3,18.9,3.4,0.0,Unknown,Medium,High,Dry,6.0,4.0,Summer,1.0,,,,,,,,,,,,,,,,,,,,,,,,
Colvin Fire,2025-06-21,Tulare,46.0,36.470737,-119.167075,6.0,5.0,Summer,Medium,2025-06-21,,24.4,17.2,3.0,0.0,Unknown,Medium,High,Dry,6.0,5.0,Summer,1.0,,,,,,,,,,,,,,,,,,,,,,,,
Rock Fire,2025-06-21,Merced,26.0,37.515906,-120.452933,6.0,5.0,Summer,Small,2025-06-21,,24.4,17.2,3.0,0.0,Unknown,Medium,High,Dry,6.0,5.0,Summer,1.0,,,,,,,,,,,,,,,,,,,,,,,,
Benito Fire,2025-06-22,Fresno,430.0,36.730979,-120.360998,6.0,6.0,Summer,Large,2025-06-22,,23.9,16.1,2.7,0.0,Unknown,Medium,Medium,Dry,6.0,6.0,Summer,1.0,,,,,,,,,,,,,,,,,,,,,,,,
Grizzly Fire,2025-06-22,Tuolumne,46.0,37.783207,-120.26613,6.0,6.0,Summer,Medium,2025-06-22,,23.9,16.1,2.7,0.0,Unknown,Medium,Medium,Dry,6.0,6.0,Summer,1.0,,,,,,,,,,,,,,,,,,,,,,,,
Green Fire,2025-06-22,Alameda,75.0,37.7378488,-121.6171198,6.0,6.0,Summer,Medium,2025-06-22,,23.9,16.1,2.7,0.0,Unknown,Medium,Medium,Dry,6.0,6.0,Summer,1.0,,,,,,,,,,,,,,,,,,,,,,,,
Washington Fire,2025-06-23,Merced,35.0,37.302318,-120.760519,6.0,0.0,Summer,Small,2025-06-23,,25.0,16.1,2.8,0.0,Unknown,Medium,Medium,Dry,6.0,0.0,Summer,1.0,,,,,,,,,,,,,,,,,,,,,,,,
Rodeo Fire,2025-06-23,Contra Costa,65.0,38.022773,-122.24052,6.0,0.0,Summer,Medium,2025-06-23,,25.0,16.1,2.8,0.0,Unknown,Medium,Medium,Dry,6.0,0.0,Summer,1.0,,,,,,,,,,,,,,,,,,,,,,,,
Ward Fire,2025-06-23,Lassen,10.0,40.396723,-120.42736,6.0,0.0,Summer,Small,2025-06-23,,25.0,16.1,2.8,0.0,Unknown,Medium,Medium,Dry,6.0,0.0,Summer,1.0,,,,,,,,,,,,,,,,,,,,,,,,
Dias Fire,2025-06-25,Fresno,852.0,36.0498,-120.3988,6.0,2.0,Summer,Large,2025-06-25,,27.2,17.8,1.4,0.0,Unknown,High,High,Dry,6.0,2.0,Summer,1.0,,,,,,,,,,,,,,,,,,,,,,,,
Fleming Fire,2025-06-25,Riverside,21.0,34.023047,-117.47683,6.0,2.0,Summer,Small,2025-06-25,,27.2,17.8,1.4,0.0,Unknown,High,High,Dry,6.0,2.0,Summer,1.0,,,,,,,,,,,,,,,,,,,,,,,,
Dry Fire,2025-06-25,Mono,15.0,37.720963,-118.966856,6.0,2.0,Summer,Small,2025-06-25,,27.2,17.8,1.4,0.0,Unknown,High,High,Dry,6.0,2.0,Summer,1.0,,,,,,,,,,,,,,,,,,,,,,,,
Blanca Fire,2025-06-30,Madera,12.0,37.041595,-119.761885,6.0,0.0,Summer,Small,2025-06-30,,25.0,17.8,2.1,0.0,Unknown,Medium,High,Dry,6.0,0.0,Summer,1.0,,,,,,,,,,,,,,,,,,,,,,,,
Perch Fire,2025-06-30,Siskiyou,24.0,41.920673,-122.4204,6.0,0.0,Summer,Small,2025-06-30,,25.0,17.8,2.1,0.0,Unknown,Medium,High,Dry,6.0,0.0,Summer,1.0,,,,,,,,,,,,,,,,,,,,,,,,
Juniper Fire,2025-06-30,Riverside,756.0,33.801555,-117.325778,6.0,0.0,Summer,Large,2025-06-30,,25.0,17.8,2.1,0.0,Unknown,Medium,High,Dry,6.0,0.0,Summer,1.0,,,,,,,,,,,,,,,,,,,,,,,,
Cherry Fire,2025-06-30,Solano,8.0,38.336187,-122.02472,6.0,0.0,Summer,Small,2025-06-30,,25.0,17.8,2.1,0.0,Unknown,Medium,High,Dry,6.0,0.0,Summer,1.0,,,,,,,,,,,,,,,,,,,,,,,,
Quarry Fire,2025-06-30,San Joaquin,26.0,38.308538,-120.970323,6.0,0.0,Summer,Small,2025-06-30,,25.0,17.8,2.1,0.0,Medium,Medium,Medium,Normal,6.0,0.0,Summer,0.5,,,,,,,,,,,,,,,,,,,,,,,,
Sims Fire,2025-06-30,Lassen,223.0,40.142467,-120.185357,6.0,0.0,Summer,Large,2025-06-30,,25.0,17.8,2.1,0.0,Unknown,Medium,High,Dry,6.0,0.0,Summer,1.0,,,,,,,,,,,,,,,,,,,,,,,,
Marble Complex Fire,2025-07-03,Siskiyou,747.0,41.52404,-123.13222,7.0,3.0,Summer,Large,2025-07-03,,24.4,17.8,2.2,0.0,Unknown,Medium,High,Dry,7.0,3.0,Summer,1.0,,,,,,,,,,,,,,,,,,,,,,,,
Fairmont Fire,2025-07-03,Alameda,7.0,37.714766,-122.104671,7.0,3.0,Summer,Small,2025-07-03,,24.4,17.8,2.2,0.0,Unknown,Medium,High,Dry,7.0,3.0,Summer,1.0,,,,,,,,,,,,,,,,,,,,,,,,
Ravine Fire,2025-07-03,Nevada,35.0,39.064532,-121.267354,7.0,3.0,Summer,Small,2025-07-03,,24.4,17.8,2.2,0.0,Unknown,Medium,High,Dry,7.0,3.0,Summer,1.0,,,,,,,,,,,,,,,,,,,,,,,,
Snelling Fire,2025-07-03,Merced,16.0,37.471435,-120.501308,7.0,3.0,Summer,Small,2025-07-03,,24.4,17.8,2.2,0.0,Unknown,Medium,High,Dry,7.0,3.0,Summer,1.0,,,,,,,,,,,,,,,,,,,,,,,,
Elwood Fire,2025-07-03,Fresno,52.0,36.811475,-119.383467,7.0,3.0,Summer,Medium,2025-07-03,,24.4,17.8,2.2,0.0,Unknown,Medium,High,Dry,7.0,3.0,Summer,1.0,,,,,,,,,,,,,,,,,,,,,,,,
Van Clief Rd Stevenson Fire,2025-07-05,Merced,18.0,37.288251,-120.833366,7.0,5.0,Summer,Small,2025-07-05,,28.3,16.7,1.7,0.0,Unknown,High,Medium,Dry,7.0,5.0,Summer,1.0,,,,,,,,,,,,,,,,,,,,,,,,
Morgan Fire,2025-07-05,Contra Costa,12.0,37.773964,-121.778644,7.0,5.0,Summer,Small,2025-07-05,,28.3,16.7,1.7,0.0,Unknown,High,Medium,Dry,7.0,5.0,Summer,1.0,,,,,,,,,,,,,,,,,,,,,,,,
Zediker Fire,2025-07-05,Fresno,164.0,36.611938,-119.520899,7.0,5.0,Summer,Large,2025-07-05,,28.3,16.7,1.7,0.0,Unknown,High,Medium,Dry,7.0,5.0,Summer,1.0,,,,,,,,,,,,,,,,,,,,,,,,
Sage Fire,2025-07-05,Riverside,9.0,33.929799,-117.186627,7.0,5.0,Summer,Small,2025-07-05,,28.3,16.7,1.7,0.0,Unknown,High,Medium,Dry,7.0,5.0,Summer,1.0,,,,,,,,,,,,,,,,,,,,,,,,
Ignacio Fire,2025-07-05,Riverside,21.0,33.543824,-116.918051,7.0,5.0,Summer,Small,2025-07-05,,28.3,16.7,1.7,0.0,Unknown,High,Medium,Dry,7.0,5.0,Summer,1.0,,,,,,,,,,,,,,,,,,,,,,,,
Rancho Fire,2025-07-05,San Luis Obispo,28.0,35.532939,-120.622981,7.0,5.0,Summer,Small,2025-07-05,,28.3,16.7,1.7,0.0,Unknown,High,Medium,Dry,7.0,5.0,Summer,1.0,,,,,,,,,,,,,,,,,,,,,,,,
Soboba Fire,2025-07-05,Riverside,9.0,33.786094,-116.923214,7.0,5.0,Summer,Small,2025-07-05,,28.3,16.7,1.7,0.0,Unknown,High,Medium,Dry,7.0,5.0,Summer,1.0,,,,,,,,,,,,,,,,,,,,,,,,
Pomo Fire,2025-07-05,Lake,16.0,39.139455,-122.881426,7.0,5.0,Summer,Small,2025-07-05,,28.3,16.7,1.7,0.0,Unknown,High,Medium,Dry,7.0,5.0,Summer,1.0,,,,,,,,,,,,,,,,,,,,,,,,
Cactus Fire,2025-07-05,Riverside,21.0,33.908497,-117.287235,7.0,5.0,Summer,Small,2025-07-05,,28.3,16.7,1.7,0.0,Unknown,High,Medium,Dry,7.0,5.0,Summer,1.0,,,,,,,,,,,,,,,,,,,,,,,,
Hunter Fire,2025-07-05,Mariposa,27.0,37.565899,-120.152833,7.0,5.0,Summer,Small,2025-07-05,,28.3,16.7,1.7,0.0,Unknown,High,Medium,Dry,7.0,5.0,Summer,1.0,,,,,,,,,,,,,,,,,,,,,,,,
Bartlett Fire,2025-07-06,Lake,13.0,39.165061,-122.613599,7.0,6.0,Summer,Small,2025-07-06,,27.2,16.7,1.9,0.0,Unknown,High,Medium,Dry,7.0,6.0,Summer,1.0,,,,,,,,,,,,,,,,,,,,,,,,
Flume Fire,2025-07-06,Tulare,73.0,36.161296,-118.706452,7.0,6.0,Summer,Medium,2025-07-06,,27.2,16.7,1.9,0.0,Unknown,High,Medium,Dry,7.0,6.0,Summer,1.0,,,,,,,,,,,,,,,,,,,,,,,,
Bridge 3 Fire,2025-07-06,Humboldt,366.0,40.172678,-123.60102,7.0,6.0,Summer,Large,2025-07-06,,27.2,16.7,1.9,0.0,Unknown,High,Medium,Dry,7.0,6.0,Summer,1.0,,,,,,,,,,,,,,,,,,,,,,,,
Bluff Fire,2025-07-07,Riverside,13.0,33.950365,-116.880684,7.0,0.0,Summer,Small,2025-07-07,,28.3,17.8,1.9,0.0,Unknown,High,High,Dry,7.0,0.0,Summer,1.0,,,,,,,,,,,,,,,,,,,,,,,,
Pyrite Fire,2025-07-07,Riverside,150.0,34.017805,-117.462368,7.0,0.0,Summer,Medium,2025-07-07,,28.3,17.8,1.9,0.0,Unknown,High,High,Dry,7.0,0.0,Summer,1.0,,,,,,,,,,,,,,,,,,,,,,,,
Nichols Fire,2025-07-07,Riverside,50.0,33.7198782,-117.36247,7.0,0.0,Summer,Medium,2025-07-07,,28.3,17.8,1.9,0.0,Unknown,High,High,Dry,7.0,0.0,Summer,1.0,,,,,,,,,,,,,,,,,,,,,,,,
Tractor Fire,2025-07-07,Tulare,10.0,36.224616,-118.832595,7.0,0.0,Summer,Small,2025-07-07,,28.3,17.8,1.9,0.0,Unknown,High,High,Dry,7.0,0.0,Summer,1.0,,,,,,,,,,,,,,,,,,,,,,,,
Fish Fire,2025-07-07,Fresno,23.0,36.794181,-119.411635,7.0,0.0,Summer,Small,2025-07-07,,28.3,17.8,1.9,0.0,Unknown,High,High,Dry,7.0,0.0,Summer,1.0,,,,,,,,,,,,,,,,,,,,,,,,
Corning Fire,2025-07-07,Tehama,21.0,39.928283,-122.2985996,7.0,0.0,Summer,Small,2025-07-07,,28.3,17.8,1.9,0.0,Unknown,High,High,Dry,7.0,0.0,Summer,1.0,,,,,,,,,,,,,,,,,,,,,,,,
Birds Fire,2025-07-07,Solano,15.0,38.1303671,-121.79616,7.0,0.0,Summer,Small,2025-07-07,,28.3,17.8,1.9,0.0,Unknown,High,High,Dry,7.0,0.0,Summer,1.0,,,,,,,,,,,,,,,,,,,,,,,,
Bert Fire,2025-07-08,Los Angeles,47.0,34.449864,-118.611317,7.0,1.0,Summer,Medium,2025-07-08,,31.7,16.1,1.6,0.0,Unknown,High,Medium,Dry,7.0,1.0,Summer,1.0,,,,,,,,,,,,,,,,,,,,,,,,
Victoria Fire,2025-07-08,Alameda,15.0,37.655501,-121.659503,7.0,1.0,Summer,Small,2025-07-08,,31.7,16.1,1.6,0.0,Unknown,High,Medium,Dry,7.0,1.0,Summer,1.0,,,,,,,,,,,,,,,,,,,,,,,,
Orleans Complex ,2025-07-08,Siskiyou,22153.0,41.3255556,-123.4177777,7.0,1.0,Summer,Large,2025-07-08,,31.7,16.1,1.6,0.0,Unknown,High,Medium,Dry,7.0,1.0,Summer,1.0,,,,,,,,,,,,,,,,,,,,,,,,
Kirker Fire,2025-07-10,Contra Costa,14.0,37.982895,-121.898942,7.0,3.0,Summer,Small,2025-07-10,,26.7,18.3,3.0,0.0,Unknown,High,High,Dry,7.0,3.0,Summer,1.0,,,,,,,,,,,,,,,,,,,,,,,,
Reche Fire,2025-07-10,Riverside,18.0,33.95918,-117.191827,7.0,3.0,Summer,Small,2025-07-10,,26.7,18.3,3.0,0.0,Unknown,High,High,Dry,7.0,3.0,Summer,1.0,,,,,,,,,,,,,,,,,,,,,,,,
Moore Fire,2025-07-10,Placer,20.0,38.873631,-121.322879,7.0,3.0,Summer,Small,2025-07-10,,26.7,18.3,3.0,0.0,Unknown,High,High,Dry,7.0,3.0,Summer,1.0,,,,,,,,,,,,,,,,,,,,,,,,
Springs Fire,2025-07-10,San Diego,50.0,32.7145184,-116.7478188,7.0,3.0,Summer,Medium,2025-07-10,,26.7,18.3,3.0,0.0,Unknown,High,High,Dry,7.0,3.0,Summer,1.0,,,,,,,,,,,,,,,,,,,,,,,,
Madera Fire,2025-07-10,Riverside,19.0,33.50064,-117.01089,7.0,3.0,Summer,Small,2025-07-10,,26.7,18.3,3.0,0.0,Unknown,High,High,Dry,7.0,3.0,Summer,1.0,,,,,,,,,,,,,,,,,,,,,,,,
Parkway Fire,2025-07-11,Sacramento,24.0,38.493586,-121.09374,7.0,4.0,Summer,Small,2025-07-11,,26.1,18.3,2.3,0.0,Unknown,Medium,High,Dry,7.0,4.0,Summer,1.0,,,,,,,,,,,,,,,,,,,,,,,,
Stardust Fire,2025-07-12,Placer,12.0,38.882558,-121.247136,7.0,5.0,Summer,Small,2025-07-12,,26.1,18.9,2.1,0.0,Unknown,Medium,High,Dry,7.0,5.0,Summer,1.0,,,,,,,,,,,,,,,,,,,,,,,,
Scavenger Fire,2025-07-12,Fresno,165.0,36.226722,-120.193833,7.0,5.0,Summer,Large,2025-07-12,,26.1,18.9,2.1,0.0,Unknown,Medium,High,Dry,7.0,5.0,Summer,1.0,,,,,,,,,,,,,,,,,,,,,,,,
Canon Fire,2025-07-12,Solano,68.0,38.2986878,-121.933483,7.0,5.0,Summer,Medium,2025-07-12,,26.1,18.9,2.1,0.0,Unknown,Medium,High,Dry,7.0,5.0,Summer,1.0,,,,,,,,,,,,,,,,,,,,,,,,
Island Fire,2025-07-12,Fresno,10.0,36.864545,-119.315821,7.0,5.0,Summer,Small,2025-07-12,,26.1,18.9,2.1,0.0,Unknown,Medium,High,Dry,7.0,5.0,Summer,1.0,,,,,,,,,,,,,,,,,,,,,,,,
Fandango Fire,2025-07-14,Modoc,10.0,41.79792,-120.19432,7.0,0.0,Summer,Small,2025-07-14,,25.0,17.2,2.0,0.0,Unknown,Medium,High,Dry,7.0,0.0,Summer,1.0,,,,,,,,,,,,,,,,,,,,,,,,
Jefferson Fire,2025-07-14,Fresno,40.0,36.654009,-120.315699,7.0,0.0,Summer,Medium,2025-07-14,,25.0,17.2,2.0,0.0,Unknown,Medium,High,Dry,7.0,0.0,Summer,1.0,,,,,,,,,,,,,,,,,,,,,,,,
Dale Fire,2025-07-16,Riverside,1096.0,33.51744,-116.78672,7.0,2.0,Summer,Large,2025-07-16,,24.4,19.4,2.6,0.0,Unknown,Medium,High,Dry,7.0,2.0,Summer,1.0,,,,,,,,,,,,,,,,,,,,,,,,
Grain Fire,2025-07-16,Tulare,32.0,35.91106,-119.03899,7.0,2.0,Summer,Small,2025-07-16,,24.4,19.4,2.6,0.0,Unknown,Medium,High,Dry,7.0,2.0,Summer,1.0,,,,,,,,,,,,,,,,,,,,,,,,
Baker Fire,2025-07-16,Tehama,17.0,40.3125,-122.578667,7.0,2.0,Summer,Small,2025-07-16,,24.4,19.4,2.6,0.0,Unknown,Medium,High,Dry,7.0,2.0,Summer,1.0,,,,,,,,,,,,,,,,,,,,,,,,
Debbie Fire,2025-07-16,Lassen,54.0,40.092913,-120.111242,7.0,2.0,Summer,Medium,2025-07-16,,24.4,19.4,2.6,0.0,Unknown,Medium,High,Dry,7.0,2.0,Summer,1.0,,,,,,,,,,,,,,,,,,,,,,,,
Foster Fire,2025-07-16,Shasta,11.0,40.388446,-122.541885,7.0,2.0,Summer,Small,2025-07-16,,24.4,19.4,2.6,0.0,Unknown,Medium,High,Dry,7.0,2.0,Summer,1.0,,,,,,,,,,,,,,,,,,,,,,,,
Jury Fire,2025-07-19,Tuolumne,54.0,37.916947,-120.356289,7.0,5.0,Summer,Medium,2025-07-19,,25.6,19.4,2.5,0.0,Unknown,Medium,High,Dry,7.0,5.0,Summer,1.0,,,,,,,,,,,,,,,,,,,,,,,,
Coulter Fire,2025-07-19,El Dorado,25.0,38.55184,-121.004153,7.0,5.0,Summer,Small,2025-07-19,,25.6,19.4,2.5,0.0,Unknown,Medium,High,Dry,7.0,5.0,Summer,1.0,,,,,,,,,,,,,,,,,,,,,,,,
Willow Fire,2025-07-19,Madera,32.0,37.118,-119.932289,7.0,5.0,Summer,Small,2025-07-19,,25.6,19.4,2.5,0.0,Unknown,Medium,High,Dry,7.0,5.0,Summer,1.0,,,,,,,,,,,,,,,,,,,,,,,,
Pala Fire,2025-07-19,San Diego,7.0,33.342918,-117.114678,7.0,5.0,Summer,Small,2025-07-19,,25.6,19.4,2.5,0.0,Unknown,Medium,High,Dry,7.0,5.0,Summer,1.0,,,,,,,,,,,,,,,,,,,,,,,,
Frontage Fire,2025-07-20,San Bernardino,50.0,34.548782,-117.296674,7.0,6.0,Summer,Medium,2025-07-20,,25.6,19.4,2.2,0.0,Unknown,Medium,High,Dry,7.0,6.0,Summer,1.0,,,,,,,,,,,,,,,,,,,,,,,,
Trap Fire,2025-07-20,Mariposa,38.0,37.514275,-120.012292,7.0,6.0,Summer,Medium,2025-07-20,,25.6,19.4,2.2,0.0,Unknown,Medium,High,Dry,7.0,6.0,Summer,1.0,,,,,,,,,,,,,,,,,,,,,,,,
Alta Fire,2025-07-20,Butte,17.0,39.422347,-121.470538,7.0,6.0,Summer,Small,2025-07-20,,25.6,19.4,2.2,0.0,Unknown,Medium,High,Dry,7.0,6.0,Summer,1.0,,,,,,,,,,,,,,,,,,,,,,,,
Mammoth Fire ,2025-07-24,Modoc,2533.0,41.684141,-121.323879,7.0,3.0,Summer,Large,2025-07-24,,28.9,16.1,1.9,0.0,Unknown,High,Medium,Dry,7.0,3.0,Summer,1.0,,,,,,,,,,,,,,,,,,,,,,,,
4-1 Fire,2025-07-24,Modoc,21.0,41.459967,-120.924262,7.0,3.0,Summer,Small,2025-07-24,,28.9,16.1,1.9,0.0,Unknown,High,Medium,Dry,7.0,3.0,Summer,1.0,,,,,,,,,,,,,,,,,,,,,,,,
Posta Fire,2025-07-24,San Diego,23.0,32.667663,-116.430132,7.0,3.0,Summer,Small,2025-07-24,,28.9,16.1,1.9,0.0,Unknown,High,Medium,Dry,7.0,3.0,Summer,1.0,,,,,,,,,,,,,,,,,,,,,,,,
Sliger Fire,2025-07-24,El Dorado,14.0,38.943781,-120.926046,7.0,3.0,Summer,Small,2025-07-24,,28.9,16.1,1.9,0.0,Unknown,High,Medium,Dry,7.0,3.0,Summer,1.0,,,,,,,,,,,,,,,,,,,,,,,,
Shady Fire,2025-07-25,Riverside,52.0,33.656632,-116.172565,7.0,4.0,Summer,Medium,2025-07-25,,26.1,16.7,1.9,0.0,Unknown,Medium,Medium,Dry,7.0,4.0,Summer,1.0,,,,,,,,,,,,,,,,,,,,,,,,
3-5 Fire,2025-07-25,Lassen,43.0,40.9814,-121.280552,7.0,4.0,Summer,Medium,2025-07-25,,26.1,16.7,1.9,0.0,Unknown,Medium,Medium,Dry,7.0,4.0,Summer,1.0,,,,,,,,,,,,,,,,,,,,,,,,
W-2 Fire,2025-07-25,Modoc,25.0,41.392519,-120.43839,7.0,4.0,Summer,Small,2025-07-25,,26.1,16.7,1.9,0.0,Unknown,Medium,Medium,Dry,7.0,4.0,Summer,1.0,,,,,,,,,,,,,,,,,,,,,,,,
Pearl Fire,2025-07-25,Kern,40.0,35.6182,-118.48813,7.0,4.0,Summer,Medium,2025-07-25,,26.1,16.7,1.9,0.0,Unknown,Medium,Medium,Dry,7.0,4.0,Summer,1.0,,,,,,,,,,,,,,,,,,,,,,,,
Green Fire-RRU,2025-07-25,Riverside,21.0,33.882719,-117.641517,7.0,4.0,Summer,Small,2025-07-25,,26.1,16.7,1.9,0.0,Unknown,Medium,Medium,Dry,7.0,4.0,Summer,1.0,,,,,,,,,,,,,,,,,,,,,,,,
Medicine Fire,2025-07-27,Mendocino,263.0,39.831628,-123.267618,7.0,6.0,Summer,Large,2025-07-27,,24.4,18.3,2.2,0.0,High,High,High,Dry,7.0,6.0,Summer,0.95,,,,,,,,,,,,,,,,,,,,,,,,
Needles Fires,2025-07-27,San Bernardino,10.0,34.828072,-114.583454,7.0,6.0,Summer,Small,2025-07-27,,24.4,18.3,2.2,0.0,Unknown,Medium,High,Dry,7.0,6.0,Summer,1.0,,,,,,,,,,,,,,,,,,,,,,,,
19 Fire,2025-07-29,Madera,16.0,37.07642,-120.202377,7.0,1.0,Summer,Small,2025-07-29,,24.4,17.8,2.1,0.0,Unknown,Medium,High,Dry,7.0,1.0,Summer,1.0,,,,,,,,,,,,,,,,,,,,,,,,
Rd 15  Madera_acres Fire,2025-07-30,Madera,30.0,36.995304,-120.274202,7.0,2.0,Summer,Small,2025-07-30,,24.4,17.2,2.8,0.0,Unknown,Medium,High,Dry,7.0,2.0,Summer,1.0,,,,,,,,,,,,,,,,,,,,,,,,
Lassen Fire,2025-08-01,Tehama,51.0,40.028565,-122.086035,8.0,4.0,Summer,Medium,2025-08-01,,27.2,17.8,1.8,0.0,Unknown,High,High,Dry,8.0,4.0,Summer,1.0,,,,,,,,,,,,,,,,,,,,,,,,
4-8 Fire,2025-08-01,Modoc,25.0,41.319441,-120.747715,8.0,4.0,Summer,Small,2025-08-01,,27.2,17.8,1.8,0.0,Unknown,High,High,Dry,8.0,4.0,Summer,1.0,,,,,,,,,,,,,,,,,,,,,,,,
Gifford Fire ,2025-08-01,Santa Barbara,131612.0,35.111258,-120.097902,8.0,4.0,Summer,Large,2025-08-01,,27.2,17.8,1.8,0.0,Unknown,High,High,Dry,8.0,4.0,Summer,1.0,,,,,,,,,,,,,,,,,,,,,,,,
Bernardo Fire,2025-08-01,San Diego,13.0,33.0088892,-117.0978951,8.0,4.0,Summer,Small,2025-08-01,,27.2,17.8,1.8,0.0,Unknown,High,High,Dry,8.0,4.0,Summer,1.0,,,,,,,,,,,,,,,,,,,,,,,,
Donovan Fire,2025-08-02,San Luis Obispo,51.0,35.527328,-120.508946,8.0,5.0,Summer,Medium,2025-08-02,,28.3,18.3,1.4,0.0,Unknown,High,High,Dry,8.0,5.0,Summer,1.0,,,,,,,,,,,,,,,,,,,,,,,,
Fremont Fire,2025-08-02,San Bernardino,30.0,34.429401,-117.653566,8.0,5.0,Summer,Small,2025-08-02,,28.3,18.3,1.4,0.0,Unknown,High,High,Dry,8.0,5.0,Summer,1.0,,,,,,,,,,,,,,,,,,,,,,,,
Radar Fire ,2025-08-02,Modoc,10.0,41.7203467,-121.1305479,8.0,5.0,Summer,Small,2025-08-02,,28.3,18.3,1.4,0.0,Unknown,High,High,Dry,8.0,5.0,Summer,1.0,,,,,,,,,,,,,,,,,,,,,,,,
Oak Fire,2025-08-02,Riverside,46.0,34.0005417,-117.1513823,8.0,5.0,Summer,Medium,2025-08-02,,28.3,18.3,1.4,0.0,Unknown,High,High,Dry,8.0,5.0,Summer,1.0,,,,,,,,,,,,,,,,,,,,,,,,
Rush Fire,2025-08-02,Mariposa,12.0,37.770605,-120.038987,8.0,5.0,Summer,Small,2025-08-02,,28.3,18.3,1.4,0.0,Unknown,High,High,Dry,8.0,5.0,Summer,1.0,,,,,,,,,,,,,,,,,,,,,,,,
Lake Fire,2025-08-03,Lake,401.0,38.9775809,-122.6525158,8.0,6.0,Summer,Large,2025-08-03,,25.0,17.8,2.6,0.0,Unknown,Medium,High,Dry,8.0,6.0,Summer,1.0,,,,,,,,,,,,,,,,,,,,,,,,
Eden Fire,2025-08-03,Alameda,18.0,37.7023074,-122.023919,8.0,6.0,Summer,Small,2025-08-03,,25.0,17.8,2.6,0.0,Unknown,Medium,High,Dry,8.0,6.0,Summer,1.0,,,,,,,,,,,,,,,,,,,,,,,,
Santa Fire,2025-08-03,Merced,30.0,37.053702,-120.966641,8.0,6.0,Summer,Small,2025-08-03,,25.0,17.8,2.6,0.0,Unknown,Medium,High,Dry,8.0,6.0,Summer,1.0,,,,,,,,,,,,,,,,,,,,,,,,
Bridge Fire,2025-08-04,Fresno,57.0,36.733265,-120.337696,8.0,0.0,Summer,Medium,2025-08-04,,24.4,17.8,2.7,0.0,Unknown,Medium,High,Dry,8.0,0.0,Summer,1.0,,,,,,,,,,,,,,,,,,,,,,,,
Ranch Fire,2025-08-04,Placer,140.0,38.839,-121.299167,8.0,0.0,Summer,Medium,2025-08-04,,24.4,17.8,2.7,0.0,Unknown,Medium,High,Dry,8.0,0.0,Summer,1.0,,,,,,,,,,,,,,,,,,,,,,,,
Claypit Fire,2025-08-04,Sacramento,128.0,38.409043,-121.028053,8.0,0.0,Summer,Medium,2025-08-04,,24.4,17.8,2.7,0.0,Unknown,Medium,High,Dry,8.0,0.0,Summer,1.0,,,,,,,,,,,,,,,,,,,,,,,,
Gold Fire,2025-08-04,San Bernardino,1079.0,34.320286,-116.906906,8.0,0.0,Summer,Large,2025-08-04,,24.4,17.8,2.7,0.0,Unknown,Medium,High,Dry,8.0,0.0,Summer,1.0,,,,,,,,,,,,,,,,,,,,,,,,
Mckinley Fire,2025-08-04,Fresno,24.0,36.778239,-120.657099,8.0,0.0,Summer,Small,2025-08-04,,24.4,17.8,2.7,0.0,Unknown,Medium,High,Dry,8.0,0.0,Summer,1.0,,,,,,,,,,,,,,,,,,,,,,,,
Cool Fire,2025-08-04,San Diego,17.0,33.213005,-117.002097,8.0,0.0,Summer,Small,2025-08-04,,24.4,17.8,2.7,0.0,Unknown,Medium,High,Dry,8.0,0.0,Summer,1.0,,,,,,,,,,,,,,,,,,,,,,,,
Rosa Fire,2025-08-04,Riverside,1671.0,33.56604,-116.53338,8.0,0.0,Summer,Large,2025-08-04,,24.4,17.8,2.7,0.0,Unknown,Medium,High,Dry,8.0,0.0,Summer,1.0,,,,,,,,,,,,,,,,,,,,,,,,
Midway Fire,2025-08-04,San Luis Obispo,13.0,35.222269,-120.103532,8.0,0.0,Summer,Small,2025-08-04,,24.4,17.8,2.7,0.0,Unknown,Medium,High,Dry,8.0,0.0,Summer,1.0,,,,,,,,,,,,,,,,,,,,,,,,
Richbar Fire,2025-08-09,Kern,158.0,35.468395,-118.722809,8.0,5.0,Summer,Large,2025-08-09,,25.0,18.9,2.5,0.0,Unknown,Medium,High,Dry,8.0,5.0,Summer,1.0,,,,,,,,,,,,,,,,,,,,,,,,
Arden Fire,2025-08-09,Lake,26.0,39.100802,-122.805092,8.0,5.0,Summer,Small,2025-08-09,,25.0,18.9,2.5,0.0,Unknown,Medium,High,Dry,8.0,5.0,Summer,1.0,,,,,,,,,,,,,,,,,,,,,,,,
Mariposa Fire,2025-08-09,San Bernardino,12.0,34.325756,-117.477459,8.0,5.0,Summer,Small,2025-08-09,,25.0,18.9,2.5,0.0,Unknown,Medium,High,Dry,8.0,5.0,Summer,1.0,,,,,,,,,,,,,,,,,,,,,,,,
Ponderosa Fire,2025-08-10,Yuba,87.0,39.386003,-121.295635,8.0,6.0,Summer,Medium,2025-08-10,,26.7,18.9,2.4,0.0,Unknown,High,High,Dry,8.0,6.0,Summer,1.0,,,,,,,,,,,,,,,,,,,,,,,,
Clark Fire,2025-08-10,Lassen,51.0,40.91808,-121.170005,8.0,6.0,Summer,Medium,2025-08-10,,26.7,18.9,2.4,0.0,Unknown,High,High,Dry,8.0,6.0,Summer,1.0,,,,,,,,,,,,,,,,,,,,,,,,
Mountain Fire,2025-08-11,Modoc,980.0,41.8124,-121.33,8.0,0.0,Summer,Large,2025-08-11,,24.4,18.9,3.4,0.0,Unknown,Medium,High,Dry,8.0,0.0,Summer,1.0,,,,,,,,,,,,,,,,,,,,,,,,
Utah Fire,2025-08-11,Mariposa,13.0,37.573647,-120.126968,8.0,0.0,Summer,Small,2025-08-11,,24.4,18.9,3.4,0.0,Unknown,Medium,High,Dry,8.0,0.0,Summer,1.0,,,,,,,,,,,,,,,,,,,,,,,,
Perez Fire,2025-08-12,Modoc,15.0,41.714,-121.286667,8.0,1.0,Summer,Small,2025-08-12,,23.9,18.9,2.9,0.0,Unknown,Medium,High,Dry,8.0,1.0,Summer,1.0,,,,,,,,,,,,,,,,,,,,,,,,
Lost Fire,2025-08-12,Fresno,31.0,36.974318,-119.724423,8.0,1.0,Summer,Small,2025-08-12,,23.9,18.9,2.9,0.0,Unknown,Medium,High,Dry,8.0,1.0,Summer,1.0,,,,,,,,,,,,,,,,,,,,,,,,
Herman Fire,2025-08-15,Solano,167.0,38.097839,-122.131599,8.0,4.0,Summer,Large,2025-08-15,,25.6,19.4,2.8,0.0,Unknown,Medium,High,Dry,8.0,4.0,Summer,1.0,,,,,,,,,,,,,,,,,,,,,,,,
Hadley Fire,2025-08-17,Madera,13.0,37.214319,-119.56892,8.0,6.0,Summer,Small,2025-08-17,,28.3,19.4,1.9,0.0,Unknown,High,High,Dry,8.0,6.0,Summer,1.0,,,,,,,,,,,,,,,,,,,,,,,,
Carlos Fire,2025-08-18,San Luis Obispo,43.0,35.453419,-120.66952,8.0,0.0,Summer,Medium,2025-08-18,,29.4,19.4,2.0,0.0,Unknown,High,High,Dry,8.0,0.0,Summer,1.0,,,,,,,,,,,,,,,,,,,,,,,,
Coyote Fire,2025-08-20,El Dorado,624.0,38.535896,-120.636971,8.0,2.0,Summer,Large,2025-08-20,,34.4,18.9,1.4,0.0,Unknown,High,High,Dry,8.0,2.0,Summer,1.0,,,,,,,,,,,,,,,,,,,,,,,,
Watson Fire,2025-08-21,Santa Clara,23.0,37.084305,-121.644112,8.0,3.0,Summer,Small,2025-08-21,,34.4,20.6,1.7,0.0,Unknown,High,High,Dry,8.0,3.0,Summer,1.0,,,,,,,,,,,,,,,,,,,,,,,,
Pickett Fire,2025-08-21,Napa,6820.0,38.6001023,-122.5519541,8.0,3.0,Summer,Large,2025-08-21,,34.4,20.6,1.7,0.0,Unknown,High,High,Dry,8.0,3.0,Summer,1.0,,,,,,,,,,,,,,,,,,,,,,,,
Cantova Fire,2025-08-21,Sacramento,36.0,38.489675,-121.100506,8.0,3.0,Summer,Medium,2025-08-21,,34.4,20.6,1.7,0.0,Unknown,High,High,Dry,8.0,3.0,Summer,1.0,,,,,,,,,,,,,,,,,,,,,,,,
Crow Fire,2025-08-21,San Diego,500.0,33.4530278,-117.5346389,8.0,3.0,Summer,Large,2025-08-21,,34.4,20.6,1.7,0.0,Unknown,High,High,Dry,8.0,3.0,Summer,1.0,,,,,,,,,,,,,,,,,,,,,,,,
Canal Fire,2025-08-23,Madera,46.0,37.097674,-120.029309,8.0,5.0,Summer,Medium,2025-08-23,,34.4,21.1,2.2,0.0,Unknown,High,High,Dry,8.0,5.0,Summer,1.0,,,,,,,,,,,,,,,,,,,,,,,,
Anderson Fire,2025-08-23,Madera,20.0,37.067374,-119.620204,8.0,5.0,Summer,Small,2025-08-23,,34.4,21.1,2.2,0.0,Unknown,High,High,Dry,8.0,5.0,Summer,1.0,,,,,,,,,,,,,,,,,,,,,,,,
Point Fire,2025-08-23,Shasta,43.0,40.38862,-122.40685,8.0,5.0,Summer,Medium,2025-08-23,,34.4,21.1,2.2,0.0,Unknown,High,High,Dry,8.0,5.0,Summer,1.0,,,,,,,,,,,,,,,,,,,,,,,,
Tanabe Fire,2025-08-23,Yuba,40.0,39.265104,-121.514636,8.0,5.0,Summer,Medium,2025-08-23,,34.4,21.1,2.2,0.0,Unknown,High,High,Dry,8.0,5.0,Summer,1.0,,,,,,,,,,,,,,,,,,,,,,,,
Vail Fire,2025-08-23,Riverside,55.0,33.498964,-116.997928,8.0,5.0,Summer,Medium,2025-08-23,,34.4,21.1,2.2,0.0,Unknown,High,High,Dry,8.0,5.0,Summer,1.0,,,,,,,,,,,,,,,,,,,,,,,,
Lierly Fire ,2025-08-23,Kern,139.0,34.995365,-119.044543,8.0,5.0,Summer,Medium,2025-08-23,,34.4,21.1,2.2,0.0,Unknown,High,High,Dry,8.0,5.0,Summer,1.0,,,,,,,,,,,,,,,,,,,,,,,,
Look Fire,2025-08-24,Tulare,11.0,36.536667,-118.909333,8.0,6.0,Summer,Small,2025-08-24,,32.8,21.1,1.7,0.0,Unknown,High,High,Dry,8.0,6.0,Summer,1.0,,,,,,,,,,,,,,,,,,,,,,,,
R-3 Fire,2025-08-24,Lassen,500.0,40.435833,-120.477333,8.0,6.0,Summer,Large,2025-08-24,,32.8,21.1,1.7,0.0,Unknown,High,High,Dry,8.0,6.0,Summer,1.0,,,,,,,,,,,,,,,,,,,,,,,,
Garnet Fire,2025-08-24,Fresno,59844.0,36.86508,-119.027914,8.0,6.0,Summer,Large,2025-08-24,,32.8,21.1,1.7,0.0,Unknown,High,High,Dry,8.0,6.0,Summer,1.0,,,,,,,,,,,,,,,,,,,,,,,,
Sky Fire,2025-08-24,Lake,19.0,38.89991,-122.527007,8.0,6.0,Summer,Small,2025-08-24,,32.8,21.1,1.7,0.0,Unknown,High,High,Dry,8.0,6.0,Summer,1.0,,,,,,,,,,,,,,,,,,,,,,,,
High Fire,2025-08-24,Fresno,36.0,36.964445,-119.343755,8.0,6.0,Summer,Medium,2025-08-24,,32.8,21.1,1.7,0.0,Unknown,High,High,Dry,8.0,6.0,Summer,1.0,,,,,,,,,,,,,,,,,,,,,,,,
Branch 2 Fire,2025-08-24,Fresno,28.0,36.950182,-119.34644,8.0,6.0,Summer,Small,2025-08-24,,32.8,21.1,1.7,0.0,Unknown,High,High,Dry,8.0,6.0,Summer,1.0,,,,,,,,,,,,,,,,,,,,,,,,
R-3 Fire,2025-08-24,Lassen,145.0,40.435833,-120.477333,8.0,6.0,Summer,Medium,2025-08-24,,32.8,21.1,1.7,0.0,Unknown,High,High,Dry,8.0,6.0,Summer,1.0,,,,,,,,,,,,,,,,,,,,,,,,
3-22 Muck Fire,2025-08-25,Lassen,40.0,40.97749,-121.227729,8.0,0.0,Summer,Medium,2025-08-25,,30.0,20.6,1.6,0.0,Unknown,High,High,Dry,8.0,0.0,Summer,1.0,,,,,,,,,,,,,,,,,,,,,,,,
Swift Complex,2025-08-25,Trinity,540.0,40.9044444,-122.8508333,8.0,0.0,Summer,Large,2025-08-25,,30.0,20.6,1.6,0.0,Unknown,High,High,Dry,8.0,0.0,Summer,1.0,,,,,,,,,,,,,,,,,,,,,,,,
Dillon Fire,2025-08-25,Siskiyou,11929.0,41.54121,-123.539009,8.0,0.0,Summer,Large,2025-08-25,,30.0,20.6,1.6,0.0,Unknown,High,High,Dry,8.0,0.0,Summer,1.0,,,,,,,,,,,,,,,,,,,,,,,,
Paskenta Fire,2025-08-25,Tehama,65.0,40.00074,-122.298489,8.0,0.0,Summer,Medium,2025-08-25,,30.0,20.6,1.6,0.0,Unknown,High,High,Dry,8.0,0.0,Summer,1.0,,,,,,,,,,,,,,,,,,,,,,,,
Pomegranate Fire,2025-08-25,Fresno,100.0,36.647094,-120.133591,8.0,0.0,Summer,Medium,2025-08-25,,30.0,20.6,1.6,0.0,Unknown,High,High,Dry,8.0,0.0,Summer,1.0,,,,,,,,,,,,,,,,,,,,,,,,
SKU Late August Lightning Complex,2025-08-25,Siskiyou,107.0,41.0,-122.0,8.0,0.0,Summer,Medium,2025-08-25,,30.0,20.6,1.6,0.0,Unknown,High,High,Dry,8.0,0.0,Summer,1.0,,,,,,,,,,,,,,,,,,,,,,,,
Aberdeen Fire,2025-08-25,Inyo,91.0,36.99955,-118.232528,8.0,0.0,Summer,Medium,2025-08-25,,30.0,20.6,1.6,0.0,Unknown,High,High,Dry,8.0,0.0,Summer,1.0,,,,,,,,,,,,,,,,,,,,,,,,
R-10 Fire,2025-08-25,Lassen,100.0,40.678028,-120.24025,8.0,0.0,Summer,Medium,2025-08-25,,30.0,20.6,1.6,0.0,Unknown,High,High,Dry,8.0,0.0,Summer,1.0,,,,,,,,,,,,,,,,,,,,,,,,
Mesa Fire,2025-08-25,Tuolumne,16.0,37.891253,-120.488153,8.0,0.0,Summer,Small,2025-08-25,,30.0,20.6,1.6,0.0,Unknown,High,High,Dry,8.0,0.0,Summer,1.0,,,,,,,,,,,,,,,,,,,,,,,,
Murphy Fire,2025-08-26,Siskiyou,12.0,41.211359,-123.173767,8.0,1.0,Summer,Small,2025-08-26,,25.0,20.0,2.7,0.0,Unknown,Medium,High,Dry,8.0,1.0,Summer,1.0,,,,,,,,,,,,,,,,,,,,,,,,
Blue Fire,2025-08-26,Siskiyou,3713.0,41.78715,-123.18499,8.0,1.0,Summer,Large,2025-08-26,,25.0,20.0,2.7,0.0,Unknown,Medium,High,Dry,8.0,1.0,Summer,1.0,,,,,,,,,,,,,,,,,,,,,,,,
Franciscan Fire,2025-08-26,Shasta,34.0,40.472116,-122.181166,8.0,1.0,Summer,Small,2025-08-26,,25.0,20.0,2.7,0.0,Unknown,Medium,High,Dry,8.0,1.0,Summer,1.0,,,,,,,,,,,,,,,,,,,,,,,,
Kibbie Fire,2025-08-26,Tuolumne,13.0,38.028263,-119.824371,8.0,1.0,Summer,Small,2025-08-26,,25.0,20.0,2.7,0.0,Unknown,Medium,High,Dry,8.0,1.0,Summer,1.0,,,,,,,,,,,,,,,,,,,,,,,,
Grade Fire,2025-08-26,Siskiyou,10.0,41.217878,-121.590689,8.0,1.0,Summer,Small,2025-08-26,,25.0,20.0,2.7,0.0,Unknown,Medium,High,Dry,8.0,1.0,Summer,1.0,,,,,,,,,,,,,,,,,,,,,,,,
6-3 Fire,2025-08-26,Butte,11.0,39.523797,-121.650849,8.0,1.0,Summer,Small,2025-08-26,,25.0,20.0,2.7,0.0,Unknown,Medium,High,Dry,8.0,1.0,Summer,1.0,,,,,,,,,,,,,,,,,,,,,,,,
3-27 Fire,2025-08-26,Lassen,24.0,41.088854,-121.057196,8.0,1.0,Summer,Small,2025-08-26,,25.0,20.0,2.7,0.0,Unknown,Medium,High,Dry,8.0,1.0,Summer,1.0,,,,,,,,,,,,,,,,,,,,,,,,
Butter Fire,2025-08-26,Kern,48.0,35.464035,-118.147758,8.0,1.0,Summer,Medium,2025-08-26,,25.0,20.0,2.7,0.0,Unknown,Medium,High,Dry,8.0,1.0,Summer,1.0,,,,,,,,,,,,,,,,,,,,,,,,
H-10 Fire,2025-08-26,Shasta,13.0,40.737144,-121.330697,8.0,1.0,Summer,Small,2025-08-26,,25.0,20.0,2.7,0.0,Unknown,Medium,High,Dry,8.0,1.0,Summer,1.0,,,,,,,,,,,,,,,,,,,,,,,,
Parkville Fire,2025-08-27,Shasta,24.0,40.43326,-122.188718,8.0,2.0,Summer,Small,2025-08-27,,30.6,19.4,1.8,0.0,Unknown,High,High,Dry,8.0,2.0,Summer,1.0,,,,,,,,,,,,,,,,,,,,,,,,
5-4 Fire,2025-08-27,Shasta,41.0,40.782379,-122.639809,8.0,2.0,Summer,Medium,2025-08-27,,30.6,19.4,1.8,0.0,Unknown,High,High,Dry,8.0,2.0,Summer,1.0,,,,,,,,,,,,,,,,,,,,,,,,
Lake Fire,2025-08-27,Modoc,401.0,41.86292,-121.22717,8.0,2.0,Summer,Large,2025-08-27,,30.6,19.4,1.8,0.0,Unknown,High,High,Dry,8.0,2.0,Summer,1.0,,,,,,,,,,,,,,,,,,,,,,,,
South Constantia Fire,2025-08-29,Lassen,15.0,39.941076,-120.004618,8.0,4.0,Summer,Small,2025-08-29,,32.2,20.6,1.7,0.0,Unknown,High,High,Dry,8.0,4.0,Summer,1.0,,,,,,,,,,,,,,,,,,,,,,,,
Peter Fire,2025-08-29,Lake,47.0,38.919426,-122.876633,8.0,4.0,Summer,Medium,2025-08-29,,32.2,20.6,1.7,0.0,Unknown,High,High,Dry,8.0,4.0,Summer,1.0,,,,,,,,,,,,,,,,,,,,,,,,
Grant Fire,2025-08-29,Alameda,13.0,37.740292,-121.585802,8.0,4.0,Summer,Small,2025-08-29,,32.2,20.6,1.7,0.0,Unknown,High,High,Dry,8.0,4.0,Summer,1.0,,,,,,,,,,,,,,,,,,,,,,,,
Scott Fire,2025-08-29,Lake,19.0,39.043833,-122.972167,8.0,4.0,Summer,Small,2025-08-29,,32.2,20.6,1.7,0.0,Unknown,High,High,Dry,8.0,4.0,Summer,1.0,,,,,,,,,,,,,,,,,,,,,,,,
Tombstone Fire,2025-08-30,Fresno,49.0,36.901167,-118.817167,8.0,5.0,Summer,Medium,2025-08-30,,31.1,20.6,2.3,0.0,Unknown,High,High,Dry,8.0,5.0,Summer,1.0,,,,,,,,,,,,,,,,,,,,,,,,
Coach Fire,2025-08-30,Monterey,13.0,36.805649,-121.561084,8.0,5.0,Summer,Small,2025-08-30,,31.1,20.6,2.3,0.0,Unknown,High,High,Dry,8.0,5.0,Summer,1.0,,,,,,,,,,,,,,,,,,,,,,,,
Edgewood Fire,2025-08-30,San Mateo,10.0,37.443956,-122.265569,8.0,5.0,Summer,Small,2025-08-30,,31.1,20.6,2.3,0.0,Unknown,High,High,Dry,8.0,5.0,Summer,1.0,,,,,,,,,,,,,,,,,,,,,,,,
Fuel Fire,2025-09-01,Fresno,10.0,37.044697,-119.472565,9.0,0.0,Fall,Small,2025-09-01,,32.2,20.6,1.3,0.0,Unknown,High,High,Dry,9.0,0.0,Summer,1.0,,,,,,,,,,,,,,,,,,,,,,,,
Salt Fire,2025-09-01,"Fresno, Monterey",25579.0,36.011656,-120.36348,9.0,0.0,Fall,Large,2025-09-01,,32.2,20.6,1.3,0.0,Unknown,High,High,Dry,9.0,0.0,Summer,1.0,,,,,,,,,,,,,,,,,,,,,,,,
Root Fire,2025-09-01,Shasta,729.0,41.159093,-122.397152,9.0,0.0,Fall,Large,2025-09-01,,32.2,20.6,1.3,0.0,Unknown,High,High,Dry,9.0,0.0,Summer,1.0,,,,,,,,,,,,,,,,,,,,,,,,
Ellie Fire,2025-09-01,Los Angeles,16.0,34.545175,-119.106092,9.0,0.0,Fall,Small,2025-09-01,,32.2,20.6,1.3,0.0,Unknown,High,High,Dry,9.0,0.0,Summer,1.0,,,,,,,,,,,,,,,,,,,,,,,,
Tracy Fire,2025-09-01,Shasta,18.0,40.40398,-122.31726,9.0,0.0,Fall,Small,2025-09-01,,32.2,20.6,1.3,0.0,Unknown,High,High,Dry,9.0,0.0,Summer,1.0,,,,,,,,,,,,,,,,,,,,,,,,
Log Fire,2025-09-01,Siskiyou,1170.0,41.41726,-123.2668,9.0,0.0,Fall,Large,2025-09-01,,32.2,20.6,1.3,0.0,Unknown,High,High,Dry,9.0,0.0,Summer,1.0,,,,,,,,,,,,,,,,,,,,,,,,
Springs Fire,2025-09-01,Tehama,32.0,40.4017003,-121.8143349,9.0,0.0,Fall,Small,2025-09-01,,32.2,20.6,1.3,0.0,Unknown,High,High,Dry,9.0,0.0,Summer,1.0,,,,,,,,,,,,,,,,,,,,,,,,
Valley Fire,2025-09-01,El Dorado,16.0,38.72489,-121.032,9.0,0.0,Fall,Small,2025-09-01,,32.2,20.6,1.3,0.0,Unknown,High,High,Dry,9.0,0.0,Summer,1.0,,,,,,,,,,,,,,,,,,,,,,,,
S-14 Fire,2025-09-01,Modoc,50.0,41.317155,-120.115829,9.0,0.0,Fall,Medium,2025-09-01,,32.2,20.6,1.3,0.0,Unknown,High,High,Dry,9.0,0.0,Summer,1.0,,,,,,,,,,,,,,,,,,,,,,,,
Palo Fire,2025-09-01,Alameda,10.0,37.689612,-122.020693,9.0,0.0,Fall,Small,2025-09-01,,32.2,20.6,1.3,0.0,Unknown,High,High,Dry,9.0,0.0,Summer,1.0,,,,,,,,,,,,,,,,,,,,,,,,
Rock Fire,2025-09-02,Sacramento,143.0,38.621374,-121.113812,9.0,1.0,Fall,Medium,2025-09-02,,36.1,20.6,1.6,0.0,Unknown,High,High,Dry,9.0,1.0,Summer,1.0,,,,,,,,,,,,,,,,,,,,,,,,
F22 Fire,2025-09-02,Fresno,10.0,35.944667,-120.349833,9.0,1.0,Fall,Small,2025-09-02,,36.1,20.6,1.6,0.0,Unknown,High,High,Dry,9.0,1.0,Summer,1.0,,,,,,,,,,,,,,,,,,,,,,,,
Marmon Fire,2025-09-02,Fresno,1034.0,36.24125,-120.102889,9.0,1.0,Fall,Large,2025-09-02,,36.1,20.6,1.6,0.0,Unknown,High,High,Dry,9.0,1.0,Summer,1.0,,,,,,,,,,,,,,,,,,,,,,,,
Granite Fire,2025-09-02,Butte,19.0,39.890933,-121.451769,9.0,1.0,Fall,Small,2025-09-02,,36.1,20.6,1.6,0.0,Unknown,High,High,Dry,9.0,1.0,Summer,1.0,,,,,,,,,,,,,,,,,,,,,,,,
Porter Fire,2025-09-02,Placer,10.0,39.013895,-121.340233,9.0,1.0,Fall,Small,2025-09-02,,36.1,20.6,1.6,0.0,Unknown,High,High,Dry,9.0,1.0,Summer,1.0,,,,,,,,,,,,,,,,,,,,,,,,
Paladino Fire,2025-09-02,Kern,461.0,35.417279,-118.927674,9.0,1.0,Fall,Large,2025-09-02,,36.1,20.6,1.6,0.0,Unknown,High,High,Dry,9.0,1.0,Summer,1.0,,,,,,,,,,,,,,,,,,,,,,,,
6-5 Fire,2025-09-02,Tuolumne,7037.0,37.819667,-120.437333,9.0,1.0,Fall,Large,2025-09-02,,36.1,20.6,1.6,0.0,Unknown,High,High,Dry,9.0,1.0,Summer,1.0,,,,,,,,,,,,,,,,,,,,,,,,
Forebay Fire,2025-09-02,Butte,36.0,39.524747,-121.612192,9.0,1.0,Fall,Medium,2025-09-02,,36.1,20.6,1.6,0.0,High,High,High,Dry,9.0,1.0,Summer,0.95,,,,,,,,,,,,,,,,,,,,,,,,
1-3 Fire,2025-09-02,Mariposa,250.0,37.262108,-120.007439,9.0,1.0,Fall,Large,2025-09-02,,36.1,20.6,1.6,0.0,Unknown,High,High,Dry,9.0,1.0,Summer,1.0,,,,,,,,,,,,,,,,,,,,,,,,
1-4 Fire,2025-09-02,Mariposa,4451.0,37.255225,-120.067334,9.0,1.0,Fall,Large,2025-09-02,,36.1,20.6,1.6,0.0,Unknown,High,High,Dry,9.0,1.0,Summer,1.0,,,,,,,,,,,,,,,,,,,,,,,,
Copper Fire,2025-09-02,Amador,11.0,38.484002,-121.007605,9.0,1.0,Fall,Small,2025-09-02,,36.1,20.6,1.6,0.0,Unknown,High,High,Dry,9.0,1.0,Summer,1.0,,,,,,,,,,,,,,,,,,,,,,,,
Park Fire,2025-09-02,Monterey,25.0,35.945333,-120.3755,9.0,1.0,Fall,Small,2025-09-02,,36.1,20.6,1.6,0.0,Medium,Medium,Medium,Normal,9.0,1.0,Summer,0.5,,,,,,,,,,,,,,,,,,,,,,,,
TCU September Lightning Complex ,2025-09-02,"Calaveras, San Joaquin, Stanislaus, Tuolumne",13869.0,37.998587,-120.475152,9.0,1.0,Fall,Large,2025-09-02,,36.1,20.6,1.6,0.0,Unknown,High,High,Dry,9.0,1.0,Summer,1.0,,,,,,,,,,,,,,,,,,,,,,,,
6-2 Fire,2025-09-02,Tuolumne,1025.0,37.77721,-120.38529,9.0,1.0,Fall,Large,2025-09-02,,36.1,20.6,1.6,0.0,Unknown,High,High,Dry,9.0,1.0,Summer,1.0,,,,,,,,,,,,,,,,,,,,,,,,
4-1 Fire,2025-09-02,Sacramento,8.0,38.438081,-121.048558,9.0,1.0,Fall,Small,2025-09-02,,36.1,20.6,1.6,0.0,Unknown,High,High,Dry,9.0,1.0,Summer,1.0,,,,,,,,,,,,,,,,,,,,,,,,
Moraga Fire,2025-09-02,Merced,315.0,37.079208,-120.962011,9.0,1.0,Fall,Large,2025-09-02,,36.1,20.6,1.6,0.0,Unknown,High,High,Dry,9.0,1.0,Summer,1.0,,,,,,,,,,,,,,,,,,,,,,,,
Hornitos 1-2 Fire,2025-09-02,Mariposa,390.0,37.529667,-120.256117,9.0,1.0,Fall,Large,2025-09-02,,36.1,20.6,1.6,0.0,Unknown,High,High,Dry,9.0,1.0,Summer,1.0,,,,,,,,,,,,,,,,,,,,,,,,
Brown Fire,2025-09-02,Sacramento,60.0,38.464121,-121.043423,9.0,1.0,Fall,Medium,2025-09-02,,36.1,20.6,1.6,0.0,Unknown,High,High,Dry,9.0,1.0,Summer,1.0,,,,,,,,,,,,,,,,,,,,,,,,
Michigan Fire,2025-09-02,Amador,33.0,38.379304,-120.986172,9.0,1.0,Fall,Small,2025-09-02,,36.1,20.6,1.6,0.0,Unknown,High,High,Dry,9.0,1.0,Summer,1.0,,,,,,,,,,,,,,,,,,,,,,,,
Canal Fire,2025-09-02,Madera,272.0,37.119648,-120.074557,9.0,1.0,Fall,Large,2025-09-02,,36.1,20.6,1.6,0.0,Unknown,High,High,Dry,9.0,1.0,Summer,1.0,,,,,,,,,,,,,,,,,,,,,,,,
Sierra Fire,2025-09-02,Placer,44.0,38.862604,-121.21753,9.0,1.0,Fall,Medium,2025-09-02,,36.1,20.6,1.6,0.0,Unknown,High,High,Dry,9.0,1.0,Summer,1.0,,,,,,,,,,,,,,,,,,,,,,,,
18-1 Fire,2025-09-02,Merced,463.0,37.250521,-120.197971,9.0,1.0,Fall,Large,2025-09-02,,36.1,20.6,1.6,0.0,Unknown,High,High,Dry,9.0,1.0,Summer,1.0,,,,,,,,,,,,,,,,,,,,,,,,
Cedar Fire,2025-09-02,Trinity,104.0,40.406746,-123.231979,9.0,1.0,Fall,Medium,2025-09-02,,36.1,20.6,1.6,0.0,Unknown,High,High,Dry,9.0,1.0,Summer,1.0,,,,,,,,,,,,,,,,,,,,,,,,
Orange Fire,2025-09-02,Tehama,10.0,39.960829,-122.164789,9.0,1.0,Fall,Small,2025-09-02,,36.1,20.6,1.6,0.0,Unknown,High,High,Dry,9.0,1.0,Summer,1.0,,,,,,,,,,,,,,,,,,,,,,,,
16-4 Fire,2025-09-03,Yuba,10.0,39.342777,-121.350555,9.0,2.0,Fall,Small,2025-09-03,,33.9,21.1,1.7,0.0,Unknown,High,High,Dry,9.0,2.0,Summer,1.0,,,,,,,,,,,,,,,,,,,,,,,,
Myers Fire,2025-09-03,Riverside,90.0,33.753799,-117.024162,9.0,2.0,Fall,Medium,2025-09-03,,33.9,21.1,1.7,0.0,Unknown,High,High,Dry,9.0,2.0,Summer,1.0,,,,,,,,,,,,,,,,,,,,,,,,
Rd 29 / Ave 16.25 Fire,2025-09-03,Madera,151.0,36.985276,-120.019506,9.0,2.0,Fall,Medium,2025-09-03,,33.9,21.1,1.7,0.0,Medium,Medium,Medium,Normal,9.0,2.0,Summer,0.5,,,,,,,,,,,,,,,,,,,,,,,,
Billy Fire,2025-09-04,Merced,24.0,37.020145,-120.99063,9.0,3.0,Fall,Small,2025-09-04,,28.9,20.0,2.5,0.0,Unknown,High,High,Dry,9.0,3.0,Summer,1.0,,,,,,,,,,,,,,,,,,,,,,,,
Walnut Fire,2025-09-05,San Luis Obispo,14.0,35.233355,-120.754223,9.0,4.0,Fall,Small,2025-09-05,,27.2,19.4,2.1,0.0,Unknown,High,High,Dry,9.0,4.0,Summer,1.0,,,,,,,,,,,,,,,,,,,,,,,,
Lodge Fire,2025-09-05,San Diego,75.0,32.7256,-116.95884,9.0,4.0,Fall,Medium,2025-09-05,,27.2,19.4,2.1,0.0,Unknown,High,High,Dry,9.0,4.0,Summer,1.0,,,,,,,,,,,,,,,,,,,,,,,,
Pyrite Fire,2025-09-05,Riverside,450.0,34.017805,-117.462368,9.0,4.0,Fall,Large,2025-09-05,,27.2,19.4,2.1,0.0,Unknown,High,High,Dry,9.0,4.0,Summer,1.0,,,,,,,,,,,,,,,,,,,,,,,,
Springs Fire,2025-09-05,San Bernardino,33.0,34.361588,-117.16674,9.0,4.0,Fall,Small,2025-09-05,,27.2,19.4,2.1,0.0,Unknown,High,High,Dry,9.0,4.0,Summer,1.0,,,,,,,,,,,,,,,,,,,,,,,,
Coches 2 Fire,2025-09-08,San Diego,5.0,32.832348,-116.905491,9.0,0.0,Fall,Small,2025-09-08,,26.7,20.0,2.4,0.0,Unknown,High,High,Dry,9.0,0.0,Summer,1.0,,,,,,,,,,,,,,,,,,,,,,,,
Fantasy Fire,2025-09-08,Tulare,16.0,36.056176,-118.930008,9.0,0.0,Fall,Small,2025-09-08,,26.7,20.0,2.4,0.0,Unknown,High,High,Dry,9.0,0.0,Summer,1.0,,,,,,,,,,,,,,,,,,,,,,,,
Lake Fire,2025-09-08,Lassen,21.0,40.375587,-120.48818,9.0,0.0,Fall,Small,2025-09-08,,26.7,20.0,2.4,0.0,Unknown,High,High,Dry,9.0,0.0,Summer,1.0,,,,,,,,,,,,,,,,,,,,,,,,
Sycamore Fire,2025-09-08,Riverside,16.0,33.594925,-116.940637,9.0,0.0,Fall,Small,2025-09-08,,26.7,20.0,2.4,0.0,Unknown,High,High,Dry,9.0,0.0,Summer,1.0,,,,,,,,,,,,,,,,,,,,,,,,
Tornado Fire,2025-09-10,Riverside,12.0,33.473554,-117.170723,9.0,2.0,Fall,Small,2025-09-10,,25.0,19.4,2.9,0.0,Unknown,Medium,High,Dry,9.0,2.0,Summer,1.0,,,,,,,,,,,,,,,,,,,,,,,,
Boggs Fire,2025-09-10,Tehama,88.0,39.962679,-122.398034,9.0,2.0,Fall,Medium,2025-09-10,,25.0,19.4,2.9,0.0,Unknown,Medium,High,Dry,9.0,2.0,Summer,1.0,,,,,,,,,,,,,,,,,,,,,,,,
Buell Fire,2025-09-10,Shasta,13.0,40.474673,-122.619388,9.0,2.0,Fall,Small,2025-09-10,,25.0,19.4,2.9,0.0,High,High,High,Dry,9.0,2.0,Summer,0.95,,,,,,,,,,,,,,,,,,,,,,,,
Elephant Fire,2025-09-11,Tulare,10.0,35.99553,-118.48688,9.0,3.0,Fall,Small,2025-09-11,,25.0,18.9,2.1,0.0,Unknown,Medium,High,Dry,9.0,3.0,Summer,1.0,,,,,,,,,,,,,,,,,,,,,,,,
Pass Fire,2025-09-17,Tulare,26.0,36.20052,-118.181595,9.0,2.0,Fall,Small,2025-09-17,,30.0,21.7,2.1,0.0,Unknown,High,High,Dry,9.0,2.0,Summer,1.0,,,,,,,,,,,,,,,,,,,,,,,,
East Fire,2025-09-17,Merced,36.0,37.491158,-120.612219,9.0,2.0,Fall,Medium,2025-09-17,,30.0,21.7,2.1,0.0,Unknown,High,High,Dry,9.0,2.0,Summer,1.0,,,,,,,,,,,,,,,,,,,,,,,,
Solar Fire,2025-09-19,Fresno,418.0,36.61751,-120.333854,9.0,4.0,Fall,Large,2025-09-19,,30.0,20.6,1.5,0.0,Unknown,High,High,Dry,9.0,4.0,Summer,1.0,,,,,,,,,,,,,,,,,,,,,,,,
Pippo Fire,2025-09-20,Solano,12.0,38.416028,-122.003395,9.0,5.0,Fall,Small,2025-09-20,,26.7,19.4,2.0,0.0,Unknown,High,High,Dry,9.0,5.0,Summer,1.0,,,,,,,,,,,,,,,,,,,,,,,,
Uphill Fire,2025-09-22,El Dorado,22.0,38.827689,-120.998424,9.0,0.0,Fall,Small,2025-09-22,,27.8,18.3,1.8,0.0,Unknown,High,High,Dry,9.0,0.0,Summer,1.0,,,,,,,,,,,,,,,,,,,,,,,,
Paloma Fire,2025-09-30,Mariposa,86.0,37.482008,-120.272427,9.0,1.0,Fall,Medium,2025-09-30,,25.6,17.2,1.1,0.0,Unknown,Medium,High,Dry,9.0,1.0,Summer,1.0,,,,,,,,,,,,,,,,,,,,,,,,
Muck Fire,2025-10-06,Lassen,18.0,40.986657,-121.264818,10.0,0.0,Fall,Small,2025-10-06,,22.8,16.7,1.7,0.0,Unknown,Medium,Medium,Dry,10.0,0.0,Summer,1.0,,,,,,,,,,,,,,,,,,,,,,,,
School Fire,2025-10-07,San Mateo,24.0,37.320463,-122.366039,10.0,1.0,Fall,Small,2025-10-07,,25.0,15.6,1.0,0.0,Unknown,Medium,Medium,Dry,10.0,1.0,Summer,1.0,,,,,,,,,,,,,,,,,,,,,,,,
Sandia Fire,2025-10-07,San Diego,24.0,33.444583,-117.264357,10.0,1.0,Fall,Small,2025-10-07,,25.0,15.6,1.0,0.0,Unknown,Medium,Medium,Dry,10.0,1.0,Summer,1.0,,,,,,,,,,,,,,,,,,,,,,,,
Nichols Fire,2025-10-07,Nevada,12.0,39.101047,-121.251881,10.0,1.0,Fall,Small,2025-10-07,,25.0,15.6,1.0,0.0,Unknown,Medium,Medium,Dry,10.0,1.0,Summer,1.0,,,,,,,,,,,,,,,,,,,,,,,,
Rancho 3 Fire,2025-10-09,San Diego,105.0,33.0751624,-116.769802,10.0,3.0,Fall,Medium,2025-10-09,,23.9,16.1,1.4,0.0,Unknown,Medium,Medium,Dry,10.0,3.0,Summer,1.0,,,,,,,,,,,,,,,,,,,,,,,,
Dart Fire,2025-10-11,Tulare,13.0,36.066607,-118.966173,10.0,5.0,Fall,Small,2025-10-11,,23.3,17.2,2.0,0.0,Unknown,Medium,High,Dry,10.0,5.0,Summer,1.0,,,,,,,,,,,,,,,,,,,,,,,,
Rock Fire,2025-10-11,Lake,39.0,38.885668,-122.44521,10.0,5.0,Fall,Medium,2025-10-11,,23.3,17.2,2.0,0.0,Unknown,Medium,High,Dry,10.0,5.0,Summer,1.0,,,,,,,,,,,,,,,,,,,,,,,,
Black Rock Fire,2025-10-12,San Bernardino,72.0,34.063714,-116.393457,10.0,6.0,Fall,Medium,2025-10-12,,23.9,15.0,1.9,0.0,Unknown,Medium,Medium,Dry,10.0,6.0,Summer,1.0,,,,,,,,,,,,,,,,,,,,,,,,
Parkmead Fire,2025-10-18,Riverside,19.0,33.861292,-116.561245,10.0,5.0,Fall,Small,2025-10-18,,31.1,12.8,1.0,0.0,Unknown,High,Medium,Dry,10.0,5.0,Summer,1.0,,,,,,,,,,,,,,,,,,,,,,,,
Grove Fire,2025-10-21,Mariposa,19.0,37.357481,-119.870253,10.0,1.0,Fall,Small,2025-10-21,,25.6,15.0,1.4,0.0,Unknown,Medium,Medium,Dry,10.0,1.0,Summer,1.0,,,,,,,,,,,,,,,,,,,,,,,,
Slope Fire,2025-10-22,Tulare,8.0,35.909937,-118.765302,10.0,2.0,Fall,Small,2025-10-22,,21.7,16.1,1.9,0.0,Low,Low,Low,Wet,10.0,2.0,Summer,0.05,,,,,,,,,,,,,,,,,,,,,,,,
Gyle Fire,2025-10-27,Tehama,19.0,40.001361,-122.275786,10.0,0.0,Fall,Small,2025-10-27,,23.9,15.6,1.2,0.0,Unknown,Medium,Medium,Dry,10.0,0.0,Summer,1.0,,,,,,,,,,,,,,,,,,,,,,,,
Sage Fire,2025-10-27,Mono,260.0,37.4864,-118.4867,10.0,0.0,Fall,Large,2025-10-27,,23.9,15.6,1.2,0.0,Unknown,Medium,Medium,Dry,10.0,0.0,Summer,1.0,,,,,,,,,,,,,,,,,,,,,,,,
Scissors Fire,2025-11-02,San Diego,68.0,33.100441,-116.478846,11.0,6.0,Fall,Medium,2025-11-02,,21.1,16.1,1.8,0.0,Unknown,Low,Medium,Dry,11.0,6.0,Summer,1.0,,,,,,,,,,,,,,,,,,,,,,,,
Gianelli Fire,2025-11-02,Tuolumne,372.0,38.077702,-120.196545,11.0,6.0,Fall,Large,2025-11-02,,21.1,16.1,1.8,0.0,Unknown,Low,Medium,Dry,11.0,6.0,Summer,1.0,,,,,,,,,,,,,,,,,,,,,,,,
Border 18 Fire,2025-11-08,San Diego,62.0,32.594887,-116.761976,11.0,5.0,Fall,Medium,2025-11-08,,23.3,16.1,0.9,0.0,Unknown,Medium,Medium,Dry,11.0,5.0,Summer,1.0,,,,,,,,,,,,,,,,,,,,,,,,
East Fork Fire,2026-01-27,Siskiyou,11.0,41.362804,-122.67011,1.0,1.0,Winter,Small,2026-01-27,,23.9,5.0,0.7,0.0,Unknown,Medium,Low,Dry,1.0,1.0,Summer,1.0,,,,,,,,,,,,,,,,,,,,,,,,
Hunter Fire,2026-03-22,Mariposa,21.0,37.616619,-120.230337,3.0,6.0,Spring,Small,2026-03-22,,22.2,14.4,2.1,0.0,Unknown,Medium,Medium,Dry,3.0,6.0,Summer,1.0,,,,,,,,,,,,,,,,,,,,,,,,
Oso Fire,2026-03-24,Stanislaus,15.0,37.448285,-121.282906,3.0,1.0,Spring,Small,2026-03-24,,25.0,16.7,1.5,0.0,Medium,Medium,Medium,Normal,3.0,1.0,Summer,0.5,,,,,,,,,,,,,,,,,,,,,,,,
Deer Fire,2026-03-24,Siskiyou,23.0,41.554617,-122.1167,3.0,1.0,Spring,Small,2026-03-24,,25.0,16.7,1.5,0.0,Unknown,Medium,Medium,Dry,3.0,1.0,Summer,1.0,,,,,,,,,,,,,,,,,,,,,,,,
Derrick Fire,2026-03-24,Fresno,24.0,36.603111,-120.347595,3.0,1.0,Spring,Small,2026-03-24,,25.0,16.7,1.5,0.0,Unknown,Medium,Medium,Dry,3.0,1.0,Summer,1.0,,,,,,,,,,,,,,,,,,,,,,,,
Almond Fire,2026-03-24,Riverside,22.0,33.914311,-116.773828,3.0,1.0,Spring,Small,2026-03-24,,25.0,16.7,1.5,0.0,Unknown,Medium,Medium,Dry,3.0,1.0,Summer,1.0,,,,,,,,,,,,,,,,,,,,,,,,
Paramount Fire,2026-03-25,Kings,1280.0,35.823,-119.882,3.0,2.0,Spring,Large,2026-03-25,,26.7,15.6,1.6,0.0,Unknown,High,Medium,Dry,3.0,2.0,Summer,1.0,,,,,,,,,,,,,,,,,,,,,,,,
Sheep Springs Fire,2026-03-27,Kern,170.0,35.4939,-117.776,3.0,4.0,Spring,Large,2026-03-27,,26.7,15.6,1.6,0.0,Unknown,High,Medium,Dry,3.0,4.0,Summer,1.0,,,,,,,,,,,,,,,,,,,,,,,,
Sunny Fire,2026-03-28,Napa,12.0,38.537939,-122.467775,3.0,5.0,Spring,Small,2026-03-28,,25.6,15.0,1.3,0.0,High,High,High,Dry,3.0,5.0,Summer,0.95,,,,,,,,,,,,,,,,,,,,,,,,
Well Fire,2026-04-02,Fresno,45.0,36.229742,-120.313486,4.0,3.0,Spring,Medium,2026-04-02,,21.7,15.0,2.1,0.0,Medium,Medium,Medium,Normal,4.0,3.0,Summer,0.5,,,,,,,,,,,,,,,,,,,,,,,,
Springs Fire,2026-04-03,Riverside,4176.0,33.914308,-117.094579,4.0,4.0,Spring,Large,2026-04-03,,28.9,13.9,2.1,0.0,Unknown,High,Medium,Dry,4.0,4.0,Summer,1.0,,,,,,,,,,,,,,,,,,,,,,,,
Crown Fire,2026-04-03,Los Angeles,385.0,34.465928,-118.196999,4.0,4.0,Spring,Large,2026-04-03,,28.9,13.9,2.1,0.0,Unknown,High,Medium,Dry,4.0,4.0,Summer,1.0,,,,,,,,,,,,,,,,,,,,,,,,
Swiss Fire,2026-04-07,Calaveras,29.0,38.306181,-120.405261,4.0,1.0,Spring,Small,2026-04-07,,22.8,14.4,2.2,0.0,Unknown,Medium,Medium,Dry,4.0,1.0,Summer,1.0,,,,,,,,,,,,,,,,,,,,,,,,
Rider Fire,2026-04-10,Riverside,30.0,33.83131,-117.27363,4.0,4.0,Spring,Small,2026-04-10,,23.3,16.7,2.1,0.0,Unknown,Medium,Medium,Dry,4.0,4.0,Summer,1.0,,,,,,,,,,,,,,,,,,,,,,,,
19th Fire,2026-04-14,Kings,325.0,36.20001,-119.79721,4.0,1.0,Spring,Large,2026-04-14,,21.1,12.8,2.1,0.0,Unknown,Low,Medium,Dry,4.0,1.0,Summer,1.0,,,,,,,,,,,,,,,,,,,,,,,,
Yearling Fire,2026-04-15,Riverside,36.0,33.980189,-117.472118,4.0,2.0,Spring,Medium,2026-04-15,,23.9,11.1,1.7,0.0,Unknown,Medium,Low,Dry,4.0,2.0,Summer,1.0,,,,,,,,,,,,,,,,,,,,,,,,
Ember Fire ,2026-04-16,Los Angeles,428.0,34.7041,-117.9543,4.0,3.0,Spring,Large,2026-04-15,,23.9,11.1,1.7,0.0,Unknown,Medium,Low,Dry,4.0,2.0,Summer,1.0,,,,,,,,,,,,,,,,,,,,,,,,
Iona Fire ,2026-04-16,Los Angeles,92.0,34.72345,-118.23457,4.0,3.0,Spring,Medium,2026-04-15,,23.9,11.1,1.7,0.0,Unknown,Medium,Low,Dry,4.0,2.0,Summer,1.0,,,,,,,,,,,,,,,,,,,,,,,,
Keaton Fire,2026-04-16,Merced,10.0,37.313499,-120.915156,4.0,3.0,Spring,Small,2026-04-15,,23.9,11.1,1.7,0.0,Low,Low,Low,Wet,4.0,2.0,Summer,0.05,,,,,,,,,,,,,,,,,,,,,,,,
Snake Fire,2026-04-17,Kern,20.0,34.878679,-118.240713,4.0,4.0,Spring,Small,2026-04-15,,23.9,11.1,1.7,0.0,Unknown,Medium,Low,Dry,4.0,2.0,Summer,1.0,,,,,,,,,,,,,,,,,,,,,,,,
Palomar Fire,2026-04-17,Riverside,11.0,33.610407,-117.283536,4.0,4.0,Spring,Small,2026-04-15,,23.9,11.1,1.7,0.0,Unknown,Medium,Low,Dry,4.0,2.0,Summer,1.0,,,,,,,,,,,,,,,,,,,,,,,,
Vista Fire,2026-04-17,Riverside,183.0,33.7288,-117.3217,4.0,4.0,Spring,Large,2026-04-15,,23.9,11.1,1.7,0.0,Unknown,Medium,Low,Dry,4.0,2.0,Summer,1.0,,,,,,,,,,,,,,,,,,,,,,,,
,,,,,,,,,,,,,,,,,,,,,,Summer,,No Fire,2026-04-01,Sutter,0.0,39.0214,-121.6739,,,,,2026-04-01,18.0,22.0,14.0,2.5,0.0,Medium,High,Medium,Dry,4.0,3.0,Spring,0.0
No Fire,2026-04-01,San Francisco,0.0,,,,,,,2026-04-01,,,,,,Low,Low,Low,Wet,,,Summer,0.0,,,,,,,,,,,,,,,,,,,,,,,,
No Fire,2026-04-02,San Francisco,0.0,,,,,,,2026-04-02,,,,,,Medium,Medium,Medium,Normal,,,Summer,0.0,,,,,,,,,,,,,,,,,,,,,,,,
No Fire,2026-04-03,San Francisco,0.0,,,,,,,2026-04-03,,,,,,High,High,High,Dry,,,Summer,0.0,,,,,,,,,,,,,,,,,,,,,,,,
No Fire,2026-04-04,San Francisco,0.0,,,,,,,2026-04-04,,,,,,Medium,High,Low,Dry,,,Summer,0.0,,,,,,,,,,,,,,,,,,,,,,,,
No Fire,2026-04-01,Sutter,0.0,,,,,,,2026-04-01,,,,,,Low,Low,Low,Wet,,,Summer,0.0,,,,,,,,,,,,,,,,,,,,,,,,
No Fire,2026-04-02,Sutter,0.0,,,,,,,2026-04-02,,,,,,Medium,Medium,Medium,Normal,,,Summer,0.0,,,,,,,,,,,,,,,,,,,,,,,,
No Fire,2026-04-03,Sutter,0.0,,,,,,,2026-04-03,,,,,,High,High,High,Dry,,,Summer,0.0,,,,,,,,,,,,,,,,,,,,,,,,
No Fire,2026-04-04,Sutter,0.0,,,,,,,2026-04-04,,,,,,Medium,High,Low,Dry,,,Summer,0.0,,,,,,,,,,,,,,,,,,,,,,,,
No Fire,2026-04-01,Alpine,0.0,,,,,,,2026-04-01,,,,,,Low,Low,Low,Wet,,,Summer,0.0,,,,,,,,,,,,,,,,,,,,,,,,
No Fire,2026-04-02,Alpine,0.0,,,,,,,2026-04-02,,,,,,Medium,Medium,Medium,Normal,,,Summer,0.0,,,,,,,,,,,,,,,,,,,,,,,,
No Fire,2026-04-03,Alpine,0.0,,,,,,,2026-04-03,,,,,,High,High,High,Dry,,,Summer,0.0,,,,,,,,,,,,,,,,,,,,,,,,
No Fire,2026-04-04,Alpine,0.0,,,,,,,2026-04-04,,,,,,Medium,High,Low,Dry,,,Summer,0.0,,,,,,,,,,,,,,,,,,,,,,,,
No Fire,2026-04-01,Mono,0.0,,,,,,,2026-04-01,,,,,,Low,Low,Low,Wet,,,Summer,0.0,,,,,,,,,,,,,,,,,,,,,,,,
No Fire,2026-04-02,Mono,0.0,,,,,,,2026-04-02,,,,,,Medium,Medium,Medium,Normal,,,Summer,0.0,,,,,,,,,,,,,,,,,,,,,,,,
No Fire,2026-04-03,Mono,0.0,,,,,,,2026-04-03,,,,,,High,High,High,Dry,,,Summer,0.0,,,,,,,,,,,,,,,,,,,,,,,,
No Fire,2026-04-04,Mono,0.0,,,,,,,2026-04-04,,,,,,Medium,High,Low,Dry,,,Summer,0.0,,,,,,,,,,,,,,,,,,,,,,,,
No Fire,2026-04-01,Lake,0.0,,,,,,,2026-04-01,,,,,,Low,Low,Low,Wet,,,Summer,0.0,,,,,,,,,,,,,,,,,,,,,,,,
No Fire,2026-04-02,Lake,0.0,,,,,,,2026-04-02,,,,,,Medium,Medium,Medium,Normal,,,Summer,0.0,,,,,,,,,,,,,,,,,,,,,,,,
No Fire,2026-04-03,Lake,0.0,,,,,,,2026-04-03,,,,,,High,High,High,Dry,,,Summer,0.0,,,,,,,,,,,,,,,,,,,,,,,,
No Fire,2026-04-04,Lake,0.0,,,,,,,2026-04-04,,,,,,Medium,High,Low,Dry,,,Summer,0.0,,,,,,,,,,,,,,,,,,,,,,,,
No Fire,2026-04-01,Yolo,0.0,,,,,,,2026-04-01,,,,,,Low,Low,Low,Wet,,,Summer,0.0,,,,,,,,,,,,,,,,,,,,,,,,
No Fire,2026-04-02,Yolo,0.0,,,,,,,2026-04-02,,,,,,Medium,Medium,Medium,Normal,,,Summer,0.0,,,,,,,,,,,,,,,,,,,,,,,,
No Fire,2026-04-03,Yolo,0.0,,,,,,,2026-04-03,,,,,,High,High,High,Dry,,,Summer,0.0,,,,,,,,,,,,,,,,,,,,,,,,
No Fire,2026-04-04,Yolo,0.0,,,,,,,2026-04-04,,,,,,Medium,High,Low,Dry,,,Summer,0.0,,,,,,,,,,,,,,,,,,,,,,,,
No Fire,2026-04-01,Kings,0.0,,,,,,,2026-04-01,,,,,,Low,Low,Low,Wet,,,Summer,0.0,,,,,,,,,,,,,,,,,,,,,,,,
No Fire,2026-04-02,Kings,0.0,,,,,,,2026-04-02,,,,,,Medium,Medium,Medium,Normal,,,Summer,0.0,,,,,,,,,,,,,,,,,,,,,,,,
No Fire,2026-04-03,Kings,0.0,,,,,,,2026-04-03,,,,,,High,High,High,Dry,,,Summer,0.0,,,,,,,,,,,,,,,,,,,,,,,,
No Fire,2026-04-04,Kings,0.0,,,,,,,2026-04-04,,,,,,Low,Low,Low,Wet,,,Summer,0.05,,,,,,,,,,,,,,,,,,,,,,,,
No Fire,2026-04-01,Imperial,0.0,,,,,,,2026-04-01,,,,,,Low,Low,Low,Wet,,,Summer,0.0,,,,,,,,,,,,,,,,,,,,,,,,
No Fire,2026-04-02,Imperial,0.0,,,,,,,2026-04-02,,,,,,Medium,Medium,Medium,Normal,,,Summer,0.0,,,,,,,,,,,,,,,,,,,,,,,,
No Fire,2026-04-03,Imperial,0.0,,,,,,,2026-04-03,,,,,,High,High,High,Dry,,,Summer,0.0,,,,,,,,,,,,,,,,,,,,,,,,
No Fire,2026-04-04,Imperial,0.0,,,,,,,2026-04-04,,,,,,Medium,High,Low,Dry,,,Summer,0.0,,,,,,,,,,,,,,,,,,,,,,,,
No Fire,2026-04-01,Del Norte,0.0,,,,,,,2026-04-01,,,,,,Low,Low,Low,Wet,,,Summer,0.0,,,,,,,,,,,,,,,,,,,,,,,,
No Fire,2026-04-02,Del Norte,0.0,,,,,,,2026-04-02,,,,,,Medium,Medium,Medium,Normal,,,Summer,0.0,,,,,,,,,,,,,,,,,,,,,,,,
No Fire,2026-04-03,Del Norte,0.0,,,,,,,2026-04-03,,,,,,High,High,High,Dry,,,Summer,0.0,,,,,,,,,,,,,,,,,,,,,,,,
No Fire,2026-04-04,Del Norte,0.0,,,,,,,2026-04-04,,,,,,Medium,High,Low,Dry,,,Summer,0.0,,,,,,,,,,,,,,,,,,,,,,,,
No Fire,2026-04-01,Marin,0.0,,,,,,,2026-04-01,,,,,,Low,Low,Low,Wet,,,Summer,0.0,,,,,,,,,,,,,,,,,,,,,,,,
No Fire,2026-04-02,Marin,0.0,,,,,,,2026-04-02,,,,,,Medium,Medium,Medium,Normal,,,Summer,0.0,,,,,,,,,,,,,,,,,,,,,,,,
No Fire,2026-04-03,Marin,0.0,,,,,,,2026-04-03,,,,,,High,High,High,Dry,,,Summer,0.0,,,,,,,,,,,,,,,,,,,,,,,,
No Fire,2026-04-04,Marin,0.0,,,,,,,2026-04-04,,,,,,Medium,High,Low,Dry,,,Summer,0.0,,,,,,,,,,,,,,,,,,,,,,,,
