DATE,TAVG,TMAX,TMIN,AWND,PRCP
4/29/2020,,,,,0.0
5/18/2020,,,,,0.5
6/6/2020,,,,,1.0
6/28/2020,,,,,0.0
6/29/2020,,,,,0.0
7/1/2020,,,,,0.0
7/22/2020,,,,,0.0
8/2/2020,,,,,0.0
8/22/2020,,,,,0.0
12/18/2020,,,,,0.5
12/25/2020,,,,,0.5
12/28/2020,,,,,8.4
12/29/2020,,,,,13.7
1/23/2021,,,,,1.5
1/24/2021,,,,,9.1
1/25/2021,,,,,7.4
1/29/2021,,,,,15.2
1/30/2021,,,,,2.8
2/12/2021,,,,,0.3
3/4/2021,,,,,8.6
3/8/2021,,,,,0.0
3/11/2021,,,,,5.3
3/16/2021,,,,,3.8
4/13/2021,,,,,0.0
4/26/2021,,,,,1.5
5/17/2021,,,,,2.0
6/8/2021,,,,,0.3
7/27/2021,,,,,2.0
8/11/2021,,,,,0.5
8/22/2021,,,,,0.5
8/29/2021,,,,,0.3
9/25/2021,,,,,0.5
9/26/2021,,,,,0.0
9/27/2021,,,,,0.0
10/5/2021,,,,,6.4
10/7/2021,,,,,1.0
10/8/2021,,,,,1.3
10/18/2021,,,,,0.8
10/23/2021,,,,,0.8
10/25/2021,,,,,0.3
11/5/2021,,,,,0.3
11/30/2021,,,,,0.0
12/7/2021,,,,,0.3
12/9/2021,,,,,0.5
12/10/2021,,,,,1.0
12/14/2021,,,,,1.5
12/15/2021,,,,,38.6
12/24/2021,,,,,29.5
12/25/2021,,,,,5.6
12/28/2021,,,,,0.5
12/29/2021,,,,,1.0
12/30/2021,,,,,4.8
1/1/2022,,,,,0.3
1/8/2022,,,,,0.3
1/15/2022,,,,,0.0
2/16/2022,,,,,1.5
2/22/2022,,,,,0.5
2/23/2022,,,,,3.0
3/20/2022,,,,,7.6
3/29/2022,,,,,12.4
4/22/2022,,,,,1.0
5/20/2022,,,,,0.0
5/21/2022,,,,,0.3
5/28/2022,,,,,0.0
6/13/2022,,,,,0.3
9/10/2022,,,,,3.0
10/15/2022,,,,,3.6
10/16/2022,,,,,8.1
11/2/2022,,,,,1.3
11/7/2022,,,,,0.3
11/8/2022,,,,,4.8
11/9/2022,,,,,16.0
12/5/2022,,,,,1.3
12/7/2022,,,,,6.1
12/11/2022,,,,,7.6
12/12/2022,,,,,16.5
12/28/2022,,,,,13.7
12/29/2022,,,,,0.3
12/30/2022,,,,,1.0
12/31/2022,,,,,0.8
1/1/2023,,,,,24.1
1/3/2023,,,,,3.8
1/4/2023,,,,,2.3
1/5/2023,,,,,6.6
1/6/2023,,,,,8.4
1/10/2023,,,,,14.7
1/11/2023,,,,,9.1
1/15/2023,,,,,27.4
1/16/2023,,,,,15.5
1/17/2023,,,,,4.8
1/20/2023,,,,,1.0
1/30/2023,,,,,4.8
1/31/2023,,,,,4.1
2/5/2023,,,,,0.5
2/23/2023,,,,,2.5
2/24/2023,,,,,5.8
2/25/2023,,,,,47.0
2/26/2023,,,,,13.7
2/28/2023,,,,,2.5
3/1/2023,,,,,8.6
3/2/2023,,,,,2.5
3/6/2023,,,,,0.8
3/10/2023,,,,,0.3
3/11/2023,,,,,16.0
3/12/2023,,,,,0.8
3/15/2023,,,,,57.4
3/16/2023,,,,,2.8
3/20/2023,,,,,1.5
3/21/2023,,,,,15.5
3/22/2023,,,,,17.5
3/23/2023,,,,,4.8
3/29/2023,,,,,1.0
3/30/2023,,,,,15.5
3/31/2023,,,,,2.8
4/9/2023,,,,,0.0
4/10/2023,,,,,0.0
4/12/2023,,,,,0.0
4/13/2023,,,,,4.1
4/30/2023,,,,,0.0
5/1/2023,,,,,3.0
5/4/2023,,,,,8.6
5/5/2023,,,,,2.0
5/14/2023,,,,,0.0
5/21/2023,,,,,0.0
5/23/2023,,,,,0.3
5/24/2023,,,,,1.3
5/30/2023,,,,,0.8
6/1/2023,,,,,0.0
6/5/2023,,,,,0.0
6/12/2023,,,,,1.3
6/15/2023,,,,,0.8
6/16/2023,,,,,0.0
8/10/2023,,,,,0.5
8/16/2023,,,,,1.3
8/20/2023,,,,,5.1
8/21/2023,,,,,57.2
9/2/2023,,,,,0.0
9/3/2023,,,,,0.5
9/10/2023,,,,,0.3
9/11/2023,,,,,0.3
9/17/2023,,,,,0.0
10/2/2023,,,,,0.8
10/23/2023,,,,,0.0
11/16/2023,,,,,10.7
11/18/2023,,,,,1.0
11/19/2023,,,,,1.8
11/30/2023,,,,,0.0
12/1/2023,,,,,1.8
12/19/2023,,,,,0.0
12/20/2023,,,,,4.1
12/21/2023,,,,,3.3
12/22/2023,,,,,18.5
12/24/2023,,,,,1.8
12/30/2023,,,,,9.1
12/31/2023,,,,,4.6
1/3/2024,,,,,3.8
1/21/2024,,,,,16.0
1/22/2024,,,,,4.8
1/23/2024,,,,,10.7
2/1/2024,,,,,6.1
2/2/2024,,,,,25.7
2/4/2024,,,,,1.0
2/5/2024,,,,,37.1
2/6/2024,,,,,30.0
2/7/2024,,,,,27.2
2/8/2024,,,,,8.9
2/9/2024,,,,,1.8
2/16/2024,,,,,0.8
2/18/2024,,,,,0.5
2/20/2024,,,,,8.9
2/21/2024,,,,,19.3
3/2/2024,,,,,2.5
3/3/2024,,,,,3.6
3/7/2024,,,,,14.7
3/24/2024,,,,,3.0
3/25/2024,,,,,0.3
3/30/2024,,,,,15.5
3/31/2024,,,,,16.5
4/1/2024,,,,,8.6
4/5/2024,,,,,3.6
4/22/2024,,,,,0.0
5/3/2024,,,,,0.0
5/5/2024,,,,,0.8
5/13/2024,,,,,0.0
5/15/2024,,,,,0.0
5/16/2024,,,,,0.8
5/31/2024,,,,,0.0
6/2/2024,,,,,0.5
6/3/2024,,,,,0.0
6/7/2024,,,,,0.5
6/12/2024,,,,,0.0
7/12/2024,,,,,0.0
9/20/2024,,,,,0.5
10/26/2024,,,,,0.0
10/28/2024,,,,,0.0
11/3/2024,,,,,0.3
11/24/2024,,,,,0.5
12/25/2024,,,,,0.5
1/26/2025,,,,,4.3
1/27/2025,,,,,10.2
2/5/2025,,,,,0.5
2/6/2025,,,,,0.5
2/7/2025,,,,,4.6
2/8/2025,,,,,0.8
2/12/2025,,,,,0.8
2/13/2025,,,,,11.2
2/14/2025,,,,,36.3
3/6/2025,,,,,10.2
3/7/2025,,,,,6.4
3/11/2025,,,,,0.5
3/13/2025,,,,,22.9
3/14/2025,,,,,5.1
3/15/2025,,,,,2.5
3/30/2025,,,,,0.0
3/31/2025,,,,,1.3
4/27/2025,,,,,3.0
5/3/2025,,,,,0.8
5/4/2025,,,,,0.0
6/1/2025,,,,,0.0
6/4/2025,,,,,1.3
6/5/2025,,,,,0.0
6/13/2025,,,,,0.0
7/18/2025,,,,,0.3
7/22/2025,,,,,1.3
8/16/2025,,,,,0.3
9/18/2025,,,,,1.5
9/22/2025,,,,,0.3
9/26/2025,,,,,0.0
10/15/2025,,,,,22.9
11/14/2025,,,,,0.5
11/15/2025,,,,,15.7
11/16/2025,,,,,42.7
11/17/2025,,,,,6.1
11/18/2025,,,,,5.8
11/21/2025,,,,,13.0
12/24/2025,,,,,1.0
12/25/2025,,,,,29.0
12/27/2025,,,,,8.6
1/1/2026,,,,,16.3
1/2/2026,,,,,1.5
1/4/2026,,,,,6.1
1/5/2026,,,,,6.6
1/6/2026,,,,,0.5
2/11/2026,,,,,16.5
2/17/2026,,,,,37.1
2/18/2026,,,,,6.6
2/20/2026,,,,,6.9
4/1/2026,,,,,0.8
4/11/2026,,,,,1.0
4/13/2026,,,,,1.3
4/15/2020,,27.2,13.3,2.2,0.0
4/16/2020,,22.2,14.4,2.8,0.0
4/17/2020,,21.1,15.0,3.4,0.0
4/18/2020,,21.1,16.7,2.3,0.0
4/19/2020,,21.1,16.1,2.3,0.0
4/20/2020,,21.7,16.7,2.1,0.0
4/21/2020,,22.2,16.1,2.4,0.0
4/22/2020,,27.8,15.0,2.2,0.0
4/23/2020,,31.1,17.2,2.6,0.0
4/24/2020,,35.0,18.3,2.2,0.0
4/25/2020,,29.4,17.8,2.1,0.0
4/26/2020,,27.8,16.7,2.4,0.0
4/27/2020,,23.9,17.2,2.3,0.0
4/28/2020,,25.6,18.3,2.6,0.0
4/29/2020,,23.9,18.3,2.4,0.0
4/30/2020,,23.9,18.3,2.2,0.0
5/1/2020,,24.4,19.4,2.6,0.0
5/2/2020,,26.7,17.8,2.3,0.0
5/3/2020,,25.0,17.2,2.6,0.0
5/4/2020,,27.2,17.8,2.1,0.0
5/5/2020,,30.0,18.3,1.9,0.0
5/6/2020,,33.3,18.3,2.2,0.0
5/7/2020,,30.0,20.0,2.6,0.0
5/8/2020,,26.1,19.4,2.9,0.0
5/9/2020,,25.6,18.3,2.5,0.0
5/10/2020,,26.1,19.4,2.2,0.0
5/11/2020,,25.0,18.3,2.5,0.0
5/12/2020,,25.0,17.2,3.0,0.0
5/13/2020,,23.9,17.8,2.7,0.0
5/14/2020,,25.6,17.8,2.9,0.0
5/15/2020,,26.1,18.3,2.6,0.0
5/16/2020,,26.7,18.9,2.6,0.0
5/17/2020,,26.1,19.4,3.0,0.0
5/18/2020,,22.8,17.2,2.8,0.3
5/19/2020,,21.7,15.0,2.7,0.0
5/20/2020,,23.3,15.0,2.5,0.0
5/21/2020,,26.7,15.6,1.8,0.0
5/22/2020,,24.4,16.1,3.8,0.0
5/23/2020,,22.8,17.2,3.1,0.0
5/24/2020,,23.9,16.7,2.1,0.0
5/25/2020,,26.1,16.7,2.4,0.0
5/26/2020,,26.1,17.2,2.2,0.0
5/27/2020,,25.0,16.1,2.6,0.0
5/28/2020,,23.3,17.2,2.6,0.0
5/29/2020,,22.8,17.2,2.6,0.0
5/30/2020,,25.0,17.8,2.4,0.0
5/31/2020,,25.6,17.2,1.7,0.0
6/1/2020,,27.8,17.2,2.0,0.0
6/2/2020,,26.7,17.8,2.1,0.0
6/3/2020,,31.1,18.3,2.6,0.0
6/4/2020,,22.2,17.8,3.1,0.0
6/5/2020,,22.2,17.8,3.0,0.3
6/6/2020,,23.3,17.8,2.6,0.0
6/7/2020,,24.4,17.2,3.0,0.0
6/8/2020,,33.9,15.0,3.7,0.0
6/9/2020,,35.6,17.8,1.9,0.0
6/10/2020,,33.3,19.4,2.3,0.0
6/11/2020,,29.4,18.3,3.1,0.0
6/12/2020,,23.9,17.2,3.0,0.0
6/13/2020,,24.4,16.7,2.6,0.0
6/14/2020,,24.4,17.2,2.6,0.0
6/15/2020,,23.9,17.2,3.6,0.0
6/16/2020,,23.9,18.3,2.9,0.0
6/17/2020,,22.8,16.7,3.7,0.0
6/18/2020,,22.8,16.7,3.0,0.0
6/19/2020,,24.4,18.3,2.5,0.0
6/20/2020,,25.0,18.9,2.3,0.0
6/21/2020,,24.4,18.9,2.2,0.0
6/22/2020,,24.4,18.3,2.1,0.0
6/23/2020,,24.4,17.8,2.2,0.0
6/24/2020,,24.4,18.3,2.5,0.0
6/25/2020,,23.9,17.8,2.4,0.0
6/26/2020,,25.0,18.3,2.3,0.0
6/27/2020,,24.4,18.9,3.2,0.0
6/28/2020,,22.8,18.3,3.6,0.0
6/29/2020,,23.9,17.2,3.0,0.0
6/30/2020,,24.4,18.3,2.2,0.0
7/1/2020,,23.3,18.3,2.7,0.0
7/2/2020,,25.0,18.3,2.3,0.0
7/3/2020,,26.7,17.2,2.2,0.0
7/4/2020,,27.8,18.3,2.3,0.0
7/5/2020,,29.4,18.3,2.2,0.0
7/6/2020,,28.3,17.8,2.7,0.0
7/7/2020,,26.1,18.3,3.0,0.0
7/8/2020,,25.0,18.3,2.9,0.0
7/9/2020,,26.1,18.9,2.2,0.0
7/10/2020,,28.9,20.0,2.5,0.0
7/11/2020,,32.8,20.0,2.4,0.0
7/12/2020,,31.1,20.6,2.6,0.0
7/13/2020,,27.2,20.6,3.8,0.0
7/14/2020,,26.1,19.4,2.9,0.0
7/15/2020,,25.6,18.9,2.3,0.0
7/16/2020,,25.6,18.9,2.3,0.0
7/17/2020,,26.1,19.4,1.7,0.0
7/18/2020,,26.7,18.3,2.4,0.0
7/19/2020,,26.1,17.2,2.4,0.0
7/20/2020,,25.0,17.8,2.2,0.0
7/21/2020,,25.6,17.2,2.4,0.0
7/22/2020,,23.9,18.3,2.7,0.0
7/23/2020,,23.3,17.8,2.5,0.0
7/24/2020,,23.9,18.3,2.6,0.0
7/25/2020,,25.6,18.9,2.3,0.0
7/26/2020,,25.6,16.7,2.1,0.0
7/27/2020,,25.0,17.2,2.2,0.0
7/28/2020,,23.3,16.7,2.2,0.0
7/29/2020,,25.0,16.7,1.8,0.0
7/30/2020,,28.3,16.1,1.9,0.0
7/31/2020,,30.0,17.8,2.5,0.0
8/1/2020,,27.8,17.8,3.0,0.0
8/2/2020,,24.4,18.3,3.2,0.0
8/3/2020,,25.0,18.9,3.3,0.0
8/4/2020,,25.0,18.9,2.8,0.0
8/5/2020,,25.0,19.4,2.9,0.0
8/6/2020,,23.9,18.3,3.5,0.0
8/7/2020,,25.6,18.9,2.1,0.0
8/8/2020,,25.6,18.3,1.8,0.0
8/9/2020,,25.0,17.8,1.9,0.0
8/10/2020,,25.0,17.8,2.2,0.0
8/11/2020,,27.2,16.7,2.1,0.0
8/12/2020,,26.7,17.2,2.1,0.0
8/13/2020,,32.2,20.0,1.7,0.0
8/14/2020,,33.9,21.1,1.8,0.0
8/15/2020,,30.6,21.7,2.9,0.0
8/16/2020,,32.2,22.2,2.8,0.0
8/17/2020,,31.1,22.2,2.4,0.0
8/18/2020,,37.8,21.7,2.5,0.0
8/19/2020,,32.2,23.3,2.6,0.0
8/20/2020,,31.7,22.8,2.4,0.0
8/21/2020,,30.6,23.3,2.2,0.0
8/22/2020,,34.4,24.4,3.1,0.0
8/23/2020,,31.7,24.4,2.2,0.0
8/24/2020,,29.4,22.8,2.2,0.0
8/25/2020,,30.0,21.7,2.2,0.0
8/26/2020,,30.0,20.0,2.0,0.0
8/27/2020,,31.1,20.6,2.1,0.0
8/28/2020,,27.2,19.4,2.2,0.0
8/29/2020,,25.6,18.9,2.3,0.0
8/30/2020,,25.6,18.3,1.8,0.0
8/31/2020,,25.6,18.3,1.8,0.0
9/1/2020,,25.6,19.4,1.7,0.0
9/2/2020,,26.1,18.9,1.7,0.0
9/3/2020,,27.2,18.9,2.3,0.0
9/4/2020,,30.0,19.4,1.5,0.0
9/5/2020,,40.0,21.1,1.8,0.0
9/6/2020,,40.6,23.3,2.1,0.0
9/7/2020,,27.8,22.8,3.4,0.0
9/8/2020,,26.1,22.8,2.5,0.0
9/9/2020,,26.1,19.4,1.8,0.0
9/10/2020,,29.4,17.8,0.9,0.0
9/11/2020,,28.3,16.1,1.1,0.0
9/12/2020,,28.9,17.2,1.2,0.0
9/13/2020,,27.2,17.8,1.6,0.0
9/14/2020,,29.4,17.8,1.6,0.0
9/15/2020,,30.0,17.8,0.9,0.0
9/16/2020,,32.8,17.8,,0.0
9/17/2020,,34.4,18.3,1.0,0.0
9/18/2020,,32.2,20.0,2.1,0.0
9/19/2020,,28.3,18.9,2.8,0.0
9/20/2020,,25.6,18.9,2.3,0.0
9/21/2020,,25.6,18.9,2.1,0.0
9/22/2020,,26.7,18.9,1.5,0.0
9/23/2020,,29.4,17.8,1.6,0.0
9/24/2020,,27.8,17.8,2.1,0.0
9/25/2020,,25.6,18.3,1.9,0.0
9/26/2020,,25.6,19.4,2.1,0.0
9/27/2020,,25.6,20.0,2.1,0.0
9/28/2020,,30.0,20.0,1.6,0.0
9/29/2020,,33.3,18.9,1.6,0.0
9/30/2020,,37.8,19.4,1.6,0.0
10/1/2020,,36.1,20.0,1.3,0.0
10/2/2020,,33.3,20.0,1.6,0.0
10/3/2020,,32.8,18.3,1.9,0.0
10/4/2020,,33.3,16.1,1.2,0.0
10/5/2020,,32.2,17.8,1.5,0.0
10/6/2020,,31.7,17.8,1.5,0.0
10/7/2020,,25.6,17.8,2.5,0.0
10/8/2020,,25.6,20.0,1.9,0.0
10/9/2020,,24.4,20.0,1.5,0.0
10/10/2020,,25.0,20.0,1.3,0.0
10/11/2020,,25.0,17.2,1.1,0.0
10/12/2020,,32.2,17.2,0.9,0.0
10/13/2020,,33.9,18.3,1.2,0.0
10/14/2020,,32.8,17.2,1.4,0.0
10/15/2020,,33.3,18.3,1.6,0.0
10/16/2020,,30.6,17.8,1.3,0.0
10/17/2020,,27.2,17.2,1.7,0.0
10/18/2020,,26.7,19.4,1.7,0.0
10/19/2020,,25.0,19.4,1.7,0.0
10/20/2020,,25.0,19.4,2.0,0.0
10/21/2020,,24.4,20.0,2.4,0.0
10/22/2020,,23.9,20.0,2.8,0.0
10/23/2020,,22.8,19.4,2.2,0.0
10/24/2020,,22.2,19.4,1.2,0.0
10/25/2020,,21.1,16.7,2.0,0.0
10/26/2020,,23.9,13.3,5.7,0.0
10/27/2020,,27.2,11.7,3.3,0.0
10/28/2020,,24.4,12.8,1.2,0.0
10/29/2020,,27.2,12.2,1.1,0.0
10/30/2020,,26.7,13.3,1.2,0.0
10/31/2020,,24.4,13.9,1.1,0.0
11/1/2020,,30.0,14.4,1.1,0.0
11/2/2020,,23.3,14.4,1.7,0.0
11/3/2020,,25.0,16.7,1.0,0.0
11/4/2020,,25.6,13.9,1.1,0.0
11/5/2020,,30.6,15.0,0.8,0.0
11/6/2020,,23.3,15.6,3.5,0.0
11/7/2020,,17.2,12.2,2.3,8.9
11/8/2020,,17.2,11.7,3.4,0.5
11/9/2020,,16.7,7.8,1.3,0.0
11/10/2020,,20.6,7.8,0.9,0.0
11/11/2020,,20.0,8.3,1.3,0.0
11/12/2020,,21.1,8.9,0.8,0.0
11/13/2020,,20.0,9.4,1.6,0.0
11/14/2020,,21.7,10.6,1.6,0.0
11/15/2020,,28.9,10.6,0.9,0.0
11/16/2020,,32.2,11.7,1.1,0.0
11/17/2020,,24.4,11.1,1.2,0.0
11/18/2020,,19.4,12.2,1.0,0.0
11/19/2020,,21.1,13.3,1.3,0.0
11/20/2020,,22.2,11.1,1.0,0.0
11/21/2020,,22.8,11.7,0.8,0.0
11/22/2020,,20.6,11.7,1.3,0.0
11/23/2020,,18.9,12.2,2.1,0.0
11/24/2020,,19.4,11.1,1.5,0.0
11/25/2020,,19.4,10.0,1.1,0.0
11/26/2020,,23.3,10.0,4.7,0.0
11/27/2020,,24.4,10.6,3.6,0.0
11/28/2020,,23.9,7.2,1.0,0.0
11/29/2020,,24.4,6.7,0.9,0.0
11/30/2020,,25.0,8.9,1.0,0.0
12/1/2020,,22.2,8.3,0.9,0.0
12/2/2020,,24.4,7.8,1.3,0.0
12/3/2020,,25.0,8.9,2.9,0.0
12/4/2020,,24.4,5.6,0.9,0.0
12/5/2020,,22.2,6.1,0.9,0.0
12/6/2020,,22.8,5.6,0.6,0.0
12/7/2020,,25.0,8.3,0.7,0.0
12/8/2020,,30.6,15.0,2.6,0.0
12/9/2020,,23.3,12.2,1.0,0.0
12/10/2020,,18.3,9.4,2.1,0.0
12/11/2020,,17.8,8.3,1.1,0.0
12/12/2020,,18.3,8.9,1.7,0.0
12/13/2020,,20.6,7.8,1.2,0.0
12/14/2020,,18.9,10.0,1.7,0.0
12/15/2020,,23.3,7.2,1.3,0.0
12/16/2020,,21.1,7.8,0.9,0.0
12/17/2020,,18.9,10.0,1.4,0.3
12/18/2020,,22.8,9.4,1.5,0.0
12/19/2020,,22.2,6.7,0.9,0.0
12/20/2020,,25.6,6.7,1.0,0.0
12/21/2020,,25.6,8.3,1.0,0.0
12/22/2020,,18.9,8.9,1.5,0.0
12/23/2020,,20.0,10.0,1.7,0.0
12/24/2020,,19.4,10.6,1.8,0.5
12/25/2020,,23.9,7.2,0.8,0.0
12/26/2020,,20.0,7.8,1.3,0.0
12/27/2020,,17.2,12.8,1.9,0.0
12/28/2020,,16.1,8.3,2.8,26.4
12/29/2020,,19.4,6.7,1.2,0.0
12/30/2020,,18.9,5.0,1.4,0.0
12/31/2020,,20.0,7.8,1.7,0.0
1/1/2021,,23.3,11.1,3.5,0.0
1/2/2021,,17.8,8.3,1.6,0.0
1/3/2021,,17.2,9.4,1.2,0.0
1/4/2021,,16.7,9.4,1.2,0.0
1/5/2021,,17.2,10.6,1.4,0.0
1/6/2021,,17.8,9.4,1.2,0.0
1/7/2021,,20.6,8.3,0.8,0.0
1/8/2021,,18.9,8.9,1.0,0.0
1/9/2021,,24.4,6.7,1.2,0.0
1/10/2021,,22.2,7.2,0.9,0.0
1/11/2021,,23.3,6.1,1.0,0.0
1/12/2021,,22.2,7.8,0.9,0.0
1/13/2021,,24.4,7.8,0.8,0.0
1/14/2021,,27.2,8.9,1.7,0.0
1/15/2021,,32.2,13.9,3.0,0.0
1/16/2021,,27.2,11.1,1.1,0.0
1/17/2021,,28.9,11.1,1.2,0.0
1/18/2021,,22.2,10.0,1.9,0.0
1/19/2021,,22.2,11.1,5.5,0.0
1/20/2021,,25.6,14.4,4.7,0.0
1/21/2021,,21.7,11.7,1.7,0.0
1/22/2021,,18.3,11.1,2.6,0.0
1/23/2021,,12.8,9.4,1.3,7.4
1/24/2021,,15.6,6.7,2.0,1.8
1/25/2021,,12.8,7.2,3.4,12.7
1/26/2021,,13.3,3.9,1.7,0.0
1/27/2021,,16.7,8.9,2.6,0.0
1/28/2021,,18.3,7.2,3.0,11.4
1/29/2021,,15.0,9.4,2.1,11.4
1/30/2021,,17.2,7.2,1.0,0.0
1/31/2021,,21.1,7.8,0.8,0.0
2/1/2021,,20.6,13.3,0.9,0.0
2/2/2021,,21.1,12.2,1.0,0.0
2/3/2021,,16.1,10.0,1.9,0.0
2/4/2021,,17.8,10.0,1.8,0.0
2/5/2021,,20.0,7.8,1.2,0.0
2/6/2021,,21.7,8.3,0.9,0.0
2/7/2021,,18.3,8.3,1.7,0.0
2/8/2021,,15.6,8.9,2.5,0.0
2/9/2021,,15.6,12.8,1.9,0.0
2/10/2021,,17.2,11.1,1.2,0.0
2/11/2021,,18.9,8.9,1.4,0.0
2/12/2021,,20.0,12.8,2.4,0.5
2/13/2021,,16.7,10.6,2.3,0.0
2/14/2021,,20.0,8.9,1.6,0.0
2/15/2021,,17.2,10.0,2.7,0.0
2/16/2021,,17.8,11.7,3.0,0.3
2/17/2021,,17.8,8.9,1.9,0.0
2/18/2021,,21.7,11.1,3.8,0.0
2/19/2021,,21.1,8.3,1.4,0.0
2/20/2021,,22.2,9.4,2.0,0.0
2/21/2021,,25.6,10.0,3.0,0.0
2/22/2021,,28.3,8.9,1.1,0.0
2/23/2021,,22.8,10.0,1.5,0.0
2/24/2021,,20.0,10.0,2.1,0.0
2/25/2021,,23.9,9.4,1.9,0.0
2/26/2021,,21.7,7.8,1.6,0.0
2/27/2021,,18.9,8.3,2.1,0.0
2/28/2021,,23.9,8.9,2.7,0.0
3/1/2021,,22.8,8.3,1.6,0.0
3/2/2021,,22.8,6.7,1.7,0.0
3/3/2021,,15.6,8.3,2.2,8.6
3/4/2021,,19.4,8.3,1.3,0.0
3/5/2021,,23.9,8.3,1.3,0.0
3/6/2021,,18.3,10.0,2.7,0.0
3/7/2021,,17.2,11.7,2.5,0.0
3/8/2021,,18.9,11.7,2.3,0.0
3/9/2021,,16.7,9.4,3.0,0.0
3/10/2021,,15.6,9.4,2.9,13.2
3/11/2021,,15.0,8.3,2.4,5.1
3/12/2021,,15.6,7.8,2.4,0.0
3/13/2021,,16.7,10.0,2.3,0.0
3/14/2021,,16.7,12.2,3.0,0.0
3/15/2021,,14.4,10.0,3.6,2.5
3/16/2021,,14.4,6.7,2.2,0.0
3/17/2021,,18.3,7.2,1.4,0.0
3/18/2021,,18.3,9.4,1.3,0.0
3/19/2021,,20.6,10.0,1.6,0.0
3/20/2021,,18.9,12.2,2.6,0.0
3/21/2021,,18.3,10.6,3.0,0.0
3/22/2021,,18.9,10.0,2.9,0.0
3/23/2021,,18.3,11.1,2.6,0.0
3/24/2021,,22.2,10.0,2.6,0.0
3/25/2021,,16.7,11.7,3.8,0.0
3/26/2021,,17.8,10.0,2.3,0.0
3/27/2021,,23.9,8.9,1.4,0.0
3/28/2021,,30.6,11.1,1.8,0.0
3/29/2021,,22.8,11.7,2.2,0.0
3/30/2021,,21.7,12.8,2.4,0.0
3/31/2021,,31.1,11.1,2.2,0.0
4/1/2021,,32.8,14.4,1.6,0.0
4/2/2021,,20.6,13.3,2.8,0.0
4/3/2021,,21.1,13.3,1.5,0.0
4/4/2021,,21.7,11.7,2.2,0.0
4/5/2021,,20.0,12.8,3.0,0.0
4/6/2021,,21.1,14.4,1.7,0.0
4/7/2021,,23.3,13.9,1.8,0.0
4/8/2021,,21.7,13.3,2.3,0.0
4/9/2021,,21.7,12.8,2.5,0.0
4/10/2021,,21.7,13.3,2.5,0.0
4/11/2021,,20.0,15.0,3.2,0.0
4/12/2021,,19.4,15.0,2.8,0.0
4/13/2021,,19.4,13.9,3.6,0.0
4/14/2021,,18.3,12.8,3.1,0.0
4/15/2021,,18.9,10.6,2.1,0.0
4/16/2021,,20.0,11.7,2.2,0.0
4/17/2021,,20.6,14.4,1.7,0.0
4/18/2021,,31.7,12.8,2.7,0.0
4/19/2021,,26.1,13.3,3.0,0.0
4/20/2021,,20.0,14.4,4.5,0.0
4/21/2021,,20.0,13.9,3.8,0.0
4/22/2021,,18.3,15.0,2.4,0.0
4/23/2021,,19.4,15.0,2.6,0.0
4/24/2021,,20.0,14.4,1.8,0.0
4/25/2021,,20.0,14.4,2.9,0.0
4/26/2021,,18.9,12.8,3.2,0.5
4/27/2021,,19.4,11.7,2.4,0.0
4/28/2021,,26.7,11.7,2.2,0.0
4/29/2021,,30.0,13.3,1.9,0.0
4/30/2021,,29.4,15.6,2.1,0.0
5/1/2021,,21.1,15.0,4.0,0.0
5/2/2021,,21.1,16.1,3.9,0.0
5/3/2021,,23.9,16.1,2.4,0.0
5/4/2021,,25.6,16.1,2.4,0.0
5/5/2021,,23.9,16.1,2.9,0.0
5/6/2021,,21.7,16.7,3.1,0.0
5/7/2021,,21.1,16.1,2.7,0.0
5/8/2021,,21.7,16.1,3.4,0.0
5/9/2021,,20.6,15.6,3.0,0.0
5/10/2021,,20.0,15.6,3.3,0.0
5/11/2021,,22.8,15.0,2.2,0.0
5/12/2021,,22.8,16.7,2.4,0.0
5/13/2021,,21.1,16.7,1.9,0.0
5/14/2021,,22.2,16.7,2.4,0.0
5/15/2021,,21.1,16.1,3.4,0.0
5/16/2021,,19.4,14.4,3.0,2.5
5/17/2021,,20.0,15.0,2.4,1.3
5/18/2021,,22.8,16.7,1.8,0.0
5/19/2021,,22.8,16.7,2.7,0.0
5/20/2021,,22.8,15.6,3.8,0.0
5/21/2021,,22.2,14.4,3.7,0.0
5/22/2021,,20.6,13.3,2.8,0.0
5/23/2021,,22.2,13.3,2.0,0.0
5/24/2021,,28.9,15.0,2.0,0.0
5/25/2021,,27.2,16.7,2.6,0.0
5/26/2021,,23.3,16.1,3.8,0.0
5/27/2021,,21.7,16.1,3.0,0.0
5/28/2021,,22.2,16.1,3.0,0.0
5/29/2021,,21.1,16.1,3.2,0.0
5/30/2021,,21.7,16.1,3.0,0.0
5/31/2021,,22.2,16.7,2.8,0.0
6/1/2021,,22.8,17.2,1.9,0.0
6/2/2021,,22.8,16.7,2.9,0.0
6/3/2021,,22.8,16.1,3.4,0.0
6/4/2021,,22.2,16.7,2.8,0.0
6/5/2021,,22.8,16.7,2.8,0.0
6/6/2021,,21.7,17.2,4.0,0.0
6/7/2021,,21.1,16.1,3.9,0.0
6/8/2021,,23.3,15.6,2.0,0.0
6/9/2021,,24.4,16.7,2.4,0.0
6/10/2021,,24.4,15.0,2.9,0.0
6/11/2021,,26.1,15.6,2.2,0.0
6/12/2021,,27.2,16.1,2.3,0.0
6/13/2021,,26.1,16.7,2.5,0.0
6/14/2021,,28.9,16.7,2.6,0.0
6/15/2021,,32.8,18.9,2.2,0.0
6/16/2021,,26.1,18.9,3.4,0.0
6/17/2021,,25.6,17.8,3.3,0.0
6/18/2021,,23.9,18.3,3.4,0.0
6/19/2021,,24.4,18.3,2.6,0.0
6/20/2021,,23.3,18.3,2.6,0.0
6/21/2021,,25.0,18.3,2.6,0.0
6/22/2021,,25.0,18.3,2.6,0.0
6/23/2021,,26.1,18.3,2.6,0.0
6/24/2021,,24.4,17.8,1.9,0.0
6/25/2021,,26.1,17.2,2.1,0.0
6/26/2021,,25.6,17.2,2.6,0.0
6/27/2021,,24.4,18.3,3.4,0.0
6/28/2021,,25.0,19.4,3.4,0.0
6/29/2021,,24.4,19.4,3.2,0.0
6/30/2021,,25.6,18.9,2.8,0.0
7/1/2021,,28.3,18.9,2.5,0.0
7/2/2021,,26.1,19.4,2.6,0.0
7/3/2021,,27.2,18.9,2.8,0.0
7/4/2021,,25.6,19.4,2.2,0.0
7/5/2021,,25.0,18.3,2.4,0.0
7/6/2021,,25.6,18.9,3.0,0.0
7/7/2021,,25.0,19.4,3.4,0.0
7/8/2021,,27.2,20.0,3.0,0.0
7/9/2021,,28.9,20.6,2.8,0.0
7/10/2021,,30.0,21.1,3.1,0.0
7/11/2021,,26.7,20.6,3.4,0.0
7/12/2021,,25.6,20.6,3.3,0.0
7/13/2021,,27.2,20.6,2.8,0.0
7/14/2021,,26.7,21.7,3.4,0.0
7/15/2021,,27.2,21.1,3.0,0.0
7/16/2021,,27.2,20.6,2.5,0.0
7/17/2021,,28.3,20.6,2.4,0.0
7/18/2021,,30.6,21.7,2.7,0.0
7/19/2021,,31.1,21.7,2.4,0.0
7/20/2021,,30.0,21.1,2.3,0.0
7/21/2021,,28.9,21.1,2.7,0.0
7/22/2021,,27.2,21.1,3.8,0.0
7/23/2021,,27.2,20.6,2.6,0.0
7/24/2021,,26.7,21.1,2.5,0.0
7/25/2021,,26.7,20.6,2.3,0.0
7/26/2021,,24.4,21.1,2.2,1.0
7/27/2021,,27.8,20.6,2.2,0.0
7/28/2021,,29.4,20.6,2.2,0.0
7/29/2021,,28.9,19.4,2.0,0.0
7/30/2021,,27.8,18.9,2.3,0.0
7/31/2021,,28.3,18.9,2.2,0.0
8/1/2021,,28.3,18.3,2.4,0.0
8/2/2021,,31.1,18.9,2.6,0.0
8/3/2021,,28.9,18.9,2.6,0.0
8/4/2021,,26.7,18.9,2.7,0.0
8/5/2021,,26.7,19.4,2.7,0.0
8/6/2021,,25.6,20.0,3.4,0.0
8/7/2021,,26.1,18.9,2.6,0.0
8/8/2021,,27.8,20.0,2.8,0.0
8/9/2021,,28.3,20.0,2.1,0.0
8/10/2021,,28.3,19.4,2.4,0.0
8/11/2021,,31.1,21.7,2.1,0.0
8/12/2021,,32.2,21.1,2.3,0.0
8/13/2021,,29.4,20.6,2.8,0.0
8/14/2021,,28.3,20.6,2.1,0.0
8/15/2021,,30.0,20.6,2.6,0.0
8/16/2021,,27.8,21.1,3.0,0.0
8/17/2021,,27.2,22.2,3.6,0.0
8/18/2021,,26.7,22.2,3.1,0.0
8/19/2021,,27.8,21.1,2.0,0.0
8/20/2021,,26.7,21.1,1.9,0.0
8/21/2021,,24.4,20.0,2.3,0.8
8/22/2021,,25.6,20.6,1.4,0.0
8/23/2021,,26.1,18.9,1.3,0.0
8/24/2021,,26.7,18.9,1.7,0.0
8/25/2021,,28.9,19.4,1.6,0.0
8/26/2021,,32.8,20.6,1.7,0.0
8/27/2021,,30.6,19.4,2.4,0.0
8/28/2021,,27.2,18.9,2.6,0.0
8/29/2021,,27.8,18.9,2.2,0.0
8/30/2021,,26.1,19.4,2.6,0.0
8/31/2021,,26.1,20.6,3.0,0.0
9/1/2021,,24.4,20.6,2.1,0.0
9/2/2021,,26.7,20.0,1.7,0.0
9/3/2021,,25.6,19.4,2.0,0.0
9/4/2021,,32.2,18.3,1.4,0.0
9/5/2021,,33.3,19.4,2.4,0.0
9/6/2021,,27.2,20.6,3.4,0.0
9/7/2021,,27.8,21.1,2.3,0.0
9/8/2021,,28.3,20.0,1.7,0.0
9/9/2021,,32.2,20.6,2.5,0.0
9/10/2021,,30.6,21.1,2.2,0.0
9/11/2021,,32.8,21.1,1.7,0.0
9/12/2021,,29.4,18.9,2.1,0.0
9/13/2021,,26.7,16.1,2.1,0.0
9/14/2021,,26.1,17.8,2.5,0.0
9/15/2021,,25.0,17.2,2.0,0.0
9/16/2021,,23.9,17.8,2.0,0.0
9/17/2021,,25.0,18.9,2.3,0.0
9/18/2021,,24.4,18.3,1.5,0.0
9/19/2021,,23.9,16.1,1.6,0.0
9/20/2021,,26.1,17.2,2.2,0.0
9/21/2021,,35.6,18.9,1.5,0.0
9/22/2021,,32.8,20.6,1.6,0.0
9/23/2021,,26.1,18.9,2.2,0.0
9/24/2021,,25.0,17.8,2.1,2.5
9/25/2021,,24.4,18.3,2.1,0.0
9/26/2021,,22.2,18.9,1.7,0.0
9/27/2021,,21.1,18.3,1.1,0.0
9/28/2021,,23.9,18.9,1.8,0.0
9/29/2021,,24.4,17.8,1.5,0.0
9/30/2021,,31.1,15.6,1.8,0.0
10/1/2021,,31.1,15.6,1.6,0.0
10/2/2021,,32.8,16.1,1.4,0.0
10/3/2021,,33.9,17.2,1.5,0.0
10/4/2021,,30.6,20.0,1.9,6.6
10/5/2021,,26.1,18.9,2.9,1.5
10/6/2021,,25.6,18.3,1.6,0.0
10/7/2021,,22.2,18.3,1.7,0.3
10/8/2021,,22.2,17.8,2.0,1.8
10/9/2021,,23.9,16.1,1.4,0.0
10/10/2021,,25.0,15.0,1.6,0.0
10/11/2021,,22.8,15.6,3.6,0.0
10/12/2021,,22.8,13.9,2.8,0.0
10/13/2021,,23.9,11.1,1.4,0.0
10/14/2021,,25.6,11.7,1.5,0.0
10/15/2021,,32.2,12.8,1.3,0.0
10/16/2021,,31.1,13.9,1.3,0.0
10/17/2021,,24.4,13.9,1.6,0.0
10/18/2021,,20.0,14.4,2.9,0.0
10/19/2021,,21.1,12.2,1.8,0.0
10/20/2021,,23.3,12.8,1.1,0.0
10/21/2021,,24.4,12.2,1.4,0.0
10/22/2021,,20.6,15.0,1.7,0.0
10/23/2021,,21.1,16.1,2.4,1.8
10/24/2021,,23.3,14.4,1.6,0.0
10/25/2021,,20.0,13.9,2.4,8.1
10/26/2021,,21.1,12.2,1.0,0.0
10/27/2021,,27.2,12.2,1.1,0.0
10/28/2021,,31.1,15.6,1.6,0.0
10/29/2021,,29.4,16.1,1.7,0.0
10/30/2021,,21.1,16.1,2.2,0.0
10/31/2021,,21.1,16.1,1.5,0.0
11/1/2021,,20.6,14.4,1.0,0.0
11/2/2021,,20.6,15.6,1.4,0.0
11/3/2021,,22.8,15.0,1.6,0.0
11/4/2021,,21.7,15.0,1.5,0.0
11/5/2021,,22.2,14.4,1.8,0.0
11/6/2021,,20.0,15.0,1.6,0.0
11/7/2021,,21.1,15.6,1.9,0.0
11/8/2021,,20.0,15.6,2.1,0.0
11/9/2021,,21.1,15.6,1.4,0.0
11/10/2021,,23.9,15.0,1.0,0.0
11/11/2021,,33.3,13.9,1.8,0.0
11/12/2021,,36.7,20.6,2.2,0.0
11/13/2021,,32.8,16.7,0.9,0.0
11/14/2021,,31.1,15.0,0.9,0.0
11/15/2021,,27.2,14.4,1.3,0.0
11/16/2021,,19.4,15.6,2.6,0.0
11/17/2021,,21.1,13.3,1.6,0.0
11/18/2021,,20.6,12.8,0.8,0.0
11/19/2021,,20.0,15.0,1.4,0.0
11/20/2021,,20.6,14.4,1.1,0.0
11/21/2021,,31.1,11.1,3.8,0.0
11/22/2021,,30.6,14.4,1.2,0.0
11/23/2021,,24.4,15.6,2.2,0.0
11/24/2021,,22.2,13.3,4.1,0.0
11/25/2021,,27.2,15.6,5.5,0.0
11/26/2021,,29.4,11.1,1.4,0.0
11/27/2021,,25.0,10.0,0.9,0.0
11/28/2021,,26.7,10.0,0.7,0.0
11/29/2021,,23.9,11.1,0.8,0.0
11/30/2021,,21.7,12.2,1.0,0.0
12/1/2021,,23.9,11.7,1.3,0.0
12/2/2021,,17.8,12.8,1.2,0.0
12/3/2021,,18.3,13.3,1.0,0.0
12/4/2021,,18.9,11.7,1.1,0.0
12/5/2021,,19.4,11.1,0.9,0.0
12/6/2021,,18.3,10.0,2.1,0.0
12/7/2021,,18.9,13.3,1.6,0.3
12/8/2021,,22.2,11.1,1.1,0.0
12/9/2021,,16.7,12.2,1.9,1.8
12/10/2021,,17.8,8.3,1.4,0.0
12/11/2021,,20.6,7.2,0.7,0.0
12/12/2021,,18.9,7.2,0.8,0.0
12/13/2021,,17.2,9.4,2.3,0.0
12/14/2021,,16.7,8.9,5.2,36.3
12/15/2021,,15.0,5.6,0.9,0.0
12/16/2021,,15.6,5.6,1.6,1.8
12/17/2021,,22.2,9.4,1.1,0.0
12/18/2021,,20.6,5.6,1.2,0.0
12/19/2021,,18.3,6.7,1.1,0.0
12/20/2021,,19.4,8.3,0.3,0.0
12/21/2021,,20.6,11.1,0.8,0.0
12/22/2021,,20.6,10.0,0.6,0.0
12/23/2021,,16.7,12.8,2.7,20.1
12/24/2021,,17.8,12.2,2.7,25.1
12/25/2021,,15.6,11.1,1.7,8.4
12/26/2021,,16.1,10.0,1.7,9.4
12/27/2021,,15.0,7.8,2.1,4.1
12/28/2021,,15.0,10.0,2.2,0.3
12/29/2021,,15.0,8.3,3.3,8.4
12/30/2021,,17.2,11.1,2.9,5.8
12/31/2021,,16.7,9.4,2.1,0.0
1/1/2022,,17.8,9.4,1.6,0.0
1/2/2022,,20.0,5.0,0.6,0.0
1/3/2022,,17.8,5.6,0.9,0.0
1/4/2022,,17.8,6.7,1.1,0.0
1/5/2022,,20.0,7.8,0.7,0.0
1/6/2022,,21.7,8.9,0.9,0.0
1/7/2022,,14.4,7.8,1.8,0.0
1/8/2022,,18.3,11.1,1.3,0.0
1/9/2022,,24.4,7.2,0.9,0.0
1/10/2022,,26.1,9.4,1.3,0.0
1/11/2022,,28.3,11.1,1.4,0.0
1/12/2022,,25.6,9.4,0.7,0.0
1/13/2022,,21.7,12.8,0.5,0.0
1/14/2022,,22.8,12.8,1.4,0.0
1/15/2022,,21.1,14.4,1.0,1.3
1/16/2022,,23.9,14.4,1.5,0.0
1/17/2022,,19.4,15.6,1.6,0.3
1/18/2022,,19.4,14.4,1.5,0.0
1/19/2022,,20.0,12.2,1.1,0.0
1/20/2022,,24.4,9.4,1.5,0.0
1/21/2022,,21.1,10.0,3.6,0.0
1/22/2022,,23.9,16.1,6.5,0.0
1/23/2022,,24.4,12.8,2.8,0.0
1/24/2022,,21.1,9.4,1.7,0.0
1/25/2022,,18.3,9.4,1.5,0.0
1/26/2022,,21.1,8.9,0.8,0.0
1/27/2022,,20.6,7.8,1.4,0.0
1/28/2022,,25.6,8.9,3.1,0.0
1/29/2022,,21.1,9.4,0.8,0.0
1/30/2022,,20.0,7.2,2.1,0.0
1/31/2022,,17.2,7.2,1.4,0.0
2/1/2022,,18.9,11.1,1.9,0.0
2/2/2022,,20.6,7.8,4.4,0.0
2/3/2022,,20.0,7.8,1.8,0.0
2/4/2022,,23.9,7.8,2.5,0.0
2/5/2022,,23.3,6.7,1.3,0.0
2/6/2022,,23.3,7.2,1.9,0.0
2/7/2022,,27.2,10.0,1.7,0.0
2/8/2022,,26.7,10.0,1.4,0.0
2/9/2022,,32.8,10.0,1.8,0.0
2/10/2022,,32.8,17.8,5.2,0.0
2/11/2022,,28.9,13.9,1.3,0.0
2/12/2022,,31.7,11.7,1.0,0.0
2/13/2022,,29.4,12.8,1.2,0.0
2/14/2022,,21.1,11.7,2.3,0.0
2/15/2022,,18.3,10.0,3.8,2.0
2/16/2022,,17.8,7.8,2.6,0.0
2/17/2022,,23.3,10.0,2.7,0.0
2/18/2022,,21.1,8.3,1.5,0.0
2/19/2022,,22.8,8.9,1.3,0.0
2/20/2022,,19.4,12.2,1.8,0.0
2/21/2022,,16.7,13.9,3.1,0.0
2/22/2022,,16.7,10.0,3.4,0.5
2/23/2022,,15.0,7.8,2.3,0.3
2/24/2022,,18.3,5.0,1.6,0.0
2/25/2022,,17.8,5.6,1.5,0.0
2/26/2022,,23.3,6.1,1.8,0.0
2/27/2022,,24.4,6.7,1.2,0.0
2/28/2022,,27.2,8.9,1.9,0.0
3/1/2022,,27.2,11.1,1.6,0.0
3/2/2022,,25.6,10.6,1.7,0.0
3/3/2022,,19.4,10.6,3.6,0.0
3/4/2022,,18.9,12.8,3.1,0.0
3/5/2022,,15.6,11.7,3.6,0.0
3/6/2022,,17.2,7.8,1.7,0.0
3/7/2022,,23.9,8.3,2.3,0.0
3/8/2022,,23.3,8.9,2.3,0.0
3/9/2022,,19.4,10.0,2.9,0.0
3/10/2022,,19.4,13.3,2.5,0.0
3/11/2022,,25.6,13.3,3.6,0.0
3/12/2022,,23.9,10.0,2.0,0.0
3/13/2022,,20.6,11.1,2.5,0.0
3/14/2022,,22.8,11.7,2.0,0.0
3/15/2022,,23.9,11.7,1.7,0.0
3/16/2022,,22.8,13.9,2.5,0.0
3/17/2022,,28.3,12.8,1.6,0.0
3/18/2022,,25.0,13.3,2.2,0.0
3/19/2022,,20.6,13.9,3.1,10.9
3/20/2022,,22.8,13.3,2.6,0.0
3/21/2022,,21.1,12.8,2.2,0.0
3/22/2022,,26.1,12.8,1.8,0.0
3/23/2022,,29.4,15.0,1.3,0.0
3/24/2022,,27.2,14.4,1.8,0.0
3/25/2022,,23.9,13.3,2.1,0.0
3/26/2022,,21.7,14.4,3.1,0.0
3/27/2022,,19.4,15.0,4.0,0.0
3/28/2022,,18.3,13.9,4.2,14.5
3/29/2022,,19.4,12.8,2.3,0.0
3/30/2022,,20.0,13.3,2.1,0.0
3/31/2022,,17.8,15.0,2.5,0.0
4/1/2022,,21.7,15.0,1.7,0.0
4/2/2022,,19.4,14.4,1.5,0.0
4/3/2022,,20.0,15.6,2.4,0.0
4/4/2022,,21.1,15.0,1.6,0.0
4/5/2022,,22.2,13.3,2.3,0.0
4/6/2022,,28.3,15.0,1.8,0.0
4/7/2022,,39.4,15.6,2.2,0.0
4/8/2022,,38.3,18.3,1.5,0.0
4/9/2022,,26.1,17.2,4.0,0.0
4/10/2022,,21.1,17.2,4.0,0.0
4/11/2022,,20.6,13.9,4.3,0.0
4/12/2022,,22.8,13.3,2.9,0.0
4/13/2022,,20.6,9.4,2.2,0.0
4/14/2022,,21.1,11.7,2.3,0.0
4/15/2022,,21.7,13.3,2.3,0.0
4/16/2022,,21.1,15.0,2.6,0.0
4/17/2022,,21.7,14.4,1.9,0.0
4/18/2022,,23.3,13.9,1.8,0.0
4/19/2022,,22.2,15.6,3.1,0.0
4/20/2022,,20.6,15.0,3.2,0.0
4/21/2022,,20.6,12.8,3.0,0.0
4/22/2022,,18.9,13.9,3.5,4.3
4/23/2022,,24.4,12.2,2.4,0.0
4/24/2022,,31.7,13.9,2.2,0.0
4/25/2022,,29.4,15.6,2.3,0.0
4/26/2022,,24.4,16.1,2.7,0.0
4/27/2022,,21.7,15.0,4.2,0.0
4/28/2022,,20.6,15.0,3.5,0.0
4/29/2022,,22.2,13.9,2.2,0.0
4/30/2022,,24.4,14.4,2.2,0.0
5/1/2022,,21.7,15.0,3.8,0.0
5/2/2022,,22.2,16.7,3.0,0.0
5/3/2022,,21.1,16.1,3.3,0.0
5/4/2022,,23.3,14.4,2.4,0.0
5/5/2022,,24.4,15.6,1.9,0.0
5/6/2022,,22.8,15.0,3.0,0.0
5/7/2022,,21.7,17.2,3.6,0.0
5/8/2022,,21.7,15.6,4.1,0.0
5/9/2022,,21.1,14.4,3.0,0.0
5/10/2022,,21.7,12.8,3.2,0.0
5/11/2022,,21.1,12.2,3.2,0.0
5/12/2022,,26.7,12.2,2.3,0.0
5/13/2022,,30.0,15.0,2.2,0.0
5/14/2022,,30.6,16.7,1.9,0.0
5/15/2022,,25.0,16.7,3.0,0.0
5/16/2022,,22.2,16.1,3.1,0.0
5/17/2022,,21.1,16.7,3.7,0.0
5/18/2022,,22.8,16.7,2.9,0.0
5/19/2022,,20.0,16.1,3.5,0.0
5/20/2022,,20.6,15.6,3.3,1.0
5/21/2022,,20.0,17.2,2.4,0.0
5/22/2022,,22.2,16.1,2.2,0.0
5/23/2022,,20.6,15.6,2.7,0.0
5/24/2022,,21.7,16.1,2.4,0.0
5/25/2022,,21.7,16.1,3.1,0.0
5/26/2022,,22.2,16.1,3.1,0.0
5/27/2022,,22.8,17.2,2.4,0.0
5/28/2022,,21.7,17.2,2.3,0.0
5/29/2022,,23.3,17.2,3.8,0.0
5/30/2022,,23.3,16.7,2.6,0.0
5/31/2022,,23.9,16.1,2.8,0.0
6/1/2022,,23.9,16.7,3.1,0.0
6/2/2022,,22.2,16.1,3.3,0.0
6/3/2022,,23.3,16.7,2.4,0.0
6/4/2022,,23.3,18.3,2.5,0.0
6/5/2022,,24.4,18.3,2.9,0.0
6/6/2022,,24.4,18.3,3.2,0.0
6/7/2022,,24.4,18.3,2.9,0.0
6/8/2022,,24.4,18.3,3.0,0.0
6/9/2022,,24.4,18.3,2.6,0.0
6/10/2022,,26.1,17.2,3.0,0.0
6/11/2022,,26.1,18.3,2.3,0.0
6/12/2022,,23.9,17.8,3.4,0.0
6/13/2022,,25.0,18.9,3.1,0.0
6/14/2022,,25.6,19.4,3.2,0.0
6/15/2022,,25.0,18.9,3.1,0.0
6/16/2022,,25.0,18.9,3.0,0.0
6/17/2022,,24.4,18.9,3.1,0.0
6/18/2022,,23.9,18.3,3.0,0.0
6/19/2022,,26.1,17.2,1.8,0.0
6/20/2022,,31.1,17.2,2.6,0.0
6/21/2022,,27.2,18.9,3.0,0.0
6/22/2022,,29.4,20.0,2.2,0.0
6/23/2022,,29.4,19.4,2.2,0.0
6/24/2022,,29.4,17.8,2.0,0.0
6/25/2022,,27.2,16.7,2.2,0.0
6/26/2022,,27.2,16.1,2.7,0.0
6/27/2022,,28.3,18.3,2.1,0.0
6/28/2022,,28.9,19.4,2.9,0.0
6/29/2022,,27.2,20.0,3.2,0.0
6/30/2022,,27.2,18.9,2.9,0.0
7/1/2022,,26.1,18.3,2.8,0.0
7/2/2022,,25.6,18.3,2.8,0.0
7/3/2022,,23.9,18.3,3.4,0.0
7/4/2022,,24.4,17.8,2.8,0.0
7/5/2022,,26.1,18.3,2.9,0.0
7/6/2022,,25.6,18.9,1.9,0.0
7/7/2022,,26.7,17.8,2.9,0.0
7/8/2022,,25.6,18.9,2.8,0.0
7/9/2022,,27.2,18.9,2.3,0.0
7/10/2022,,26.7,17.8,2.8,0.0
7/11/2022,,24.4,18.3,2.6,0.0
7/12/2022,,24.4,17.8,2.6,0.0
7/13/2022,,25.6,18.3,1.9,0.0
7/14/2022,,23.9,18.9,3.4,0.0
7/15/2022,,26.7,18.9,2.9,0.0
7/16/2022,,26.1,19.4,2.4,0.0
7/17/2022,,27.8,18.9,3.2,0.0
7/18/2022,,28.3,20.6,3.1,0.0
7/19/2022,,29.4,20.0,2.6,0.0
7/20/2022,,30.0,20.6,2.9,0.0
7/21/2022,,27.2,19.4,3.2,0.0
7/22/2022,,26.1,20.0,3.4,0.0
7/23/2022,,26.7,20.6,2.5,0.0
7/24/2022,,26.1,20.6,2.5,0.0
7/25/2022,,25.0,20.6,2.8,0.0
7/26/2022,,26.1,20.0,2.2,0.0
7/27/2022,,26.7,19.4,2.0,0.0
7/28/2022,,26.1,18.9,2.8,0.0
7/29/2022,,26.1,20.0,3.3,0.0
7/30/2022,,27.8,20.6,3.2,0.0
7/31/2022,,28.9,21.7,2.2,0.5
8/1/2022,,31.1,21.7,2.2,0.0
8/2/2022,,29.4,21.1,2.2,0.0
8/3/2022,,27.2,21.1,2.4,0.0
8/4/2022,,27.8,20.6,2.5,0.0
8/5/2022,,30.6,20.6,2.0,0.0
8/6/2022,,28.9,19.4,2.3,0.0
8/7/2022,,29.4,20.0,2.2,0.0
8/8/2022,,28.9,21.1,2.6,0.0
8/9/2022,,31.7,22.8,2.3,0.0
8/10/2022,,32.8,22.8,2.5,0.0
8/11/2022,,31.1,21.1,2.4,0.0
8/12/2022,,30.6,21.1,2.3,0.0
8/13/2022,,31.1,21.1,2.2,0.0
8/14/2022,,30.0,21.7,2.5,0.0
8/15/2022,,28.9,20.6,2.3,0.0
8/16/2022,,29.4,20.6,2.1,0.0
8/17/2022,,28.9,21.7,2.4,0.0
8/18/2022,,28.3,20.6,2.0,0.0
8/19/2022,,27.2,19.4,3.1,0.0
8/20/2022,,26.7,21.7,3.8,0.0
8/21/2022,,25.6,21.7,2.7,0.0
8/22/2022,,27.2,21.1,1.8,0.0
8/23/2022,,27.2,20.0,2.8,0.0
8/24/2022,,27.2,21.7,3.1,0.0
8/25/2022,,28.3,21.7,2.6,0.0
8/26/2022,,28.3,21.7,2.2,0.0
8/27/2022,,27.2,21.7,2.6,0.0
8/28/2022,,26.7,21.1,2.9,0.0
8/29/2022,,26.7,21.7,1.8,0.0
8/30/2022,,31.1,20.6,1.7,0.0
8/31/2022,,36.1,21.7,2.3,0.0
9/1/2022,,31.1,22.2,2.8,0.0
9/2/2022,,33.3,23.9,2.2,0.0
9/3/2022,,36.1,25.0,1.7,0.0
9/4/2022,,41.1,26.1,2.7,0.0
9/5/2022,,34.4,24.4,2.6,0.0
9/6/2022,,32.8,24.4,2.6,0.0
9/7/2022,,37.2,24.4,1.9,0.0
9/8/2022,,38.9,24.4,2.3,0.0
9/9/2022,,38.9,22.8,2.9,4.6
9/10/2022,,28.9,22.8,2.2,0.0
9/11/2022,,31.7,25.0,1.9,2.0
9/12/2022,,31.1,24.4,2.0,0.0
9/13/2022,,28.3,22.8,3.3,0.0
9/14/2022,,26.1,21.7,3.6,0.0
9/15/2022,,26.1,21.1,2.9,0.0
9/16/2022,,26.7,20.0,2.2,0.0
9/17/2022,,25.6,20.6,3.0,0.0
9/18/2022,,25.6,20.6,2.7,0.0
9/19/2022,,26.7,19.4,1.6,0.0
9/20/2022,,28.3,21.1,1.8,0.0
9/21/2022,,27.8,18.9,1.5,0.0
9/22/2022,,29.4,17.8,1.4,0.0
9/23/2022,,31.1,18.3,1.9,0.0
9/24/2022,,31.7,21.1,1.3,0.0
9/25/2022,,30.6,21.1,1.6,0.0
9/26/2022,,31.1,21.1,1.9,0.0
9/27/2022,,31.1,21.1,2.2,0.0
9/28/2022,,30.0,20.6,,0.0
9/29/2022,,26.7,21.1,2.0,0.0
9/30/2022,,24.4,20.6,3.0,0.0
10/1/2022,,25.0,20.0,2.2,0.0
10/2/2022,,26.1,20.6,1.8,0.0
10/3/2022,,26.1,20.0,1.6,0.0
10/4/2022,,26.7,19.4,2.3,0.0
10/5/2022,,26.7,21.7,2.2,0.0
10/6/2022,,25.6,,2.2,0.0
10/7/2022,,27.2,21.1,1.9,0.0
10/8/2022,,26.7,21.1,2.0,0.0
10/9/2022,,25.6,20.6,1.7,0.0
10/10/2022,,26.1,20.6,1.9,0.0
10/11/2022,,23.9,20.6,2.0,0.3
10/12/2022,,25.6,20.6,1.6,2.3
10/13/2022,,23.3,20.0,1.8,0.0
10/14/2022,,22.2,19.4,1.9,0.0
10/15/2022,,23.3,18.9,2.6,6.4
10/16/2022,,23.9,18.9,0.9,0.0
10/17/2022,,26.1,16.7,1.2,0.0
10/18/2022,,30.6,18.3,1.1,0.0
10/19/2022,,35.0,18.9,1.5,0.0
10/20/2022,,32.2,21.1,2.0,0.0
10/21/2022,,25.0,18.9,2.7,0.0
10/22/2022,,22.8,18.9,3.0,0.0
10/23/2022,,22.8,16.7,2.5,0.0
10/24/2022,,26.7,14.4,2.6,0.0
10/25/2022,,25.0,13.3,1.5,0.0
10/26/2022,,23.3,15.0,2.1,0.0
10/27/2022,,23.9,15.6,1.6,0.0
10/28/2022,,25.0,15.0,1.3,0.0
10/29/2022,,24.4,14.4,1.3,0.0
10/30/2022,,26.1,13.9,1.3,0.0
10/31/2022,,25.6,13.9,1.3,0.0
11/1/2022,,23.3,17.8,3.8,0.0
11/2/2022,,21.1,15.6,3.3,3.3
11/3/2022,,19.4,12.2,2.6,0.0
11/4/2022,,20.6,10.0,1.6,0.0
11/5/2022,,22.2,10.6,1.2,0.0
11/6/2022,,21.1,12.2,2.1,0.0
11/7/2022,,21.1,15.6,3.3,1.5
11/8/2022,,21.1,13.3,4.7,24.4
11/9/2022,,18.3,12.2,1.6,2.3
11/10/2022,,20.0,9.4,1.0,0.0
11/11/2022,,22.2,8.9,1.3,0.0
11/12/2022,,20.0,8.9,1.7,0.0
11/13/2022,,20.6,11.1,1.6,0.0
11/14/2022,,21.7,10.0,1.2,0.0
11/15/2022,,22.2,9.4,1.8,0.0
11/16/2022,,25.6,15.6,6.0,0.0
11/17/2022,,26.1,10.0,1.7,0.0
11/18/2022,,20.6,10.0,1.5,0.0
11/19/2022,,26.1,11.7,3.3,0.0
11/20/2022,,27.2,9.4,1.0,0.0
11/21/2022,,25.6,10.0,0.8,0.0
11/22/2022,,23.9,10.0,0.9,0.0
11/23/2022,,21.1,8.9,1.3,0.0
11/24/2022,,27.8,9.4,4.1,0.0
11/25/2022,,26.7,10.0,1.3,0.0
11/26/2022,,21.1,9.4,1.5,0.0
11/27/2022,,22.2,9.4,1.2,0.0
11/28/2022,,18.3,13.9,3.4,0.0
11/29/2022,,19.4,12.8,2.2,0.0
11/30/2022,,18.9,11.7,2.7,0.0
12/1/2022,,18.3,14.4,2.8,0.0
12/2/2022,,19.4,12.8,1.6,0.3
12/3/2022,,22.8,11.7,0.5,0.0
12/4/2022,,21.1,12.2,0.9,0.5
12/5/2022,,18.9,13.3,1.8,2.0
12/6/2022,,17.2,12.2,2.0,0.3
12/7/2022,,18.3,10.0,1.1,0.0
12/8/2022,,18.3,8.3,1.3,0.0
12/9/2022,,17.2,7.8,1.0,0.0
12/10/2022,,18.9,9.4,2.3,0.0
12/11/2022,,16.1,10.0,3.4,22.6
12/12/2022,,13.3,9.4,1.5,10.7
12/13/2022,,16.1,8.9,1.5,0.0
12/14/2022,,18.9,7.2,1.0,0.0
12/15/2022,,17.8,7.8,1.0,0.0
12/16/2022,,21.7,9.4,0.9,0.0
12/17/2022,,18.3,6.1,0.9,0.0
12/18/2022,,17.8,7.2,1.8,0.0
12/19/2022,,18.9,6.1,0.8,0.0
12/20/2022,,20.0,6.7,0.7,0.0
12/21/2022,,20.6,6.7,0.9,0.0
12/22/2022,,20.6,8.9,0.9,0.0
12/23/2022,,20.0,8.3,0.9,0.0
12/24/2022,,23.9,9.4,0.5,0.0
12/25/2022,,26.1,10.0,0.9,0.0
12/26/2022,,26.7,10.0,0.6,0.0
12/27/2022,,18.9,12.2,1.4,10.2
12/28/2022,,18.3,13.3,1.9,1.8
12/29/2022,,17.2,13.3,2.5,0.3
12/30/2022,,16.7,13.3,2.1,0.0
12/31/2022,,17.2,14.4,4.3,23.4
1/1/2023,,16.7,11.1,3.0,3.3
1/2/2023,,15.6,7.8,1.9,1.5
1/3/2023,,16.7,10.6,3.1,3.3
1/4/2023,,19.4,15.0,3.5,1.3
1/5/2023,,17.8,11.7,3.5,17.5
1/6/2023,,18.9,8.9,0.9,0.0
1/7/2023,,19.4,8.3,1.0,0.0
1/8/2023,,19.4,8.9,1.5,0.0
1/9/2023,,17.2,13.9,3.9,0.5
1/10/2023,,17.2,11.7,3.7,21.1
1/11/2023,,16.7,9.4,0.6,0.0
1/12/2023,,22.2,8.9,0.5,0.0
1/13/2023,,18.9,9.4,1.2,0.0
1/14/2023,,15.6,11.7,2.4,28.7
1/15/2023,,16.7,11.1,3.0,13.5
1/16/2023,,15.6,11.1,4.0,6.4
1/17/2023,,16.1,8.3,2.0,0.3
1/18/2023,,16.1,7.2,1.4,0.0
1/19/2023,,15.6,6.7,1.7,1.0
1/20/2023,,18.3,7.8,1.5,0.0
1/21/2023,,18.9,5.6,1.0,0.0
1/22/2023,,15.6,5.6,2.1,0.0
1/23/2023,,19.4,9.4,4.4,0.0
1/24/2023,,18.3,5.6,1.6,0.0
1/25/2023,,20.6,6.7,2.7,0.0
1/26/2023,,22.8,12.2,5.4,0.0
1/27/2023,,20.0,7.8,1.4,0.0
1/28/2023,,17.2,8.3,2.9,0.0
1/29/2023,,15.0,10.6,3.0,0.0
1/30/2023,,15.0,10.0,1.7,7.9
1/31/2023,,19.4,8.9,5.3,0.0
2/1/2023,,19.4,5.6,2.1,0.0
2/2/2023,,21.1,6.1,0.6,0.0
2/3/2023,,21.7,10.0,1.2,0.0
2/4/2023,,21.1,7.8,1.1,0.0
2/5/2023,,17.8,11.7,1.7,0.0
2/6/2023,,20.6,8.3,1.4,0.0
2/7/2023,,23.3,11.1,2.9,0.0
2/8/2023,,21.7,8.9,1.2,0.0
2/9/2023,,24.4,8.9,1.7,0.0
2/10/2023,,23.9,8.9,1.4,0.0
2/11/2023,,17.2,10.0,2.6,0.0
2/12/2023,,15.6,7.2,1.9,0.0
2/13/2023,,17.2,10.6,2.7,0.8
2/14/2023,,15.0,11.1,3.2,0.0
2/15/2023,,18.9,5.6,2.4,0.0
2/16/2023,,18.9,6.7,2.6,0.0
2/17/2023,,20.0,7.2,1.2,0.0
2/18/2023,,19.4,7.8,1.2,0.0
2/19/2023,,18.3,6.7,1.7,0.0
2/20/2023,,21.7,8.9,1.3,0.0
2/21/2023,,17.2,10.6,3.8,0.3
2/22/2023,,13.3,10.0,5.1,0.0
2/23/2023,,12.8,7.8,2.6,7.9
2/24/2023,,15.0,8.3,6.7,14.0
2/25/2023,,13.3,7.2,3.4,52.8
2/26/2023,,13.3,5.0,2.2,1.0
2/27/2023,,13.9,7.8,2.6,1.3
2/28/2023,,15.0,10.0,3.0,5.3
3/1/2023,,13.9,9.4,4.6,15.2
3/2/2023,,15.0,4.4,2.0,0.0
3/3/2023,,16.1,7.2,2.0,0.0
3/4/2023,,15.6,7.8,2.3,0.0
3/5/2023,,15.0,10.0,1.9,0.0
3/6/2023,,16.1,10.6,1.7,0.0
3/7/2023,,17.2,8.3,1.9,0.0
3/8/2023,,15.6,8.3,1.5,0.0
3/9/2023,,18.9,10.0,1.4,0.0
3/10/2023,,15.0,12.2,2.2,20.1
3/11/2023,,19.4,15.0,2.8,2.8
3/12/2023,,18.9,13.3,1.6,0.0
3/13/2023,,18.3,13.3,2.1,0.0
3/14/2023,,16.7,13.3,2.3,26.7
3/15/2023,,16.7,12.2,3.3,25.1
3/16/2023,,16.1,11.7,2.1,0.0
3/17/2023,,20.6,9.4,1.3,0.0
3/18/2023,,23.3,10.6,1.6,0.0
3/19/2023,,18.3,12.8,2.9,0.0
3/20/2023,,16.7,12.8,3.0,4.3
3/21/2023,,17.2,10.6,5.4,25.9
3/22/2023,,16.1,10.0,3.0,5.8
3/23/2023,,16.7,10.6,2.4,0.3
3/24/2023,,17.8,10.0,2.6,0.0
3/25/2023,,17.2,10.6,3.1,0.0
3/26/2023,,17.8,8.3,1.7,0.0
3/27/2023,,22.8,8.3,1.4,0.0
3/28/2023,,20.6,10.6,2.0,0.0
3/29/2023,,16.1,10.0,3.1,11.4
3/30/2023,,15.6,9.4,2.6,3.8
3/31/2023,,17.8,8.9,1.7,0.0
4/1/2023,,20.0,9.4,2.2,0.0
4/2/2023,,17.2,10.0,3.0,0.0
4/3/2023,,17.8,12.2,4.1,0.0
4/4/2023,,18.3,10.6,3.3,0.0
4/5/2023,,18.9,8.9,1.4,0.0
4/6/2023,,22.8,10.0,1.9,0.0
4/7/2023,,21.1,12.2,2.1,0.0
4/8/2023,,18.9,12.2,1.8,0.0
4/9/2023,,20.0,11.7,2.0,0.0
4/10/2023,,20.6,10.6,2.2,0.0
4/11/2023,,18.3,12.2,2.7,0.0
4/12/2023,,16.7,13.3,3.1,0.0
4/13/2023,,15.6,12.2,3.4,1.0
4/14/2023,,17.8,12.2,2.9,0.0
4/15/2023,,20.6,10.6,1.6,0.0
4/16/2023,,18.9,12.2,1.7,0.0
4/17/2023,,17.8,13.3,2.3,0.0
4/18/2023,,18.3,12.8,3.0,0.0
4/19/2023,,19.4,11.7,2.6,0.0
4/20/2023,,25.0,11.7,1.6,0.0
4/21/2023,,30.0,14.4,1.6,0.0
4/22/2023,,26.7,15.6,2.4,0.0
4/23/2023,,20.0,15.0,3.4,0.0
4/24/2023,,20.0,15.0,2.9,0.0
4/25/2023,,20.0,15.6,2.5,0.0
4/26/2023,,21.7,14.4,1.9,0.0
4/27/2023,,19.4,14.4,2.3,0.0
4/28/2023,,20.0,13.9,2.5,0.0
4/29/2023,,21.7,13.9,2.2,0.0
4/30/2023,,17.2,14.4,3.1,0.0
5/1/2023,,18.9,13.9,3.6,0.8
5/2/2023,,18.3,13.9,2.7,0.0
5/3/2023,,18.9,13.3,3.4,0.0
5/4/2023,,18.3,12.2,3.7,8.1
5/5/2023,,19.4,13.3,1.7,2.8
5/6/2023,,20.0,11.7,2.2,0.0
5/7/2023,,20.0,12.8,2.1,0.0
5/8/2023,,21.1,13.9,2.5,0.0
5/9/2023,,20.6,14.4,3.0,0.0
5/10/2023,,19.4,14.4,3.2,0.0
5/11/2023,,20.6,14.4,2.3,0.0
5/12/2023,,21.1,15.6,2.2,0.0
5/13/2023,,20.0,15.6,2.8,0.0
5/14/2023,,21.7,15.6,2.9,0.0
5/15/2023,,20.6,15.6,2.5,0.0
5/16/2023,,22.8,15.6,2.2,0.0
5/17/2023,,21.1,15.0,2.3,0.0
5/18/2023,,20.0,16.1,3.1,0.0
5/19/2023,,18.9,16.1,2.6,0.0
5/20/2023,,21.7,16.7,2.5,0.0
5/21/2023,,21.1,16.1,2.8,0.0
5/22/2023,,20.0,16.1,2.7,0.0
5/23/2023,,18.3,16.1,2.6,0.0
5/24/2023,,18.9,14.4,2.9,0.3
5/25/2023,,20.0,16.1,2.8,0.0
5/26/2023,,20.6,15.6,1.9,0.0
5/27/2023,,20.6,16.1,1.8,0.0
5/28/2023,,19.4,16.7,1.8,0.0
5/29/2023,,20.6,16.1,2.8,0.0
5/30/2023,,18.9,16.1,2.3,0.5
5/31/2023,,18.9,15.6,1.9,0.0
6/1/2023,,20.0,15.0,2.3,0.0
6/2/2023,,21.7,16.7,1.9,0.0
6/3/2023,,22.8,15.0,2.2,0.0
6/4/2023,,21.1,16.1,2.6,0.0
6/5/2023,,18.9,15.0,3.3,0.0
6/6/2023,,20.6,15.6,3.0,0.0
6/7/2023,,21.7,16.1,2.6,0.0
6/8/2023,,22.2,16.1,1.8,0.0
6/9/2023,,20.6,17.2,1.8,0.0
6/10/2023,,21.1,16.7,2.1,0.0
6/11/2023,,22.2,16.1,3.9,0.0
6/12/2023,,21.7,16.7,2.1,0.5
6/13/2023,,22.2,17.2,2.0,0.0
6/14/2023,,20.6,17.2,2.3,0.0
6/15/2023,,21.1,16.1,2.4,0.0
6/16/2023,,23.9,17.8,2.1,0.0
6/17/2023,,25.0,17.2,2.3,0.0
6/18/2023,,22.2,17.2,2.7,0.0
6/19/2023,,22.8,17.2,2.9,0.0
6/20/2023,,23.9,17.2,2.5,0.0
6/21/2023,,23.9,15.6,2.5,0.0
6/22/2023,,22.2,16.7,2.5,0.0
6/23/2023,,23.3,16.1,2.5,0.0
6/24/2023,,22.8,15.0,2.2,0.0
6/25/2023,,23.3,16.7,2.1,0.0
6/26/2023,,23.9,15.6,2.4,0.0
6/27/2023,,22.8,16.1,2.5,0.0
6/28/2023,,21.1,17.2,3.1,0.0
6/29/2023,,23.3,17.2,2.7,0.0
6/30/2023,,25.6,17.2,2.6,0.0
7/1/2023,,23.9,17.8,3.0,0.0
7/2/2023,,24.4,17.8,2.1,0.0
7/3/2023,,23.3,17.2,2.5,0.0
7/4/2023,,24.4,16.7,2.5,0.0
7/5/2023,,23.9,16.7,2.2,0.0
7/6/2023,,22.8,16.7,2.6,0.0
7/7/2023,,22.8,17.8,3.0,0.0
7/8/2023,,23.3,17.8,2.8,0.0
7/9/2023,,23.3,17.8,2.2,0.0
7/10/2023,,25.0,16.7,2.7,0.0
7/11/2023,,27.8,18.3,2.3,0.0
7/12/2023,,30.6,18.9,2.3,0.0
7/13/2023,,28.9,19.4,2.8,0.0
7/14/2023,,28.3,17.8,3.0,0.0
7/15/2023,,25.0,18.3,3.2,0.0
7/16/2023,,25.6,18.9,3.0,0.0
7/17/2023,,28.9,20.0,3.0,0.0
7/18/2023,,28.9,20.0,2.8,0.0
7/19/2023,,30.0,20.0,2.5,0.0
7/20/2023,,30.0,20.0,2.7,0.0
7/21/2023,,26.1,19.4,3.2,0.0
7/22/2023,,26.1,18.9,2.6,0.0
7/23/2023,,28.3,20.0,2.8,0.0
7/24/2023,,27.8,20.0,2.3,0.0
7/25/2023,,30.6,20.0,2.2,0.0
7/26/2023,,31.1,19.4,2.6,0.0
7/27/2023,,30.6,20.6,2.6,0.0
7/28/2023,,26.7,20.0,3.3,0.0
7/29/2023,,28.9,20.6,2.6,0.0
7/30/2023,,30.0,21.1,2.8,0.0
7/31/2023,,30.0,21.7,2.6,0.0
8/1/2023,,30.0,21.7,2.6,0.0
8/2/2023,,28.3,20.6,2.5,0.0
8/3/2023,,26.1,19.4,2.3,0.0
8/4/2023,,26.7,18.9,3.0,0.0
8/5/2023,,27.8,20.0,2.6,0.0
8/6/2023,,27.8,19.4,3.0,0.0
8/7/2023,,26.7,19.4,3.0,0.0
8/8/2023,,28.3,18.9,3.2,0.0
8/9/2023,,26.1,20.6,2.4,0.0
8/10/2023,,26.1,20.6,2.6,0.0
8/11/2023,,26.1,20.6,2.1,0.0
8/12/2023,,26.1,20.0,2.2,0.0
8/13/2023,,26.7,19.4,2.1,0.0
8/14/2023,,26.7,20.6,2.2,0.0
8/15/2023,,28.3,20.6,1.8,0.0
8/16/2023,,30.6,20.0,2.2,0.0
8/17/2023,,27.8,19.4,2.5,0.0
8/18/2023,,27.8,18.9,1.7,0.0
8/19/2023,,24.4,18.9,1.7,0.0
8/20/2023,,25.0,19.4,3.8,51.1
8/21/2023,,26.1,18.9,2.7,3.0
8/22/2023,,27.8,19.4,1.6,0.0
8/23/2023,,28.3,20.0,2.2,0.0
8/24/2023,,26.1,19.4,2.2,0.0
8/25/2023,,27.2,18.9,1.8,0.0
8/26/2023,,30.0,17.8,1.6,0.0
8/27/2023,,31.7,17.8,1.5,0.0
8/28/2023,,32.2,20.0,2.3,0.0
8/29/2023,,32.2,20.6,1.9,0.0
8/30/2023,,31.1,20.6,2.6,0.0
8/31/2023,,26.7,20.0,3.2,0.0
9/1/2023,,27.2,20.6,3.6,0.0
9/2/2023,,27.8,22.2,2.5,0.0
9/3/2023,,26.1,20.0,2.3,0.0
9/4/2023,,25.6,18.9,2.3,0.0
9/5/2023,,23.3,19.4,2.4,0.0
9/6/2023,,26.7,20.0,1.5,0.0
9/7/2023,,26.1,18.3,1.4,0.0
9/8/2023,,32.8,20.0,1.6,0.0
9/9/2023,,31.7,21.7,2.1,0.0
9/10/2023,,30.0,21.7,2.2,0.0
9/11/2023,,30.0,21.1,2.1,0.0
9/12/2023,,25.6,19.4,2.9,0.0
9/13/2023,,24.4,19.4,3.1,0.0
9/14/2023,,25.0,19.4,2.6,0.0
9/15/2023,,25.0,20.0,1.8,0.0
9/16/2023,,22.2,20.0,1.4,0.0
9/17/2023,,23.3,19.4,1.5,0.0
9/18/2023,,25.0,18.9,1.8,0.0
9/19/2023,,25.0,17.2,1.7,0.0
9/20/2023,,24.4,18.9,2.2,0.0
9/21/2023,,23.3,17.8,1.7,0.0
9/22/2023,,24.4,16.7,1.3,0.0
9/23/2023,,23.9,17.2,1.4,0.0
9/24/2023,,25.0,17.2,1.8,0.0
9/25/2023,,25.0,17.2,1.8,0.0
9/26/2023,,26.1,16.1,1.8,0.0
9/27/2023,,25.6,16.1,2.1,0.0
9/28/2023,,23.3,18.3,2.5,0.0
9/29/2023,,22.8,18.9,2.9,0.0
9/30/2023,,22.2,17.8,2.9,0.0
10/1/2023,,21.7,15.6,1.7,0.0
10/2/2023,,22.2,13.9,1.6,0.0
10/3/2023,,25.6,15.0,1.4,0.0
10/4/2023,,29.4,16.7,2.0,0.0
10/5/2023,,31.7,17.2,1.9,0.0
10/6/2023,,28.9,17.8,1.9,0.0
10/7/2023,,30.6,17.2,2.0,0.0
10/8/2023,,27.8,17.2,1.3,0.0
10/9/2023,,23.3,17.2,2.1,0.0
10/10/2023,,23.3,16.7,2.4,0.0
10/11/2023,,23.3,17.2,2.1,0.0
10/12/2023,,25.0,16.1,1.8,0.0
10/13/2023,,25.0,16.7,1.3,0.0
10/14/2023,,26.7,15.6,0.9,0.0
10/15/2023,,28.9,15.6,1.5,0.0
10/16/2023,,27.2,16.7,1.4,0.0
10/17/2023,,23.3,17.8,1.7,0.0
10/18/2023,,23.9,17.8,2.0,0.0
10/19/2023,,27.2,17.2,1.1,0.0
10/20/2023,,31.1,18.3,1.6,0.0
10/21/2023,,27.2,17.8,1.9,0.0
10/22/2023,,22.8,16.7,2.4,0.0
10/23/2023,,22.8,17.2,2.7,0.0
10/24/2023,,22.8,15.6,2.7,0.0
10/25/2023,,22.2,17.2,2.9,0.0
10/26/2023,,22.8,16.7,1.4,0.0
10/27/2023,,22.2,16.1,1.8,0.0
10/28/2023,,21.7,14.4,1.9,0.0
10/29/2023,,28.3,13.3,6.4,0.0
10/30/2023,,30.6,16.1,3.3,0.0
10/31/2023,,31.7,12.2,1.6,0.0
11/1/2023,,30.6,12.8,0.8,0.0
11/2/2023,,27.8,13.3,0.6,0.0
11/3/2023,,26.7,12.2,1.1,0.0
11/4/2023,,25.6,13.3,1.1,0.0
11/5/2023,,26.7,12.2,1.3,0.0
11/6/2023,,23.3,13.3,1.8,0.0
11/7/2023,,21.7,15.6,2.6,0.0
11/8/2023,,27.2,13.3,3.8,0.0
11/9/2023,,28.3,13.9,3.8,0.0
11/10/2023,,24.4,10.6,0.9,0.0
11/11/2023,,27.2,9.4,1.1,0.0
11/12/2023,,30.0,10.0,1.4,0.0
11/13/2023,,23.9,12.2,1.4,0.0
11/14/2023,,26.7,10.0,1.1,0.0
11/15/2023,,21.7,12.8,1.6,13.0
11/16/2023,,23.9,15.6,1.5,0.0
11/17/2023,,21.7,13.9,1.7,0.0
11/18/2023,,21.7,16.1,2.3,0.5
11/19/2023,,21.7,13.9,2.5,0.0
11/20/2023,,25.6,12.8,6.7,0.0
11/21/2023,,29.4,15.6,2.0,0.0
11/22/2023,,27.8,11.7,1.0,0.0
11/23/2023,,22.8,14.4,2.6,0.0
11/24/2023,,20.6,15.0,3.0,0.0
11/25/2023,,21.1,11.7,2.0,0.0
11/26/2023,,22.8,12.8,3.4,0.0
11/27/2023,,23.3,11.1,0.9,0.0
11/28/2023,,22.2,11.1,0.9,0.0
11/29/2023,,19.4,11.1,1.5,0.0
11/30/2023,,18.9,13.3,1.9,0.0
12/1/2023,,20.0,10.6,1.3,0.0
12/2/2023,,18.9,10.0,1.6,0.0
12/3/2023,,20.6,9.4,1.0,0.0
12/4/2023,,23.3,11.1,0.9,0.0
12/5/2023,,26.1,11.7,1.0,0.0
12/6/2023,,23.3,11.7,1.6,0.0
12/7/2023,,19.4,13.3,2.1,0.0
12/8/2023,,19.4,10.6,1.4,0.0
12/9/2023,,24.4,8.9,2.4,0.0
12/10/2023,,24.4,7.8,1.0,0.0
12/11/2023,,21.7,8.9,1.0,0.0
12/12/2023,,18.3,8.3,1.6,0.0
12/13/2023,,21.1,10.6,0.9,0.0
12/14/2023,,24.4,9.4,0.9,0.0
12/15/2023,,25.6,8.9,0.9,0.0
12/16/2023,,26.1,10.0,0.8,0.0
12/17/2023,,25.0,10.0,1.3,0.0
12/18/2023,,23.3,14.4,1.4,0.3
12/19/2023,,19.4,15.6,1.6,1.3
12/20/2023,,20.6,16.1,2.8,7.9
12/21/2023,,21.7,15.6,2.4,6.9
12/22/2023,,19.4,14.4,2.0,12.7
12/23/2023,,18.9,12.8,1.9,0.0
12/24/2023,,20.0,11.7,0.7,0.0
12/25/2023,,19.4,9.4,0.9,0.0
12/26/2023,,19.4,10.6,0.6,0.0
12/27/2023,,18.3,11.7,0.8,0.0
12/28/2023,,20.0,13.3,1.0,0.0
12/29/2023,,18.9,11.1,1.0,0.0
12/30/2023,,18.3,13.9,2.1,8.1
12/31/2023,,16.7,12.2,1.3,2.8
1/1/2024,,20.6,10.6,0.7,0.0
1/2/2024,,18.9,9.4,1.2,0.0
1/3/2024,,17.2,11.7,2.0,4.8
1/4/2024,,18.9,7.2,1.5,0.0
1/5/2024,,18.9,7.8,1.3,0.0
1/6/2024,,17.8,7.2,2.2,0.0
1/7/2024,,16.7,9.4,4.1,0.3
1/8/2024,,17.8,5.0,1.7,0.0
1/9/2024,,16.7,5.6,1.9,0.0
1/10/2024,,16.7,8.3,2.2,0.0
1/11/2024,,17.2,8.9,1.9,0.3
1/12/2024,,17.2,6.1,1.4,0.0
1/13/2024,,17.8,7.2,1.1,0.0
1/14/2024,,16.7,8.9,1.3,0.0
1/15/2024,,17.8,8.3,1.1,0.0
1/16/2024,,19.4,8.9,1.3,0.0
1/17/2024,,16.7,12.8,1.9,0.0
1/18/2024,,18.9,12.8,1.2,0.0
1/19/2024,,21.1,11.7,1.4,0.0
1/20/2024,,16.7,13.9,1.9,13.0
1/21/2024,,18.9,14.4,2.8,0.3
1/22/2024,,17.2,14.4,2.3,20.8
1/23/2024,,19.4,12.2,1.4,0.0
1/24/2024,,17.2,11.7,1.7,0.0
1/25/2024,,18.3,12.2,2.1,1.0
1/26/2024,,23.3,9.4,1.5,0.0
1/27/2024,,25.6,10.6,1.9,0.0
1/28/2024,,24.4,11.7,1.4,0.0
1/29/2024,,26.1,11.7,0.9,0.0
1/30/2024,,22.8,11.1,1.5,0.0
1/31/2024,,18.9,11.7,2.6,0.0
2/1/2024,,16.7,11.1,3.0,30.0
2/2/2024,,16.7,10.0,2.1,3.8
2/3/2024,,16.1,10.6,1.8,0.8
2/4/2024,,16.7,11.1,3.7,15.2
2/5/2024,,15.0,12.8,3.0,38.6
2/6/2024,,13.9,10.0,1.7,41.9
2/7/2024,,16.1,8.9,2.6,8.1
2/8/2024,,15.0,10.6,2.9,3.6
2/9/2024,,15.0,9.4,1.2,0.0
2/10/2024,,18.9,6.7,0.9,0.0
2/11/2024,,18.9,6.7,1.3,0.0
2/12/2024,,18.3,6.7,1.0,0.0
2/13/2024,,17.8,7.8,1.8,0.0
2/14/2024,,17.8,11.1,1.1,0.0
2/15/2024,,18.9,10.0,1.7,0.0
2/16/2024,,18.9,13.3,1.5,0.0
2/17/2024,,17.8,12.2,1.4,0.0
2/18/2024,,19.4,12.8,2.3,0.0
2/19/2024,,16.7,13.9,3.4,2.8
2/20/2024,,16.1,13.9,2.9,26.2
2/21/2024,,18.3,13.3,2.3,6.1
2/22/2024,,20.0,10.6,1.3,0.0
2/23/2024,,26.1,11.1,1.3,0.0
2/24/2024,,23.9,13.9,1.0,0.0
2/25/2024,,19.4,12.8,1.3,0.0
2/26/2024,,18.9,13.3,1.2,0.0
2/27/2024,,18.9,13.9,1.4,0.0
2/28/2024,,20.6,11.1,1.5,0.0
2/29/2024,,18.9,14.4,1.9,0.0
3/1/2024,,18.9,13.9,2.8,0.0
3/2/2024,,18.3,12.2,3.4,8.9
3/3/2024,,17.2,11.7,2.5,2.3
3/4/2024,,17.2,11.1,2.6,0.0
3/5/2024,,17.8,10.0,1.2,0.0
3/6/2024,,18.3,11.7,2.9,18.3
3/7/2024,,17.8,10.0,2.1,0.0
3/8/2024,,19.4,10.0,1.8,0.0
3/9/2024,,20.0,10.0,1.7,0.0
3/10/2024,,21.1,10.0,1.6,0.0
3/11/2024,,18.3,11.7,2.1,0.0
3/12/2024,,18.9,12.8,2.1,0.0
3/13/2024,,19.4,13.3,2.5,0.0
3/14/2024,,22.2,12.2,7.7,0.0
3/15/2024,,19.4,12.2,4.1,0.0
3/16/2024,,19.4,13.3,2.2,0.0
3/17/2024,,19.4,11.1,2.1,0.0
3/18/2024,,21.7,11.7,1.5,0.8
3/19/2024,,21.7,11.1,2.3,0.0
3/20/2024,,20.6,13.9,2.1,0.0
3/21/2024,,20.6,13.9,2.1,0.0
3/22/2024,,20.0,13.9,2.3,0.0
3/23/2024,,17.2,13.3,3.8,6.6
3/24/2024,,17.2,12.2,3.1,0.0
3/25/2024,,18.3,9.4,2.9,0.0
3/26/2024,,18.9,12.8,3.1,0.0
3/27/2024,,19.4,11.1,2.3,0.0
3/28/2024,,18.3,12.8,2.4,0.0
3/29/2024,,17.8,11.7,3.4,0.3
3/30/2024,,15.6,11.1,3.8,26.4
3/31/2024,,15.0,11.1,3.0,26.9
4/1/2024,,20.0,9.4,1.8,0.0
4/2/2024,,22.2,11.1,1.8,0.0
4/3/2024,,22.2,12.2,2.2,0.0
4/4/2024,,17.8,11.7,3.1,0.0
4/5/2024,,15.6,8.3,3.3,1.8
4/6/2024,,16.7,7.8,2.2,0.0
4/7/2024,,18.3,8.9,2.0,0.0
4/8/2024,,21.7,10.0,2.1,0.0
4/9/2024,,28.3,10.6,2.5,0.0
4/10/2024,,25.0,12.8,2.1,0.0
4/11/2024,,21.7,12.8,2.5,0.0
4/12/2024,,16.7,13.3,3.4,0.0
4/13/2024,,19.4,10.0,3.8,4.6
4/14/2024,,17.2,8.9,2.4,2.5
4/15/2024,,19.4,11.7,1.5,0.0
4/16/2024,,23.9,11.7,1.7,0.0
4/17/2024,,22.2,13.9,2.1,0.0
4/18/2024,,23.3,,1.9,0.0
4/19/2024,,21.1,16.1,2.9,0.0
4/20/2024,,,,,0.0
4/21/2024,,22.2,,,0.0
4/23/2024,,19.4,15.0,2.5,0.0
4/24/2024,,19.4,15.0,2.8,0.0
4/25/2024,,19.4,14.4,3.1,0.0
4/26/2024,,19.4,13.9,3.7,0.0
4/27/2024,,20.6,13.3,3.0,0.0
4/28/2024,,21.7,12.8,2.1,0.0
4/29/2024,,21.7,13.9,2.2,0.0
4/30/2024,,21.1,15.0,3.3,0.0
5/1/2024,,21.1,15.6,3.2,0.0
5/2/2024,,20.0,15.6,2.2,0.0
5/3/2024,,21.7,15.6,2.8,0.0
5/4/2024,,19.4,15.0,2.9,0.0
5/5/2024,,19.4,13.3,3.6,1.5
5/6/2024,,21.7,12.2,2.4,0.0
5/7/2024,,22.2,12.8,3.1,0.0
5/8/2024,,21.1,13.9,3.3,0.0
5/9/2024,,21.7,15.6,3.4,0.0
5/10/2024,,21.1,16.1,2.3,0.0
5/11/2024,,20.6,15.6,2.4,0.0
5/12/2024,,21.1,15.6,1.7,0.0
5/13/2024,,20.6,15.6,3.0,0.0
5/14/2024,,20.0,14.4,2.9,0.0
5/15/2024,,18.9,15.0,2.2,0.0
5/16/2024,,19.4,15.6,2.0,0.0
5/17/2024,,20.6,16.1,2.1,0.0
5/18/2024,,21.1,16.1,2.0,0.0
5/19/2024,,20.6,15.6,2.4,0.0
5/20/2024,,20.6,15.0,2.9,0.0
5/21/2024,,20.6,14.4,2.3,0.0
5/22/2024,,20.6,14.4,2.4,0.0
5/23/2024,,19.4,15.6,3.4,0.0
5/24/2024,,20.6,15.6,3.0,0.0
5/25/2024,,20.6,15.0,2.7,0.0
5/26/2024,,21.1,15.6,2.6,0.0
5/27/2024,,21.1,14.4,2.6,0.0
5/28/2024,,21.1,15.0,2.6,0.0
5/29/2024,,21.1,15.0,3.1,0.0
5/30/2024,,22.2,16.1,3.0,0.0
5/31/2024,,21.1,15.6,2.8,0.0
6/1/2024,,21.7,16.1,2.6,0.0
6/2/2024,,20.0,15.0,2.8,0.0
6/3/2024,,21.7,16.7,2.2,0.0
6/4/2024,,22.8,17.2,2.8,0.0
6/5/2024,,22.8,17.2,3.2,0.0
6/6/2024,,22.2,17.2,2.6,0.0
6/7/2024,,20.6,16.7,3.1,0.3
6/8/2024,,21.7,17.2,2.8,0.0
6/9/2024,,22.8,16.7,2.9,0.0
6/10/2024,,22.8,17.2,2.1,0.0
6/11/2024,,21.1,16.7,2.4,0.0
6/12/2024,,22.2,17.2,2.9,0.0
6/13/2024,,23.9,17.2,2.3,0.0
6/14/2024,,23.3,16.7,2.6,0.0
6/15/2024,,24.4,16.7,2.6,0.0
6/16/2024,,23.9,17.2,3.8,0.0
6/17/2024,,22.8,17.2,3.8,0.0
6/18/2024,,23.3,17.2,3.7,0.0
6/19/2024,,23.3,17.2,2.6,0.0
6/20/2024,,24.4,18.3,2.5,0.0
6/21/2024,,24.4,17.2,2.3,0.0
6/22/2024,,27.2,17.8,2.2,0.0
6/23/2024,,31.1,19.4,2.9,0.0
6/24/2024,,31.7,21.1,2.6,0.0
6/25/2024,,27.8,19.4,2.7,0.0
6/26/2024,,25.6,18.9,3.1,0.0
6/27/2024,,26.1,18.9,3.2,0.0
6/28/2024,,24.4,19.4,3.2,0.0
6/29/2024,,25.6,17.8,2.1,0.0
6/30/2024,,26.1,17.2,2.5,0.0
7/1/2024,,25.0,18.3,3.0,0.0
7/2/2024,,25.6,18.3,2.4,0.0
7/3/2024,,25.6,18.3,2.7,0.0
7/4/2024,,25.0,18.3,2.6,0.0
7/5/2024,,26.7,18.9,3.0,0.0
7/6/2024,,26.1,20.0,3.3,0.0
7/7/2024,,25.0,20.0,3.3,0.0
7/8/2024,,25.6,20.0,2.9,0.0
7/9/2024,,26.7,20.0,2.3,0.0
7/10/2024,,25.6,19.4,2.9,0.0
7/11/2024,,27.8,18.9,2.6,0.0
7/12/2024,,25.6,18.9,2.5,0.0
7/13/2024,,27.2,20.0,2.5,0.0
7/14/2024,,26.7,19.4,2.7,0.0
7/15/2024,,26.1,18.9,2.4,0.0
7/16/2024,,25.6,18.9,2.6,0.0
7/17/2024,,26.1,19.4,3.3,0.0
7/18/2024,,25.0,20.0,3.5,0.0
7/19/2024,,26.1,19.4,2.5,0.0
7/20/2024,,26.1,17.8,2.8,0.0
7/21/2024,,26.1,19.4,3.1,0.0
7/22/2024,,27.2,20.0,2.3,0.0
7/23/2024,,27.8,21.1,2.6,0.0
7/24/2024,,28.9,20.0,1.9,0.0
7/25/2024,,30.0,19.4,2.3,0.0
7/26/2024,,26.1,18.3,3.1,0.0
7/27/2024,,25.6,18.9,2.7,0.0
7/28/2024,,25.6,17.8,2.4,0.0
7/29/2024,,26.7,17.2,2.3,0.0
7/30/2024,,25.6,17.2,2.6,0.0
7/31/2024,,26.7,17.8,2.2,0.0
8/1/2024,,25.0,17.8,2.1,0.0
8/2/2024,,31.1,19.4,2.2,0.0
8/3/2024,,30.0,19.4,2.2,0.0
8/4/2024,,29.4,18.9,2.4,0.0
8/5/2024,,30.6,20.0,2.2,0.0
8/6/2024,,26.7,19.4,3.1,0.0
8/7/2024,,27.2,20.0,3.6,0.0
8/8/2024,,26.1,20.0,3.0,0.0
8/9/2024,,27.2,20.0,2.6,0.0
8/10/2024,,29.4,19.4,2.4,0.0
8/11/2024,,29.4,21.1,2.5,0.0
8/12/2024,,28.3,20.6,2.7,0.0
8/13/2024,,27.8,20.0,2.7,0.0
8/14/2024,,28.3,19.4,2.6,0.0
8/15/2024,,28.3,19.4,2.7,0.0
8/16/2024,,27.8,20.6,3.1,0.0
8/17/2024,,26.1,21.1,2.5,0.0
8/18/2024,,27.2,21.1,2.1,0.0
8/19/2024,,30.0,19.4,2.0,0.0
8/20/2024,,33.3,19.4,1.8,0.0
8/21/2024,,29.4,19.4,2.5,0.0
8/22/2024,,26.7,20.0,2.9,0.0
8/23/2024,,25.6,19.4,2.8,0.0
8/24/2024,,25.6,18.9,2.3,0.0
8/25/2024,,27.2,18.3,2.3,0.0
8/26/2024,,29.4,18.9,2.2,0.0
8/27/2024,,26.1,19.4,2.5,0.0
8/28/2024,,26.1,18.9,2.1,0.0
8/29/2024,,25.6,18.9,1.8,0.0
8/30/2024,,24.4,18.3,2.1,0.0
8/31/2024,,25.6,19.4,2.2,0.0
9/1/2024,,26.1,20.0,2.6,0.0
9/2/2024,,27.8,20.0,2.6,0.0
9/3/2024,,30.0,20.6,2.3,0.0
9/4/2024,,32.2,20.6,2.1,0.0
9/5/2024,,33.9,21.1,2.0,0.0
9/6/2024,,42.8,22.8,2.5,0.0
9/7/2024,,35.0,24.4,1.7,0.0
9/8/2024,,38.9,23.9,1.1,0.0
9/9/2024,,35.6,22.2,2.3,0.0
9/10/2024,,28.9,18.9,2.8,0.0
9/11/2024,,23.3,17.8,3.4,0.0
9/12/2024,,23.9,18.9,3.0,0.0
9/13/2024,,25.0,20.0,2.8,0.0
9/14/2024,,25.0,20.0,2.0,0.0
9/15/2024,,24.4,20.0,2.2,0.0
9/16/2024,,23.3,18.3,2.8,0.0
9/17/2024,,23.3,16.7,2.1,0.0
9/18/2024,,23.3,16.7,2.2,0.0
9/19/2024,,23.9,17.8,2.1,0.0
9/20/2024,,23.9,18.3,1.9,0.0
9/21/2024,,23.3,18.3,1.7,0.0
9/22/2024,,24.4,18.3,1.8,0.0
9/23/2024,,24.4,17.2,1.8,0.0
9/24/2024,,23.9,17.8,1.7,0.0
9/25/2024,,22.2,16.7,1.6,0.0
9/26/2024,,23.3,16.1,1.5,0.0
9/27/2024,,21.1,16.1,2.0,0.0
9/28/2024,,22.2,15.6,1.5,0.0
9/29/2024,,23.9,15.6,1.9,0.0
9/30/2024,,25.6,16.1,1.6,0.0
10/1/2024,,28.3,16.1,1.5,0.0
10/2/2024,,26.1,16.7,2.1,0.0
10/3/2024,,22.8,17.2,2.5,0.0
10/4/2024,,27.2,18.3,1.9,0.0
10/5/2024,,25.6,17.2,2.0,0.0
10/6/2024,,27.2,17.2,1.8,0.0
10/7/2024,,25.6,16.7,1.8,0.0
10/8/2024,,25.0,16.1,1.7,0.0
10/9/2024,,23.3,17.2,1.7,0.0
10/10/2024,,25.6,16.7,1.0,0.0
10/11/2024,,25.0,15.0,1.4,0.0
10/12/2024,,22.8,15.6,1.6,0.0
10/13/2024,,22.8,15.6,2.0,0.0
10/14/2024,,22.2,15.0,2.2,0.0
10/15/2024,,21.1,16.7,2.0,0.0
10/16/2024,,20.0,17.8,2.2,0.0
10/17/2024,,22.8,17.2,2.0,0.0
10/18/2024,,25.0,15.0,1.8,0.0
10/19/2024,,25.0,12.8,2.0,0.0
10/20/2024,,28.3,13.3,1.1,0.0
10/21/2024,,28.3,15.0,1.7,0.0
10/22/2024,,28.3,15.0,1.3,0.0
10/23/2024,,27.2,15.0,1.4,0.0
10/24/2024,,25.6,13.9,1.7,0.0
10/25/2024,,22.8,13.9,1.1,0.0
10/26/2024,,26.1,12.8,1.3,0.0
10/27/2024,,25.6,13.9,1.7,0.0
10/28/2024,,21.7,16.1,3.6,0.0
10/29/2024,,21.1,13.9,1.9,0.0
10/30/2024,,23.3,12.8,1.4,0.0
10/31/2024,,22.2,11.7,1.1,0.0
11/1/2024,,21.7,11.1,1.6,0.0
11/2/2024,,20.6,13.9,2.6,0.0
11/3/2024,,22.2,13.3,1.3,0.0
11/4/2024,,26.7,11.1,1.8,0.0
11/5/2024,,22.2,11.1,1.6,0.0
11/6/2024,,25.0,12.2,4.8,0.0
11/7/2024,,25.6,10.6,3.1,0.0
11/8/2024,,22.8,9.4,0.7,0.0
11/9/2024,,23.9,8.9,0.9,0.0
11/10/2024,,24.4,10.0,1.3,0.0
11/11/2024,,20.6,10.0,1.9,0.0
11/12/2024,,20.6,12.8,1.3,0.0
11/13/2024,,24.4,10.0,0.9,0.0
11/14/2024,,21.7,10.0,2.0,0.0
11/15/2024,,17.2,11.1,2.9,0.0
11/16/2024,,17.8,8.9,1.5,0.0
11/17/2024,,20.6,7.2,1.9,0.0
11/18/2024,,18.3,9.4,2.1,0.0
11/19/2024,,20.0,9.4,1.0,0.0
11/20/2024,,22.8,8.3,0.7,0.0
11/21/2024,,23.9,7.8,0.9,0.0
11/22/2024,,19.4,7.2,1.0,0.0
11/23/2024,,17.2,10.6,1.0,0.0
11/24/2024,,18.3,12.8,1.3,0.3
11/25/2024,,22.8,10.6,0.5,0.0
11/26/2024,,22.2,11.7,0.9,0.0
11/27/2024,,21.1,14.4,1.4,0.0
11/28/2024,,23.3,13.3,1.1,0.0
11/29/2024,,23.3,11.7,0.6,0.0
11/30/2024,,23.9,10.6,1.2,0.0
12/1/2024,,22.8,10.6,1.1,0.0
12/2/2024,,22.2,9.4,1.0,0.0
12/3/2024,,20.0,11.1,1.5,0.0
12/4/2024,,18.9,11.1,1.1,0.0
12/5/2024,,16.7,10.0,0.6,0.0
12/6/2024,,20.0,10.0,0.7,0.0
12/7/2024,,25.6,8.3,0.8,0.0
12/8/2024,,18.9,8.3,1.6,0.0
12/9/2024,,20.0,12.2,1.7,0.0
12/10/2024,,23.3,10.0,1.7,0.0
12/11/2024,,22.2,7.2,0.4,0.0
12/12/2024,,16.7,7.2,1.9,0.0
12/13/2024,,17.8,11.1,2.1,0.0
12/14/2024,,18.9,9.4,1.0,0.0
12/15/2024,,18.3,10.0,1.2,0.0
12/16/2024,,20.6,8.3,0.9,0.0
12/17/2024,,25.0,8.9,1.3,0.0
12/18/2024,,26.7,11.1,1.4,0.0
12/19/2024,,25.0,9.4,1.2,0.0
12/20/2024,,19.4,10.6,0.9,0.0
12/21/2024,,18.9,8.9,0.9,0.0
12/22/2024,,18.3,10.6,1.1,0.0
12/23/2024,,19.4,13.3,1.7,0.0
12/24/2024,,16.1,12.2,2.1,0.0
12/25/2024,,18.9,8.9,0.9,0.0
12/26/2024,,18.3,10.0,1.4,0.0
12/27/2024,,18.3,10.0,1.5,0.0
12/28/2024,,17.8,11.7,0.9,0.0
12/29/2024,,14.4,11.1,0.9,0.0
12/30/2024,,17.2,12.8,1.4,0.0
12/31/2024,,15.0,11.7,1.1,0.0
1/1/2025,,16.7,10.0,1.1,0.0
1/2/2025,,21.7,8.3,0.9,0.0
1/3/2025,,17.8,8.9,1.5,0.0
1/4/2025,,17.2,10.6,1.1,0.0
1/5/2025,,21.1,7.8,0.9,0.0
1/6/2025,,21.1,8.9,1.3,0.0
1/7/2025,,22.2,9.4,6.9,0.0
1/8/2025,,22.8,11.7,8.2,0.0
1/9/2025,,22.8,7.8,2.3,0.0
1/10/2025,,22.8,11.7,2.1,0.0
1/11/2025,,20.0,8.9,2.3,0.0
1/12/2025,,22.2,14.4,4.5,0.0
1/13/2025,,20.6,11.1,5.0,0.0
1/14/2025,,21.7,10.0,2.6,0.0
1/15/2025,,23.3,7.2,2.3,0.0
1/16/2025,,18.3,6.7,2.2,0.0
1/17/2025,,16.1,10.0,2.6,0.0
1/18/2025,,16.7,8.9,1.0,0.0
1/19/2025,,16.1,7.2,1.0,0.0
1/20/2025,,22.2,9.4,4.7,0.0
1/21/2025,,24.4,8.3,1.9,0.0
1/22/2025,,30.0,8.3,2.7,0.0
1/23/2025,,27.2,11.1,3.3,0.0
1/24/2025,,23.3,8.3,1.1,0.0
1/25/2025,,17.2,8.9,3.6,2.0
1/26/2025,,15.6,10.0,2.7,10.7
1/27/2025,,15.0,8.3,1.5,0.0
1/28/2025,,15.6,7.8,2.1,0.0
1/29/2025,,16.7,8.3,1.9,0.0
1/30/2025,,16.7,9.4,0.9,0.0
1/31/2025,,17.8,6.7,0.8,0.0
2/1/2025,,21.1,8.3,1.1,0.0
2/2/2025,,20.6,10.6,1.2,0.0
2/3/2025,,18.3,11.1,1.3,0.0
2/4/2025,,17.8,10.6,2.6,0.0
2/5/2025,,20.6,12.8,2.2,0.3
2/6/2025,,17.8,14.4,3.3,0.0
2/7/2025,,16.7,12.2,3.1,0.3
2/8/2025,,17.8,10.0,1.0,0.0
2/9/2025,,19.4,8.3,1.3,0.0
2/10/2025,,16.7,10.0,2.7,0.0
2/11/2025,,15.6,10.0,2.7,0.0
2/12/2025,,13.9,10.6,3.0,0.0
2/13/2025,,16.1,13.3,5.1,31.2
2/14/2025,,16.7,11.7,3.5,0.5
2/15/2025,,20.6,10.6,1.8,0.0
2/16/2025,,22.8,9.4,0.9,0.0
2/17/2025,,17.8,10.0,1.9,0.0
2/18/2025,,18.3,11.7,1.9,0.0
2/19/2025,,20.6,10.0,1.7,0.0
2/20/2025,,22.8,9.4,1.2,0.0
2/21/2025,,21.1,11.7,1.8,0.0
2/22/2025,,23.3,10.6,1.4,0.0
2/23/2025,,26.1,10.0,1.3,0.0
2/24/2025,,23.9,11.7,1.4,0.0
2/25/2025,,22.8,11.1,1.6,0.0
2/26/2025,,22.8,10.0,1.6,0.0
2/27/2025,,30.0,10.6,1.3,0.0
2/28/2025,,22.8,13.3,2.5,0.0
3/1/2025,,17.8,13.9,3.0,0.0
3/2/2025,,17.2,12.2,3.4,0.0
3/3/2025,,17.8,10.6,2.7,0.0
3/4/2025,,19.4,11.1,2.6,0.0
3/5/2025,,16.1,10.6,1.7,7.9
3/6/2025,,15.0,9.4,3.2,6.9
3/7/2025,,16.1,7.8,2.6,2.0
3/8/2025,,17.8,8.3,1.7,0.0
3/9/2025,,22.2,8.3,1.6,0.0
3/10/2025,,20.0,9.4,2.0,0.0
3/11/2025,,16.7,12.2,2.5,1.0
3/12/2025,,17.2,13.9,4.4,0.8
3/13/2025,,14.4,8.3,4.0,16.0
3/14/2025,,12.8,10.0,1.9,3.0
3/15/2025,,17.8,8.9,1.7,1.0
3/16/2025,,19.4,8.9,1.7,0.0
3/17/2025,,18.9,11.7,2.7,0.0
3/18/2025,,19.4,9.4,1.8,0.0
3/19/2025,,25.0,9.4,1.2,0.0
3/20/2025,,20.6,10.6,2.2,0.0
3/21/2025,,22.8,10.6,1.9,0.0
3/22/2025,,21.7,12.2,2.2,0.0
3/23/2025,,20.0,13.9,2.0,0.0
3/24/2025,,24.4,12.8,2.2,0.0
3/25/2025,,20.6,12.8,2.1,0.0
3/26/2025,,17.2,13.3,1.6,0.0
3/27/2025,,18.9,15.0,1.7,0.0
3/28/2025,,18.9,13.9,3.4,0.0
3/29/2025,,18.9,13.3,3.3,0.0
3/30/2025,,18.9,13.9,2.2,0.0
3/31/2025,,20.0,13.9,3.0,0.8
4/1/2025,,18.3,13.3,4.6,0.0
4/2/2025,,,,3.6,0.0
4/3/2025,,,,,0.0
4/4/2025,,20.6,10.6,2.8,0.0
4/5/2025,,27.2,11.1,3.4,0.0
4/6/2025,,,,2.1,0.0
4/7/2025,,,,,0.0
4/8/2025,,,,2.2,0.0
4/9/2025,,,,2.7,0.0
4/10/2025,,,,2.4,0.0
4/11/2025,,,,2.7,0.0
4/12/2025,,,,2.7,0.0
4/13/2025,,19.4,15.0,2.5,0.0
4/14/2025,,,,3.5,0.0
4/15/2025,,18.3,13.3,2.6,0.0
4/16/2025,,18.9,15.0,3.0,0.0
4/17/2025,,17.8,15.0,2.8,0.0
4/18/2025,,17.8,13.9,2.2,0.0
4/19/2025,,21.7,12.2,2.2,0.0
4/20/2025,,21.1,12.2,2.2,0.0
4/21/2025,,20.0,13.3,1.8,0.0
4/22/2025,,18.9,12.8,2.4,0.0
4/23/2025,,17.8,13.3,2.4,0.0
4/24/2025,,20.0,14.4,2.3,0.0
4/25/2025,,18.3,13.3,3.4,0.0
4/26/2025,,17.2,11.7,2.6,5.1
4/27/2025,,17.8,12.2,2.1,0.0
4/28/2025,,19.4,12.8,1.9,0.0
4/29/2025,,20.6,12.8,2.2,0.0
4/30/2025,,20.0,15.0,2.6,0.0
5/1/2025,,20.6,15.0,2.5,0.0
5/2/2025,,21.1,13.9,2.0,0.0
5/3/2025,,17.2,14.4,2.3,0.0
5/4/2025,,18.3,13.3,3.8,0.0
5/5/2025,,18.9,14.4,3.0,0.0
5/6/2025,,18.9,15.0,2.6,0.0
5/7/2025,,22.2,16.1,2.0,0.0
5/8/2025,,23.9,14.4,1.7,0.0
5/9/2025,,28.9,15.6,2.5,0.0
5/10/2025,,32.8,15.0,2.3,0.0
5/11/2025,,27.8,17.2,2.5,0.0
5/12/2025,,22.2,16.1,3.8,0.0
5/13/2025,,20.6,14.4,3.3,0.0
5/14/2025,,22.2,14.4,3.1,0.0
5/15/2025,,21.1,15.6,2.6,0.0
5/16/2025,,20.6,16.1,3.7,0.0
5/17/2025,,20.0,15.6,3.7,0.0
5/18/2025,,21.7,15.0,3.1,0.0
5/19/2025,,24.4,15.0,2.3,0.0
5/20/2025,,28.3,16.1,2.2,0.0
5/21/2025,,26.7,16.7,2.9,0.0
5/22/2025,,23.3,16.7,3.4,0.0
5/23/2025,,21.7,15.6,2.9,0.0
5/24/2025,,21.7,15.6,3.8,0.0
5/25/2025,,22.2,16.1,3.2,0.0
5/26/2025,,22.8,17.8,2.7,0.0
5/27/2025,,22.8,17.2,,0.0
5/28/2025,,22.2,17.2,,0.0
5/29/2025,,23.3,17.2,2.5,0.0
5/30/2025,,32.2,17.8,3.1,0.0
5/31/2025,,26.1,18.9,2.9,0.0
6/1/2025,,30.6,17.2,2.6,0.0
6/2/2025,,23.3,17.2,2.8,0.0
6/3/2025,,23.3,15.6,2.0,0.0
6/4/2025,,22.2,16.1,2.2,0.0
6/5/2025,,22.8,16.1,2.4,0.0
6/6/2025,,21.7,16.7,2.5,0.0
6/7/2025,,22.2,15.6,1.8,0.0
6/8/2025,,22.2,15.6,2.1,0.0
6/9/2025,,21.1,16.7,3.2,0.0
6/10/2025,,23.9,16.7,2.5,0.0
6/11/2025,,23.3,17.2,2.7,0.0
6/12/2025,,22.8,16.1,3.2,0.0
6/13/2025,,23.3,15.6,2.9,0.0
6/14/2025,,25.0,17.2,2.3,0.0
6/15/2025,,28.9,16.7,2.6,0.0
6/16/2025,,27.2,17.2,3.0,0.0
6/17/2025,,28.3,16.7,2.9,0.0
6/18/2025,,25.6,17.8,3.5,0.0
6/19/2025,,23.9,18.3,3.1,0.0
6/20/2025,,23.3,18.9,3.4,0.0
6/21/2025,,22.2,17.2,4.1,0.0
6/22/2025,,23.9,16.1,2.7,0.0
6/23/2025,,23.3,16.7,4.3,0.0
6/24/2025,,23.3,15.6,2.4,0.0
6/25/2025,,24.4,18.3,,0.0
6/26/2025,,23.9,18.9,2.7,0.0
6/27/2025,,23.3,17.8,3.4,0.0
6/28/2025,,26.7,17.8,2.4,0.0
6/29/2025,,25.6,17.8,2.5,0.0
6/30/2025,,25.0,17.8,2.1,0.0
7/1/2025,,23.9,17.2,2.3,0.0
7/2/2025,,23.9,16.1,2.7,0.0
7/3/2025,,23.9,16.1,3.5,0.0
7/4/2025,,25.0,17.2,2.8,0.0
7/5/2025,,26.1,17.2,2.6,0.0
7/6/2025,,25.6,17.8,2.6,0.0
7/7/2025,,24.4,18.3,2.5,0.0
7/8/2025,,26.7,17.2,2.3,0.0
7/9/2025,,26.1,18.3,2.9,0.0
7/10/2025,,26.7,18.3,3.0,0.0
7/11/2025,,25.0,18.3,4.1,0.0
7/12/2025,,23.9,18.3,3.2,0.0
7/13/2025,,24.4,18.3,2.4,0.0
7/14/2025,,23.3,17.8,2.7,0.0
7/15/2025,,23.3,17.2,3.4,0.0
7/16/2025,,24.4,19.4,2.6,0.0
7/17/2025,,25.0,18.9,2.5,0.0
7/18/2025,,25.0,18.9,2.7,0.0
7/19/2025,,24.4,19.4,3.5,0.0
7/20/2025,,24.4,19.4,3.0,0.0
7/21/2025,,24.4,18.9,2.6,0.0
7/22/2025,,25.0,19.4,2.7,0.0
7/23/2025,,26.7,18.9,2.3,0.0
7/24/2025,,25.6,17.8,2.6,0.0
7/25/2025,,25.0,18.3,2.5,0.0
7/26/2025,,24.4,18.3,2.6,0.0
7/27/2025,,24.4,18.3,2.2,0.0
7/28/2025,,24.4,18.3,2.3,0.0
7/29/2025,,24.4,17.8,2.1,0.0
7/30/2025,,24.4,17.2,2.8,0.0
7/31/2025,,23.9,17.2,2.9,0.0
8/1/2025,,24.4,17.2,2.6,0.0
8/2/2025,,25.0,17.8,2.3,0.0
8/3/2025,,25.0,17.8,2.6,0.0
8/4/2025,,24.4,17.8,2.7,0.0
8/5/2025,,25.6,17.8,2.8,0.0
8/6/2025,,28.3,18.9,2.1,0.0
8/7/2025,,30.6,18.3,2.1,0.0
8/8/2025,,26.1,19.4,3.3,0.0
8/9/2025,,25.0,18.9,2.5,0.0
8/10/2025,,26.7,18.9,2.4,0.0
8/11/2025,,24.4,18.9,3.4,0.0
8/12/2025,,23.9,18.9,2.9,0.0
8/13/2025,,24.4,19.4,2.7,0.0
8/14/2025,,24.4,19.4,2.7,0.0
8/15/2025,,22.8,18.9,3.9,0.0
8/16/2025,,24.4,18.9,2.7,0.0
8/17/2025,,25.0,18.9,2.5,0.0
8/18/2025,,25.6,18.9,3.0,0.0
8/19/2025,,26.7,18.9,2.2,0.0
8/20/2025,,29.4,18.9,2.5,0.0
8/21/2025,,31.1,20.6,2.6,0.0
8/22/2025,,28.9,21.7,2.6,0.0
8/23/2025,,31.1,21.1,2.9,0.0
8/24/2025,,29.4,21.1,2.3,0.0
8/25/2025,,27.8,20.6,2.8,0.0
8/26/2025,,25.0,20.0,2.7,0.0
8/27/2025,,30.6,19.4,1.8,0.0
8/28/2025,,28.3,21.1,1.6,0.0
8/29/2025,,32.2,20.6,1.7,0.0
8/30/2025,,31.1,20.6,2.3,0.0
8/31/2025,,31.1,20.6,2.2,0.0
9/1/2025,,29.4,20.0,2.1,0.0
9/2/2025,,29.4,20.0,2.1,0.0
9/3/2025,,30.0,21.1,2.3,0.0
9/4/2025,,28.9,20.0,2.5,0.0
9/5/2025,,27.2,19.4,2.1,0.0
9/6/2025,,27.8,19.4,2.3,0.0
9/7/2025,,29.4,19.4,2.2,0.0
9/8/2025,,26.7,20.0,2.4,0.0
9/9/2025,,24.4,19.4,2.8,0.0
9/10/2025,,25.0,19.4,2.9,0.0
9/11/2025,,25.0,18.9,2.1,0.0
9/12/2025,,23.9,18.3,3.2,0.0
9/13/2025,,24.4,19.4,2.1,0.0
9/14/2025,,25.6,18.9,1.8,0.0
9/15/2025,,27.2,19.4,2.1,0.0
9/16/2025,,30.6,18.3,1.5,0.0
9/17/2025,,30.0,21.7,2.1,0.0
9/18/2025,,26.1,20.6,2.3,0.0
9/19/2025,,27.8,20.6,2.0,0.0
9/20/2025,,26.7,19.4,2.0,0.0
9/21/2025,,24.4,18.3,0.7,0.0
9/22/2025,,27.8,18.3,1.8,0.0
9/23/2025,,28.3,19.4,2.2,0.0
9/24/2025,,27.8,18.9,2.1,0.0
9/25/2025,,23.3,18.3,2.1,0.0
9/26/2025,,23.3,18.9,4.1,0.0
9/27/2025,,24.4,19.4,2.5,0.0
9/28/2025,,25.0,20.0,2.1,0.0
9/29/2025,,25.0,18.3,1.8,0.0
9/30/2025,,24.4,18.9,1.8,0.0
10/1/2025,,25.0,18.3,1.6,0.0
10/2/2025,,25.6,17.2,1.9,0.0
10/3/2025,,23.9,17.8,3.0,0.0
10/4/2025,,22.8,16.7,2.1,0.0
10/5/2025,,23.3,15.6,2.5,0.0
10/6/2025,,22.8,16.7,1.7,0.0
10/7/2025,,22.8,17.2,1.5,0.0
10/8/2025,,23.3,17.2,1.1,0.0
10/9/2025,,23.9,16.1,1.4,0.0
10/10/2025,,26.1,18.3,1.7,0.0
10/11/2025,,23.3,17.2,2.0,0.0
10/12/2025,,23.9,15.0,1.9,0.0
10/13/2025,,21.7,16.1,4.8,0.0
10/14/2025,,18.3,13.9,3.5,19.0
10/15/2025,,20.6,13.9,1.4,2.0
10/16/2025,,22.8,12.2,1.3,0.0
10/17/2025,,26.1,13.3,1.6,0.0
10/18/2025,,28.9,13.9,1.3,0.0
10/19/2025,,26.1,14.4,1.5,0.0
10/20/2025,,27.8,13.9,1.2,0.0
10/21/2025,,25.6,15.0,1.4,0.0
10/22/2025,,21.7,16.1,1.9,0.0
10/23/2025,,22.8,15.0,1.4,0.0
10/24/2025,,22.8,14.4,1.9,0.0
10/25/2025,,21.7,16.1,1.3,0.0
10/26/2025,,21.1,16.1,1.9,0.0
10/27/2025,,22.8,16.1,1.6,0.0
10/28/2025,,26.1,14.4,1.5,0.0
10/29/2025,,30.0,14.4,0.9,0.0
10/30/2025,,28.3,15.6,1.6,0.0
10/31/2025,,22.2,16.1,2.1,0.0
11/1/2025,,22.2,16.1,1.1,0.0
11/2/2025,,21.1,16.1,1.8,0.0
11/3/2025,,21.7,15.6,1.7,0.0
11/4/2025,,21.7,15.6,1.4,0.0
11/5/2025,,21.1,15.6,1.8,0.0
11/6/2025,,21.7,13.3,1.7,0.0
11/7/2025,,23.9,16.1,1.7,0.0
11/8/2025,,20.6,16.1,2.2,0.0
11/9/2025,,25.0,15.0,1.4,0.0
11/10/2025,,26.1,15.0,1.5,0.0
11/11/2025,,21.7,14.4,1.6,0.0
11/12/2025,,22.2,15.6,0.8,0.0
11/13/2025,,23.9,14.4,2.0,0.0
11/14/2025,,20.0,16.7,1.6,18.0
11/15/2025,,17.8,14.4,2.8,40.9
11/16/2025,,18.3,13.9,2.8,6.1
11/17/2025,,19.4,12.8,2.8,10.9
11/18/2025,,16.7,10.6,1.8,1.8
11/19/2025,,17.8,9.4,1.5,0.0
11/20/2025,,17.8,11.1,3.0,22.4
11/21/2025,,18.9,12.8,3.0,7.9
11/22/2025,,20.6,13.3,2.6,0.0
11/23/2025,,20.6,11.1,1.6,0.0
11/24/2025,,19.4,11.7,1.3,0.0
11/25/2025,,25.0,10.0,0.7,0.0
11/26/2025,,26.7,10.0,1.3,0.0
11/27/2025,,24.4,11.1,1.0,0.0
11/28/2025,,22.2,10.0,1.3,0.0
11/29/2025,,20.0,12.2,1.4,0.0
11/30/2025,,18.3,11.1,1.6,0.0
12/1/2025,,19.4,11.1,1.3,0.0
12/2/2025,,18.9,11.7,1.0,0.0
12/3/2025,,,,1.8,0.0
12/4/2025,,22.8,11.7,1.2,0.0
12/5/2025,,20.0,8.9,1.4,0.0
12/6/2025,,20.6,8.3,1.1,0.0
12/7/2025,,22.2,9.4,1.1,0.0
12/8/2025,,23.9,10.0,1.0,0.0
12/9/2025,,27.8,10.6,0.6,0.0
12/10/2025,,27.8,11.1,0.9,0.0
12/11/2025,,23.3,11.1,0.9,0.0
12/12/2025,,20.0,10.6,1.1,0.0
12/13/2025,,18.3,12.2,0.8,0.0
12/14/2025,,17.8,11.7,0.9,0.0
12/15/2025,,17.2,11.7,1.2,0.0
12/16/2025,,18.9,11.7,1.2,0.0
12/17/2025,,19.4,12.2,0.7,0.0
12/18/2025,,24.4,11.1,0.9,0.0
12/19/2025,,19.4,10.6,1.7,0.0
12/20/2025,,18.3,13.3,1.7,0.0
12/21/2025,,20.0,12.8,0.8,0.0
12/22/2025,,18.3,12.8,1.3,0.0
12/23/2025,,18.9,14.4,3.3,2.8
12/24/2025,,20.0,15.0,4.0,32.8
12/25/2025,,20.6,15.6,3.5,0.3
12/26/2025,,16.7,12.8,2.4,15.5
12/27/2025,,17.8,9.4,1.0,0.0
12/28/2025,,22.2,7.2,1.4,0.0
12/29/2025,,23.3,10.0,3.8,0.0
12/30/2025,,25.6,13.9,1.2,0.0
12/31/2025,,23.3,14.4,1.4,9.4
1/1/2026,,19.4,13.9,2.4,14.5
1/2/2026,,20.6,13.9,2.0,1.5
1/3/2026,,19.4,13.3,1.8,4.3
1/4/2026,,16.7,14.4,2.4,6.6
1/5/2026,,17.8,11.1,1.7,0.0
1/6/2026,,18.3,11.7,0.8,0.0
1/7/2026,,18.9,11.1,1.7,0.0
1/8/2026,,17.8,8.9,1.8,0.0
1/9/2026,,20.0,12.2,6.8,0.0
1/10/2026,,23.3,10.0,4.2,0.0
1/11/2026,,23.9,8.9,2.1,0.0
1/12/2026,,26.1,8.3,1.8,0.0
1/13/2026,,26.1,8.9,1.0,0.0
1/14/2026,,30.6,10.0,1.2,0.0
1/15/2026,,26.7,11.1,1.4,0.0
1/16/2026,,28.3,10.6,0.9,0.0
1/17/2026,,27.8,9.4,0.8,0.0
1/18/2026,,23.9,8.9,1.0,0.0
1/19/2026,,23.3,10.0,0.9,0.0
1/20/2026,,23.9,9.4,1.5,0.0
1/21/2026,,17.8,12.8,1.1,0.0
1/22/2026,,17.2,12.8,1.4,0.5
1/23/2026,,18.9,11.1,1.0,0.0
1/24/2026,,17.8,11.1,1.3,0.0
1/25/2026,,20.0,7.2,1.2,0.0
1/26/2026,,22.8,10.0,1.0,0.0
1/27/2026,,21.7,6.7,0.9,0.0
1/28/2026,,20.0,9.4,0.7,0.0
1/29/2026,,25.6,8.3,1.9,0.0
1/30/2026,,27.8,11.1,1.4,0.0
1/31/2026,,28.9,11.7,1.0,0.0
2/1/2026,,26.7,11.1,1.5,0.0
2/2/2026,,21.7,11.7,1.6,0.0
2/3/2026,,26.7,11.7,1.0,0.0
2/4/2026,,31.7,11.7,2.8,0.0
2/5/2026,,26.7,12.2,1.7,0.0
2/6/2026,,20.0,15.0,2.1,0.0
2/7/2026,,22.2,12.2,1.2,0.0
2/8/2026,,27.2,11.7,1.2,0.0
2/9/2026,,23.9,12.2,1.5,0.0
2/10/2026,,18.3,15.0,3.3,0.0
2/11/2026,,17.2,12.2,2.0,10.9
2/12/2026,,18.9,11.1,1.1,0.0
2/13/2026,,19.4,10.6,2.0,0.0
2/14/2026,,18.9,10.6,2.6,0.0
2/15/2026,,18.3,11.7,2.3,0.0
2/16/2026,,15.0,11.7,3.0,25.9
2/17/2026,,16.1,9.4,3.8,7.9
2/18/2026,,15.0,10.6,4.0,2.0
2/19/2026,,14.4,8.9,3.1,7.6
2/20/2026,,15.0,6.1,1.1,0.0
2/21/2026,,21.1,6.1,1.1,0.0
2/22/2026,,22.2,8.3,1.2,0.0
2/23/2026,,23.9,9.4,1.0,0.0
2/24/2026,,23.9,12.2,1.7,0.0
2/25/2026,,21.1,12.2,1.9,0.0
2/26/2026,,25.6,12.8,1.2,0.0
2/27/2026,,31.1,15.0,1.9,0.0
2/28/2026,,27.8,15.0,1.6,0.0
3/1/2026,,26.7,13.9,1.2,0.0
3/2/2026,,20.6,13.9,2.2,0.0
3/3/2026,,20.6,11.7,1.5,0.0
3/4/2026,,18.9,12.8,2.4,0.0
3/5/2026,,25.0,13.9,1.8,0.0
3/8/2026,,32.2,15.0,3.8,0.0
3/9/2026,,21.7,14.4,2.3,0.0
3/10/2026,,20.0,14.4,2.1,0.0
3/11/2026,,23.9,12.8,1.7,0.0
3/12/2026,,33.9,13.9,1.3,0.0
3/13/2026,,30.0,15.6,1.3,0.0
3/14/2026,,23.9,14.4,2.4,0.0
3/15/2026,,23.9,13.9,1.7,0.0
3/16/2026,,28.3,14.4,1.3,0.0
3/17/2026,,35.0,16.7,1.9,0.0
3/18/2026,,31.7,17.8,1.6,0.0
3/19/2026,,31.1,17.2,1.7,0.0
3/20/2026,,30.6,17.8,1.7,0.0
3/21/2026,,26.1,15.6,2.0,0.0
3/22/2026,,22.2,14.4,2.1,0.0
3/23/2026,,22.8,15.6,2.1,0.0
3/24/2026,,22.2,16.7,2.5,0.0
3/25/2026,,23.9,16.1,1.7,0.0
3/26/2026,,24.4,16.1,2.8,0.0
3/27/2026,,24.4,14.4,2.4,0.0
3/28/2026,,25.6,15.0,1.3,0.0
3/29/2026,,26.1,14.4,2.1,0.0
3/30/2026,,21.1,13.9,2.7,0.0
3/31/2026,,21.7,17.8,2.7,0.5
4/1/2026,,22.2,16.1,2.1,0.0
4/2/2026,,22.2,15.6,2.3,0.0
4/3/2026,,28.9,13.9,2.1,0.0
4/4/2026,,30.0,12.8,2.2,0.0
4/5/2026,,26.1,14.4,2.1,0.0
4/6/2026,,23.9,16.7,2.4,0.0
4/7/2026,,22.8,14.4,2.2,0.0
4/8/2026,,23.3,15.6,2.4,0.0
4/9/2026,,22.8,16.1,2.7,0.0
4/10/2026,,21.7,17.2,2.5,0.0
4/11/2026,,21.7,16.1,2.4,0.3
4/12/2026,,20.0,15.0,2.5,7.9
4/13/2026,,18.9,13.9,2.5,0.0
4/14/2026,,21.1,12.8,2.1,0.0
4/15/2026,,22.2,13.3,2.4,0.0
4/15/2020,,,,,0.0
4/16/2020,,,,,0.0
4/17/2020,,,,,0.0
4/18/2020,,,,,0.8
4/19/2020,,,,,0.0
4/20/2020,,,,,0.0
4/21/2020,,,,,0.0
4/22/2020,,,,,0.0
4/23/2020,,,,,0.0
4/24/2020,,,,,0.0
4/25/2020,,,,,0.0
4/26/2020,,,,,0.0
4/27/2020,,,,,0.0
4/28/2020,,,,,0.0
4/29/2020,,,,,0.0
4/30/2020,,,,,0.0
5/1/2020,,,,,0.0
5/2/2020,,,,,0.0
5/3/2020,,,,,0.0
5/4/2020,,,,,0.0
5/5/2020,,,,,0.0
5/6/2020,,,,,0.0
5/7/2020,,,,,0.0
5/8/2020,,,,,0.0
5/9/2020,,,,,0.0
5/10/2020,,,,,0.0
5/11/2020,,,,,0.0
5/12/2020,,,,,0.0
5/13/2020,,,,,0.0
5/14/2020,,,,,0.0
5/15/2020,,,,,0.0
5/16/2020,,,,,0.0
5/17/2020,,,,,0.0
5/18/2020,,,,,0.5
5/19/2020,,,,,1.3
5/20/2020,,,,,0.0
5/21/2020,,,,,0.0
5/22/2020,,,,,0.0
5/23/2020,,,,,0.0
5/24/2020,,,,,0.0
5/25/2020,,,,,0.0
5/26/2020,,,,,0.0
5/27/2020,,,,,0.0
5/28/2020,,,,,0.0
5/29/2020,,,,,0.0
5/30/2020,,,,,0.0
5/31/2020,,,,,0.0
6/1/2020,,,,,0.0
6/2/2020,,,,,0.0
6/3/2020,,,,,0.0
6/4/2020,,,,,0.0
6/5/2020,,,,,0.0
6/6/2020,,,,,0.5
6/7/2020,,,,,0.0
6/8/2020,,,,,0.0
6/9/2020,,,,,0.0
6/10/2020,,,,,0.0
6/11/2020,,,,,0.0
6/12/2020,,,,,0.0
6/13/2020,,,,,0.0
6/14/2020,,,,,0.0
6/15/2020,,,,,0.0
6/16/2020,,,,,0.0
6/17/2020,,,,,0.0
6/18/2020,,,,,0.0
6/19/2020,,,,,0.0
6/20/2020,,,,,0.0
6/21/2020,,,,,0.0
6/22/2020,,,,,0.0
6/23/2020,,,,,0.0
6/24/2020,,,,,0.0
6/25/2020,,,,,0.0
6/26/2020,,,,,0.0
6/27/2020,,,,,0.0
6/28/2020,,,,,0.0
6/29/2020,,,,,0.0
6/30/2020,,,,,0.0
7/1/2020,,,,,0.0
7/2/2020,,,,,0.0
7/3/2020,,,,,0.0
7/4/2020,,,,,0.0
7/5/2020,,,,,0.0
7/6/2020,,,,,0.0
7/7/2020,,,,,0.0
7/8/2020,,,,,0.0
7/9/2020,,,,,0.0
7/10/2020,,,,,0.0
7/11/2020,,,,,0.0
7/12/2020,,,,,0.0
7/13/2020,,,,,0.0
7/14/2020,,,,,0.0
7/15/2020,,,,,0.0
7/16/2020,,,,,0.0
7/17/2020,,,,,0.0
7/18/2020,,,,,0.0
7/19/2020,,,,,0.0
7/20/2020,,,,,0.0
7/21/2020,,,,,0.0
7/22/2020,,,,,0.0
7/23/2020,,,,,0.0
7/24/2020,,,,,0.0
7/25/2020,,,,,0.0
7/26/2020,,,,,0.0
7/27/2020,,,,,0.0
7/28/2020,,,,,0.0
7/29/2020,,,,,0.0
7/31/2020,,,,,0.0
8/1/2020,,,,,0.0
8/2/2020,,,,,0.0
8/3/2020,,,,,0.0
8/4/2020,,,,,0.0
8/5/2020,,,,,0.0
8/6/2020,,,,,0.0
8/7/2020,,,,,0.0
8/8/2020,,,,,0.0
8/9/2020,,,,,0.0
8/10/2020,,,,,0.0
8/11/2020,,,,,0.0
8/12/2020,,,,,0.0
8/13/2020,,,,,0.0
8/14/2020,,,,,0.0
8/15/2020,,,,,0.0
8/16/2020,,,,,0.0
8/17/2020,,,,,0.0
8/18/2020,,,,,0.0
8/19/2020,,,,,0.0
8/20/2020,,,,,0.0
8/21/2020,,,,,0.0
8/22/2020,,,,,0.0
8/23/2020,,,,,0.0
8/24/2020,,,,,0.0
8/25/2020,,,,,0.0
8/26/2020,,,,,0.0
8/27/2020,,,,,0.0
8/28/2020,,,,,0.0
8/29/2020,,,,,0.0
8/30/2020,,,,,0.0
8/31/2020,,,,,0.0
9/1/2020,,,,,0.0
9/2/2020,,,,,0.0
9/3/2020,,,,,0.0
9/4/2020,,,,,0.0
9/5/2020,,,,,0.0
9/6/2020,,,,,0.0
9/7/2020,,,,,0.0
9/8/2020,,,,,0.0
9/9/2020,,,,,0.0
9/10/2020,,,,,0.0
9/11/2020,,,,,0.0
9/12/2020,,,,,0.0
9/13/2020,,,,,0.0
9/14/2020,,,,,0.0
9/15/2020,,,,,0.0
9/16/2020,,,,,0.0
9/17/2020,,,,,0.0
9/18/2020,,,,,0.0
9/19/2020,,,,,0.0
9/20/2020,,,,,0.0
9/21/2020,,,,,0.0
9/22/2020,,,,,0.0
9/23/2020,,,,,0.0
9/24/2020,,,,,0.0
9/25/2020,,,,,0.0
9/26/2020,,,,,0.0
9/27/2020,,,,,0.0
9/28/2020,,,,,0.0
9/29/2020,,,,,0.0
9/30/2020,,,,,0.0
10/1/2020,,,,,0.0
10/2/2020,,,,,0.0
10/3/2020,,,,,0.0
10/4/2020,,,,,0.0
10/5/2020,,,,,0.0
10/6/2020,,,,,0.0
10/7/2020,,,,,0.0
10/8/2020,,,,,0.0
10/9/2020,,,,,0.0
10/10/2020,,,,,0.0
10/11/2020,,,,,0.0
10/12/2020,,,,,0.0
10/13/2020,,,,,0.0
10/14/2020,,,,,0.0
10/15/2020,,,,,0.0
10/16/2020,,,,,0.0
10/17/2020,,,,,0.0
10/18/2020,,,,,0.0
10/19/2020,,,,,0.0
10/20/2020,,,,,0.0
10/21/2020,,,,,0.0
10/22/2020,,,,,0.3
10/23/2020,,,,,0.0
10/24/2020,,,,,0.0
10/25/2020,,,,,0.0
10/26/2020,,,,,0.0
10/27/2020,,,,,0.0
10/28/2020,,,,,0.0
10/29/2020,,,,,0.0
10/30/2020,,,,,0.0
10/31/2020,,,,,0.0
11/1/2020,,,,,0.0
11/2/2020,,,,,0.0
11/3/2020,,,,,0.0
11/4/2020,,,,,0.0
11/5/2020,,,,,0.0
11/6/2020,,,,,0.0
11/7/2020,,,,,1.8
11/8/2020,,,,,2.0
11/9/2020,,,,,0.0
11/10/2020,,,,,0.0
11/11/2020,,,,,0.0
11/12/2020,,,,,0.0
11/13/2020,,,,,0.0
11/14/2020,,,,,0.0
11/15/2020,,,,,0.0
11/16/2020,,,,,0.0
11/17/2020,,,,,0.0
11/18/2020,,,,,0.0
11/19/2020,,,,,0.0
11/20/2020,,,,,0.0
11/21/2020,,,,,0.0
11/22/2020,,,,,0.0
11/23/2020,,,,,0.0
11/24/2020,,,,,0.0
11/25/2020,,,,,0.0
11/26/2020,,,,,0.0
11/27/2020,,,,,0.0
11/28/2020,,,,,0.0
11/29/2020,,,,,0.0
11/30/2020,,,,,0.0
12/1/2020,,,,,0.0
12/2/2020,,,,,0.0
12/3/2020,,,,,0.0
12/4/2020,,,,,0.0
12/5/2020,,,,,0.0
12/6/2020,,,,,0.0
12/7/2020,,,,,0.0
12/8/2020,,,,,0.0
12/9/2020,,,,,0.0
12/10/2020,,,,,0.0
12/11/2020,,,,,0.0
12/13/2020,,,,,0.0
12/14/2020,,,,,0.3
12/15/2020,,,,,0.0
12/16/2020,,,,,0.0
12/17/2020,,,,,0.0
12/18/2020,,,,,0.0
12/19/2020,,,,,0.0
12/20/2020,,,,,0.0
12/21/2020,,,,,0.0
12/22/2020,,,,,0.0
12/23/2020,,,,,0.0
12/24/2020,,,,,0.0
12/25/2020,,,,,0.0
12/26/2020,,,,,0.0
12/27/2020,,,,,0.0
12/28/2020,,,,,16.5
12/29/2020,,,,,29.7
12/30/2020,,,,,0.0
12/31/2020,,,,,0.0
1/1/2021,,,,,0.0
1/2/2021,,,,,0.0
1/3/2021,,,,,0.0
1/4/2021,,,,,0.0
1/5/2021,,,,,0.0
1/6/2021,,,,,2.0
1/7/2021,,,,,0.0
1/8/2021,,,,,0.0
1/9/2021,,,,,0.0
1/10/2021,,,,,0.0
1/11/2021,,,,,0.0
1/12/2021,,,,,0.0
1/13/2021,,,,,0.0
1/14/2021,,,,,0.0
1/15/2021,,,,,0.0
1/16/2021,,,,,0.0
1/17/2021,,,,,0.0
1/18/2021,,,,,0.0
1/19/2021,,,,,0.0
1/20/2021,,,,,0.0
1/21/2021,,,,,0.0
1/22/2021,,,,,0.0
1/23/2021,,,,,2.0
1/24/2021,,,,,9.1
1/26/2021,,,,,0.3
1/27/2021,,,,,0.0
1/28/2021,,,,,0.0
1/29/2021,,,,,30.7
1/30/2021,,,,,1.5
1/31/2021,,,,,0.0
2/1/2021,,,,,0.0
2/2/2021,,,,,0.0
2/3/2021,,,,,0.0
2/4/2021,,,,,0.0
2/5/2021,,,,,0.0
2/6/2021,,,,,0.0
2/7/2021,,,,,0.0
2/8/2021,,,,,0.0
2/9/2021,,,,,0.0
2/10/2021,,,,,0.0
2/11/2021,,,,,0.0
2/12/2021,,,,,2.5
2/13/2021,,,,,0.8
2/14/2021,,,,,0.0
2/15/2021,,,,,0.0
2/16/2021,,,,,0.3
2/17/2021,,,,,0.0
2/18/2021,,,,,0.0
2/19/2021,,,,,0.0
2/20/2021,,,,,0.0
2/21/2021,,,,,0.0
2/22/2021,,,,,0.0
2/23/2021,,,,,0.0
2/24/2021,,,,,0.0
2/25/2021,,,,,0.0
2/26/2021,,,,,0.0
2/27/2021,,,,,0.0
2/28/2021,,,,,0.0
3/1/2021,,,,,0.0
3/2/2021,,,,,0.0
3/3/2021,,,,,0.0
3/4/2021,,,,,8.9
3/5/2021,,,,,0.0
3/6/2021,,,,,0.0
3/7/2021,,,,,0.0
3/8/2021,,,,,0.0
3/9/2021,,,,,0.0
3/10/2021,,,,,12.4
3/11/2021,,,,,5.6
3/12/2021,,,,,0.0
3/13/2021,,,,,0.5
3/14/2021,,,,,0.0
3/16/2021,,,,,2.8
3/17/2021,,,,,0.0
3/18/2021,,,,,0.0
3/19/2021,,,,,0.0
3/20/2021,,,,,0.0
3/21/2021,,,,,0.0
3/22/2021,,,,,0.0
3/23/2021,,,,,0.0
3/24/2021,,,,,0.0
3/25/2021,,,,,0.0
3/26/2021,,,,,0.0
3/27/2021,,,,,0.0
3/28/2021,,,,,0.0
3/29/2021,,,,,0.0
3/30/2021,,,,,0.0
3/31/2021,,,,,0.0
4/1/2021,,,,,0.0
4/2/2021,,,,,0.0
4/3/2021,,,,,0.0
4/4/2021,,,,,0.0
4/5/2021,,,,,0.0
4/6/2021,,,,,0.0
4/7/2021,,,,,0.0
4/8/2021,,,,,0.0
4/9/2021,,,,,0.0
4/10/2021,,,,,0.0
4/11/2021,,,,,0.0
4/12/2021,,,,,0.0
4/13/2021,,,,,0.0
4/14/2021,,,,,0.5
4/15/2021,,,,,0.0
4/16/2021,,,,,0.0
4/17/2021,,,,,0.0
4/18/2021,,,,,0.0
4/19/2021,,,,,0.0
4/20/2021,,,,,0.0
4/21/2021,,,,,0.0
4/22/2021,,,,,0.5
4/23/2021,,,,,0.0
4/24/2021,,,,,0.0
4/25/2021,,,,,0.0
4/26/2021,,,,,0.0
4/27/2021,,,,,0.0
4/28/2021,,,,,0.0
4/29/2021,,,,,0.0
4/30/2021,,,,,0.0
5/1/2021,,,,,0.0
5/6/2021,,,,,0.0
5/7/2021,,,,,0.0
5/8/2021,,,,,0.0
5/9/2021,,,,,0.0
5/10/2021,,,,,0.0
5/11/2021,,,,,0.0
5/12/2021,,,,,0.0
5/13/2021,,,,,0.0
5/14/2021,,,,,0.0
5/15/2021,,,,,0.0
5/16/2021,,,,,0.0
5/17/2021,,,,,0.8
5/18/2021,,,,,0.0
5/19/2021,,,,,0.0
5/20/2021,,,,,0.0
5/21/2021,,,,,0.0
5/22/2021,,,,,0.0
5/23/2021,,,,,0.0
5/24/2021,,,,,0.0
5/25/2021,,,,,0.0
5/26/2021,,,,,0.0
5/27/2021,,,,,0.0
5/28/2021,,,,,0.0
5/29/2021,,,,,0.0
5/30/2021,,,,,0.0
5/31/2021,,,,,0.0
6/1/2021,,,,,0.0
6/2/2021,,,,,0.0
6/3/2021,,,,,0.0
6/4/2021,,,,,0.0
6/5/2021,,,,,0.0
6/6/2021,,,,,0.0
6/7/2021,,,,,0.0
6/8/2021,,,,,0.0
6/9/2021,,,,,0.0
6/10/2021,,,,,0.0
6/11/2021,,,,,0.0
6/12/2021,,,,,0.0
6/13/2021,,,,,0.0
6/14/2021,,,,,0.0
6/15/2021,,,,,0.0
6/16/2021,,,,,0.0
6/17/2021,,,,,0.0
6/18/2021,,,,,0.0
6/19/2021,,,,,0.0
6/20/2021,,,,,0.0
6/21/2021,,,,,0.0
6/22/2021,,,,,0.0
6/23/2021,,,,,0.0
6/24/2021,,,,,0.0
6/25/2021,,,,,0.0
6/26/2021,,,,,0.0
6/27/2021,,,,,0.0
6/28/2021,,,,,0.0
6/29/2021,,,,,0.0
6/30/2021,,,,,0.0
7/1/2021,,,,,0.0
7/2/2021,,,,,0.0
7/3/2021,,,,,0.0
7/4/2021,,,,,0.0
7/5/2021,,,,,0.0
7/6/2021,,,,,0.0
7/7/2021,,,,,0.0
7/8/2021,,,,,0.0
7/9/2021,,,,,0.0
7/10/2021,,,,,0.0
7/11/2021,,,,,0.0
7/12/2021,,,,,0.0
7/13/2021,,,,,0.0
7/14/2021,,,,,0.0
7/15/2021,,,,,0.0
7/16/2021,,,,,0.0
7/17/2021,,,,,0.0
7/18/2021,,,,,0.0
7/19/2021,,,,,0.0
7/20/2021,,,,,0.0
7/21/2021,,,,,0.0
7/22/2021,,,,,0.0
7/23/2021,,,,,0.0
7/24/2021,,,,,0.0
7/26/2021,,,,,2.3
7/27/2021,,,,,0.0
7/29/2021,,,,,0.0
7/30/2021,,,,,0.0
7/31/2021,,,,,0.0
8/1/2021,,,,,0.0
8/2/2021,,,,,0.0
8/3/2021,,,,,0.0
8/4/2021,,,,,0.0
8/5/2021,,,,,0.0
8/6/2021,,,,,0.0
8/7/2021,,,,,0.0
8/8/2021,,,,,0.0
8/9/2021,,,,,0.0
8/10/2021,,,,,0.0
8/11/2021,,,,,0.0
8/12/2021,,,,,0.0
8/13/2021,,,,,0.0
8/14/2021,,,,,0.0
8/15/2021,,,,,0.0
8/16/2021,,,,,0.0
8/17/2021,,,,,0.0
8/18/2021,,,,,0.0
8/19/2021,,,,,0.0
8/20/2021,,,,,0.0
8/21/2021,,,,,0.0
8/22/2021,,,,,0.0
8/23/2021,,,,,0.0
8/24/2021,,,,,0.0
8/25/2021,,,,,0.0
8/26/2021,,,,,0.0
8/27/2021,,,,,0.0
8/28/2021,,,,,0.0
8/29/2021,,,,,0.0
8/30/2021,,,,,0.0
8/31/2021,,,,,0.0
9/1/2021,,,,,0.0
9/2/2021,,,,,0.0
9/3/2021,,,,,0.0
9/4/2021,,,,,0.0
9/5/2021,,,,,0.0
9/6/2021,,,,,0.0
9/7/2021,,,,,0.0
9/8/2021,,,,,0.0
9/9/2021,,,,,0.0
9/10/2021,,,,,0.0
9/11/2021,,,,,0.0
9/12/2021,,,,,0.0
9/13/2021,,,,,0.0
9/14/2021,,,,,0.0
9/15/2021,,,,,0.0
9/16/2021,,,,,0.0
9/17/2021,,,,,0.0
9/18/2021,,,,,0.0
9/19/2021,,,,,0.0
9/20/2021,,,,,0.0
9/21/2021,,,,,0.0
9/22/2021,,,,,0.0
9/23/2021,,,,,0.0
9/24/2021,,,,,0.0
9/25/2021,,,,,0.0
9/26/2021,,,,,0.0
9/27/2021,,,,,0.0
9/28/2021,,,,,0.0
9/29/2021,,,,,0.0
9/30/2021,,,,,0.0
10/1/2021,,,,,0.0
10/2/2021,,,,,0.0
10/3/2021,,,,,0.0
10/4/2021,,,,,0.0
10/5/2021,,,,,1.3
10/6/2021,,,,,0.0
10/7/2021,,,,,0.0
10/8/2021,,,,,0.3
10/9/2021,,,,,0.5
10/10/2021,,,,,0.0
10/11/2021,,,,,0.0
10/12/2021,,,,,0.0
10/13/2021,,,,,0.0
10/14/2021,,,,,0.0
10/15/2021,,,,,0.0
10/16/2021,,,,,0.0
10/17/2021,,,,,0.0
10/18/2021,,,,,0.0
10/19/2021,,,,,0.0
10/20/2021,,,,,0.0
10/21/2021,,,,,0.0
10/22/2021,,,,,0.0
10/23/2021,,,,,0.5
10/24/2021,,,,,0.0
10/25/2021,,,,,0.0
10/26/2021,,,,,6.4
10/27/2021,,,,,0.0
10/28/2021,,,,,0.0
10/29/2021,,,,,0.0
10/30/2021,,,,,0.0
10/31/2021,,,,,0.0
11/1/2021,,,,,0.0
11/2/2021,,,,,0.0
11/3/2021,,,,,0.0
11/4/2021,,,,,0.0
11/5/2021,,,,,0.0
11/6/2021,,,,,0.0
11/7/2021,,,,,0.0
11/8/2021,,,,,0.0
11/9/2021,,,,,0.0
11/10/2021,,,,,0.0
11/11/2021,,,,,0.0
11/12/2021,,,,,0.0
11/13/2021,,,,,0.0
11/14/2021,,,,,0.0
11/15/2021,,,,,0.0
11/16/2021,,,,,0.0
11/17/2021,,,,,0.0
11/18/2021,,,,,0.0
11/19/2021,,,,,0.0
11/20/2021,,,,,0.0
11/21/2021,,,,,0.0
11/22/2021,,,,,0.0
11/23/2021,,,,,0.0
11/24/2021,,,,,0.0
11/25/2021,,,,,0.0
11/26/2021,,,,,0.0
11/27/2021,,,,,0.0
11/28/2021,,,,,0.0
11/29/2021,,,,,0.0
11/30/2021,,,,,0.0
12/1/2021,,,,,0.0
12/2/2021,,,,,0.0
12/3/2021,,,,,0.0
12/4/2021,,,,,0.0
12/5/2021,,,,,0.0
12/6/2021,,,,,0.0
12/7/2021,,,,,0.8
12/8/2021,,,,,0.0
12/9/2021,,,,,0.0
12/10/2021,,,,,0.5
12/11/2021,,,,,0.0
12/12/2021,,,,,0.0
12/13/2021,,,,,0.0
12/14/2021,,,,,6.9
12/15/2021,,,,,13.5
12/16/2021,,,,,0.0
12/17/2021,,,,,1.0
12/18/2021,,,,,0.0
12/19/2021,,,,,0.0
12/20/2021,,,,,0.0
12/21/2021,,,,,0.0
12/22/2021,,,,,0.0
12/23/2021,,,,,0.0
12/24/2021,,,,,40.6
12/25/2021,,,,,0.8
12/26/2021,,,,,8.9
12/27/2021,,,,,0.0
12/28/2021,,,,,2.5
12/29/2021,,,,,0.3
12/30/2021,,,,,16.8
12/31/2021,,,,,11.4
1/1/2022,,,,,0.0
1/2/2022,,,,,0.0
1/3/2022,,,,,0.0
1/4/2022,,,,,0.0
1/5/2022,,,,,0.0
1/6/2022,,,,,0.0
1/7/2022,,,,,0.0
1/8/2022,,,,,0.0
1/9/2022,,,,,0.0
1/10/2022,,,,,0.0
1/11/2022,,,,,0.0
1/12/2022,,,,,0.0
1/13/2022,,,,,0.0
1/14/2022,,,,,0.0
1/15/2022,,,,,0.0
1/16/2022,,,,,0.0
1/17/2022,,,,,5.1
1/18/2022,,,,,0.5
1/19/2022,,,,,0.0
1/20/2022,,,,,0.0
1/21/2022,,,,,0.0
1/22/2022,,,,,0.0
1/23/2022,,,,,0.0
1/24/2022,,,,,0.0
1/25/2022,,,,,0.0
1/26/2022,,,,,0.0
1/27/2022,,,,,0.0
1/28/2022,,,,,0.0
1/29/2022,,,,,0.0
1/30/2022,,,,,0.0
1/31/2022,,,,,0.0
2/1/2022,,,,,0.0
2/2/2022,,,,,0.0
2/3/2022,,,,,0.0
2/4/2022,,,,,0.0
2/5/2022,,,,,0.0
2/6/2022,,,,,0.0
2/7/2022,,,,,0.0
2/8/2022,,,,,0.0
2/9/2022,,,,,0.0
2/10/2022,,,,,0.0
2/11/2022,,,,,0.0
2/12/2022,,,,,0.0
2/13/2022,,,,,0.0
2/14/2022,,,,,0.0
2/15/2022,,,,,0.0
2/16/2022,,,,,4.6
2/17/2022,,,,,0.0
2/18/2022,,,,,0.0
2/19/2022,,,,,0.0
2/20/2022,,,,,0.0
2/21/2022,,,,,0.0
2/22/2022,,,,,0.0
2/23/2022,,,,,2.5
2/24/2022,,,,,0.0
2/25/2022,,,,,0.0
2/26/2022,,,,,0.0
2/27/2022,,,,,0.0
2/28/2022,,,,,0.0
3/1/2022,,,,,0.0
3/2/2022,,,,,0.0
3/3/2022,,,,,0.0
3/4/2022,,,,,0.0
3/5/2022,,,,,0.0
3/6/2022,,,,,0.0
3/7/2022,,,,,0.0
3/8/2022,,,,,0.0
3/9/2022,,,,,0.0
3/10/2022,,,,,0.0
3/11/2022,,,,,0.0
3/12/2022,,,,,0.0
3/13/2022,,,,,0.0
3/14/2022,,,,,0.0
3/15/2022,,,,,0.0
3/16/2022,,,,,0.0
3/17/2022,,,,,0.0
3/18/2022,,,,,0.0
3/19/2022,,,,,0.0
3/20/2022,,,,,1.5
3/21/2022,,,,,0.0
3/22/2022,,,,,0.0
3/23/2022,,,,,0.0
3/24/2022,,,,,0.0
3/25/2022,,,,,0.0
3/26/2022,,,,,0.0
3/27/2022,,,,,0.0
3/28/2022,,,,,0.0
3/29/2022,,,,,13.2
3/30/2022,,,,,0.0
3/31/2022,,,,,0.0
4/1/2022,,,,,0.0
4/2/2022,,,,,0.0
4/3/2022,,,,,0.0
4/4/2022,,,,,0.0
4/5/2022,,,,,0.0
4/6/2022,,,,,0.0
4/7/2022,,,,,0.0
4/8/2022,,,,,0.0
4/9/2022,,,,,0.0
4/10/2022,,,,,0.0
4/11/2022,,,,,0.0
4/12/2022,,,,,0.0
4/13/2022,,,,,0.0
4/14/2022,,,,,0.0
4/15/2022,,,,,0.0
4/16/2022,,,,,0.0
4/17/2022,,,,,0.0
4/18/2022,,,,,0.0
4/19/2022,,,,,0.0
4/20/2022,,,,,0.0
4/21/2022,,,,,0.0
4/22/2022,,,,,2.8
4/23/2022,,,,,0.0
4/24/2022,,,,,0.0
4/25/2022,,,,,0.0
4/26/2022,,,,,0.0
4/27/2022,,,,,0.0
4/28/2022,,,,,0.0
4/29/2022,,,,,0.0
4/30/2022,,,,,0.0
5/1/2022,,,,,0.0
5/2/2022,,,,,0.0
5/3/2022,,,,,0.0
5/4/2022,,,,,0.0
5/5/2022,,,,,0.0
5/6/2022,,,,,0.0
5/7/2022,,,,,0.0
5/8/2022,,,,,0.0
5/9/2022,,,,,0.0
5/10/2022,,,,,0.0
5/11/2022,,,,,0.0
5/12/2022,,,,,0.0
5/13/2022,,,,,0.0
5/14/2022,,,,,0.0
5/15/2022,,,,,0.0
5/16/2022,,,,,0.0
5/17/2022,,,,,0.0
5/18/2022,,,,,0.0
5/19/2022,,,,,0.0
5/20/2022,,,,,0.0
5/21/2022,,,,,0.0
5/22/2022,,,,,0.0
5/23/2022,,,,,0.0
5/24/2022,,,,,0.0
5/25/2022,,,,,0.0
5/26/2022,,,,,0.0
5/27/2022,,,,,0.0
5/28/2022,,,,,0.0
5/29/2022,,,,,0.0
5/30/2022,,,,,0.0
5/31/2022,,,,,0.0
6/1/2022,,,,,0.0
6/2/2022,,,,,0.0
6/3/2022,,,,,0.0
6/4/2022,,,,,0.0
6/5/2022,,,,,0.0
6/6/2022,,,,,0.0
6/7/2022,,,,,0.0
6/8/2022,,,,,0.0
6/9/2022,,,,,0.0
6/10/2022,,,,,0.0
6/11/2022,,,,,0.0
6/12/2022,,,,,0.0
6/13/2022,,,,,0.0
6/14/2022,,,,,0.0
6/15/2022,,,,,0.0
6/16/2022,,,,,0.0
6/17/2022,,,,,0.0
6/18/2022,,,,,0.0
6/19/2022,,,,,0.0
6/20/2022,,,,,0.0
6/21/2022,,,,,0.0
6/22/2022,,,,,0.0
6/23/2022,,,,,1.3
6/24/2022,,,,,0.0
6/25/2022,,,,,0.0
6/26/2022,,,,,0.0
6/27/2022,,,,,0.0
6/28/2022,,,,,0.0
6/29/2022,,,,,0.0
6/30/2022,,,,,0.0
7/1/2022,,,,,0.0
7/2/2022,,,,,0.0
7/3/2022,,,,,0.0
7/4/2022,,,,,0.0
7/5/2022,,,,,0.0
7/6/2022,,,,,0.0
7/7/2022,,,,,0.0
7/8/2022,,,,,0.0
7/9/2022,,,,,0.0
7/10/2022,,,,,0.0
7/11/2022,,,,,0.0
7/12/2022,,,,,0.0
7/13/2022,,,,,0.0
7/14/2022,,,,,0.0
7/15/2022,,,,,0.0
7/16/2022,,,,,0.0
7/17/2022,,,,,0.0
7/18/2022,,,,,0.0
7/19/2022,,,,,0.0
7/20/2022,,,,,0.0
7/21/2022,,,,,0.0
7/22/2022,,,,,0.0
7/23/2022,,,,,0.0
7/24/2022,,,,,0.0
7/25/2022,,,,,0.0
7/26/2022,,,,,0.0
7/27/2022,,,,,0.0
7/28/2022,,,,,0.0
7/29/2022,,,,,0.0
7/30/2022,,,,,0.0
7/31/2022,,,,,0.0
8/1/2022,,,,,0.0
8/2/2022,,,,,0.0
8/3/2022,,,,,0.0
8/4/2022,,,,,0.0
8/5/2022,,,,,0.0
8/6/2022,,,,,0.0
8/7/2022,,,,,0.0
8/8/2022,,,,,0.0
8/9/2022,,,,,0.0
8/10/2022,,,,,0.0
8/11/2022,,,,,0.0
8/12/2022,,,,,0.0
8/13/2022,,,,,0.0
8/14/2022,,,,,0.0
8/15/2022,,,,,0.0
8/16/2022,,,,,0.0
8/17/2022,,,,,0.0
8/18/2022,,,,,0.0
8/19/2022,,,,,0.0
8/20/2022,,,,,0.0
8/21/2022,,,,,0.0
8/22/2022,,,,,0.0
8/23/2022,,,,,0.0
8/24/2022,,,,,0.0
8/25/2022,,,,,0.0
8/26/2022,,,,,0.0
8/27/2022,,,,,0.0
8/28/2022,,,,,0.0
8/29/2022,,,,,0.0
8/30/2022,,,,,0.0
8/31/2022,,,,,0.0
9/1/2022,,,,,0.0
9/2/2022,,,,,0.0
9/3/2022,,,,,0.0
9/4/2022,,,,,0.0
9/5/2022,,,,,0.0
9/6/2022,,,,,0.0
9/7/2022,,,,,0.0
9/8/2022,,,,,0.0
9/9/2022,,,,,0.0
9/10/2022,,,,,3.6
9/11/2022,,,,,0.0
9/12/2022,,,,,0.5
9/13/2022,,,,,0.0
9/14/2022,,,,,0.0
9/15/2022,,,,,0.0
9/16/2022,,,,,0.0
9/17/2022,,,,,0.0
9/18/2022,,,,,0.0
9/19/2022,,,,,0.0
9/20/2022,,,,,0.0
9/21/2022,,,,,0.0
9/22/2022,,,,,0.0
9/23/2022,,,,,0.0
9/24/2022,,,,,0.0
9/25/2022,,,,,0.0
9/26/2022,,,,,0.0
9/27/2022,,,,,0.0
9/28/2022,,,,,0.0
9/29/2022,,,,,0.0
9/30/2022,,,,,0.0
10/1/2022,,,,,0.0
10/2/2022,,,,,0.0
10/3/2022,,,,,0.0
10/4/2022,,,,,0.0
10/5/2022,,,,,0.0
10/6/2022,,,,,0.0
10/7/2022,,,,,0.0
10/8/2022,,,,,0.0
10/9/2022,,,,,0.0
10/10/2022,,,,,0.0
10/11/2022,,,,,0.0
10/12/2022,,,,,0.0
10/13/2022,,,,,0.0
10/14/2022,,,,,0.0
10/15/2022,,,,,0.0
10/16/2022,,,,,8.9
10/17/2022,,,,,0.0
10/18/2022,,,,,0.0
10/19/2022,,,,,0.0
10/20/2022,,,,,0.0
10/21/2022,,,,,0.0
10/23/2022,,,,,0.5
10/24/2022,,,,,0.0
10/25/2022,,,,,0.0
10/26/2022,,,,,0.0
10/27/2022,,,,,0.0
10/28/2022,,,,,0.0
10/29/2022,,,,,0.0
10/30/2022,,,,,0.0
11/1/2022,,,,,0.0
11/2/2022,,,,,0.5
11/3/2022,,,,,0.0
11/4/2022,,,,,0.0
11/5/2022,,,,,0.0
11/6/2022,,,,,0.0
11/7/2022,,,,,1.3
11/8/2022,,,,,18.3
11/9/2022,,,,,16.0
11/10/2022,,,,,0.0
11/11/2022,,,,,0.0
11/12/2022,,,,,0.0
11/13/2022,,,,,0.0
11/14/2022,,,,,0.0
11/15/2022,,,,,0.0
11/16/2022,,,,,0.0
11/17/2022,,,,,0.0
11/18/2022,,,,,0.0
11/19/2022,,,,,0.0
11/20/2022,,,,,0.0
11/21/2022,,,,,0.0
11/22/2022,,,,,0.0
11/23/2022,,,,,0.0
11/24/2022,,,,,0.0
11/25/2022,,,,,0.0
11/26/2022,,,,,0.0
11/27/2022,,,,,0.0
11/28/2022,,,,,0.0
11/29/2022,,,,,0.0
11/30/2022,,,,,0.0
12/1/2022,,,,,0.0
12/2/2022,,,,,0.3
12/3/2022,,,,,0.3
12/4/2022,,,,,0.0
12/5/2022,,,,,0.3
12/6/2022,,,,,0.0
12/7/2022,,,,,0.0
12/8/2022,,,,,0.0
12/9/2022,,,,,0.0
12/10/2022,,,,,0.0
12/11/2022,,,,,5.6
12/12/2022,,,,,15.5
12/13/2022,,,,,1.0
12/14/2022,,,,,0.0
12/15/2022,,,,,0.0
12/16/2022,,,,,0.0
12/17/2022,,,,,0.0
12/18/2022,,,,,0.0
12/19/2022,,,,,0.0
12/20/2022,,,,,0.0
12/21/2022,,,,,0.0
12/22/2022,,,,,0.0
12/23/2022,,,,,0.0
12/24/2022,,,,,0.0
12/25/2022,,,,,0.0
12/26/2022,,,,,0.0
12/27/2022,,,,,0.0
12/28/2022,,,,,11.7
12/29/2022,,,,,0.5
12/30/2022,,,,,0.0
12/31/2022,,,,,3.6
1/1/2023,,,,,20.1
1/2/2023,,,,,0.0
1/3/2023,,,,,3.0
1/4/2023,,,,,8.9
1/5/2023,,,,,14.0
1/6/2023,,,,,6.6
1/7/2023,,,,,0.0
1/8/2023,,,,,0.0
1/9/2023,,,,,0.3
1/10/2023,,,,,5.8
1/11/2023,,,,,9.9
1/12/2023,,,,,0.0
1/13/2023,,,,,0.0
1/14/2023,,,,,0.0
1/15/2023,,,,,39.4
1/16/2023,,,,,33.8
1/17/2023,,,,,0.5
1/18/2023,,,,,0.0
1/19/2023,,,,,0.0
1/20/2023,,,,,4.6
1/21/2023,,,,,0.0
1/22/2023,,,,,0.0
1/23/2023,,,,,0.0
1/24/2023,,,,,0.0
1/25/2023,,,,,0.0
1/26/2023,,,,,0.0
1/27/2023,,,,,0.0
1/28/2023,,,,,0.0
1/29/2023,,,,,0.0
1/30/2023,,,,,1.8
1/31/2023,,,,,1.3
2/1/2023,,,,,0.0
2/2/2023,,,,,0.0
2/3/2023,,,,,0.0
2/4/2023,,,,,0.0
2/5/2023,,,,,0.0
2/6/2023,,,,,0.0
2/7/2023,,,,,0.0
2/8/2023,,,,,0.0
2/9/2023,,,,,0.0
2/10/2023,,,,,0.0
2/11/2023,,,,,0.0
2/12/2023,,,,,0.0
2/13/2023,,,,,0.0
2/14/2023,,,,,0.0
2/15/2023,,,,,0.0
2/16/2023,,,,,0.0
2/17/2023,,,,,0.0
2/18/2023,,,,,0.0
2/19/2023,,,,,0.0
2/20/2023,,,,,0.0
2/21/2023,,,,,0.0
2/22/2023,,,,,0.8
2/23/2023,,,,,3.3
2/24/2023,,,,,4.8
2/25/2023,,,,,45.7
2/26/2023,,,,,21.3
2/27/2023,,,,,0.5
2/28/2023,,,,,6.6
3/1/2023,,,,,13.2
3/2/2023,,,,,2.5
3/3/2023,,,,,0.0
3/4/2023,,,,,0.0
3/5/2023,,,,,0.0
3/6/2023,,,,,1.5
3/7/2023,,,,,0.0
3/8/2023,,,,,0.0
3/9/2023,,,,,0.0
3/10/2023,,,,,2.0
3/11/2023,,,,,26.7
3/12/2023,,,,,0.8
3/13/2023,,,,,0.0
3/14/2023,,,,,0.0
3/15/2023,,,,,35.8
3/16/2023,,,,,2.5
3/17/2023,,,,,0.0
3/18/2023,,,,,0.0
3/19/2023,,,,,0.0
3/20/2023,,,,,9.1
3/21/2023,,,,,19.6
3/22/2023,,,,,23.1
3/23/2023,,,,,2.5
3/24/2023,,,,,0.0
3/25/2023,,,,,0.0
3/27/2023,,,,,0.0
3/28/2023,,,,,0.0
3/29/2023,,,,,2.5
3/30/2023,,,,,16.5
3/31/2023,,,,,1.0
4/1/2023,,,,,0.0
4/2/2023,,,,,0.0
4/3/2023,,,,,0.0
4/4/2023,,,,,0.0
4/5/2023,,,,,0.0
4/6/2023,,,,,0.0
4/7/2023,,,,,0.0
4/8/2023,,,,,0.0
4/9/2023,,,,,0.0
4/10/2023,,,,,0.0
4/11/2023,,,,,0.0
4/12/2023,,,,,0.0
4/13/2023,,,,,0.5
4/14/2023,,,,,0.0
4/15/2023,,,,,0.0
4/16/2023,,,,,0.0
4/17/2023,,,,,0.0
4/18/2023,,,,,0.0
4/19/2023,,,,,0.0
4/20/2023,,,,,0.0
4/21/2023,,,,,0.0
4/22/2023,,,,,0.0
4/23/2023,,,,,0.0
4/24/2023,,,,,0.0
4/25/2023,,,,,0.0
4/26/2023,,,,,0.0
4/27/2023,,,,,0.0
4/28/2023,,,,,0.0
4/29/2023,,,,,0.0
4/30/2023,,,,,0.0
5/1/2023,,,,,0.0
5/2/2023,,,,,0.3
5/3/2023,,,,,0.0
5/4/2023,,,,,18.5
5/5/2023,,,,,1.3
5/6/2023,,,,,0.8
5/7/2023,,,,,0.0
5/8/2023,,,,,0.0
5/9/2023,,,,,0.0
5/10/2023,,,,,0.0
5/11/2023,,,,,0.0
5/12/2023,,,,,0.0
5/13/2023,,,,,0.0
5/14/2023,,,,,0.0
5/16/2023,,,,,0.0
5/17/2023,,,,,0.0
5/18/2023,,,,,0.0
5/19/2023,,,,,0.0
5/20/2023,,,,,0.0
5/21/2023,,,,,0.0
5/22/2023,,,,,0.0
5/23/2023,,,,,0.0
5/24/2023,,,,,0.3
5/25/2023,,,,,0.0
5/26/2023,,,,,0.0
5/27/2023,,,,,0.0
5/28/2023,,,,,0.0
5/29/2023,,,,,0.0
5/30/2023,,,,,0.0
5/31/2023,,,,,0.8
6/1/2023,,,,,0.0
6/2/2023,,,,,0.0
6/3/2023,,,,,0.0
6/4/2023,,,,,0.0
6/5/2023,,,,,0.3
6/6/2023,,,,,0.0
6/7/2023,,,,,0.0
6/8/2023,,,,,0.0
6/9/2023,,,,,0.0
6/10/2023,,,,,0.0
6/11/2023,,,,,0.3
6/12/2023,,,,,1.3
6/13/2023,,,,,0.0
6/14/2023,,,,,0.0
6/15/2023,,,,,0.0
6/16/2023,,,,,0.0
6/17/2023,,,,,0.0
6/18/2023,,,,,0.0
6/19/2023,,,,,0.0
6/20/2023,,,,,0.0
6/21/2023,,,,,0.0
6/22/2023,,,,,0.0
6/23/2023,,,,,0.0
6/24/2023,,,,,0.0
6/25/2023,,,,,0.0
6/26/2023,,,,,0.0
6/27/2023,,,,,0.0
6/28/2023,,,,,0.0
6/29/2023,,,,,0.0
6/30/2023,,,,,0.0
7/1/2023,,,,,0.0
7/2/2023,,,,,0.0
7/3/2023,,,,,0.0
7/4/2023,,,,,0.0
7/5/2023,,,,,0.0
7/6/2023,,,,,0.0
7/7/2023,,,,,0.0
7/8/2023,,,,,0.0
7/9/2023,,,,,0.0
7/10/2023,,,,,0.0
7/11/2023,,,,,0.0
7/12/2023,,,,,0.0
7/13/2023,,,,,0.0
7/14/2023,,,,,0.0
7/15/2023,,,,,0.0
7/16/2023,,,,,0.0
7/17/2023,,,,,0.0
7/18/2023,,,,,0.0
7/19/2023,,,,,0.0
7/20/2023,,,,,0.0
7/21/2023,,,,,0.0
7/22/2023,,,,,0.0
7/23/2023,,,,,0.0
7/24/2023,,,,,0.0
7/25/2023,,,,,0.0
7/26/2023,,,,,0.0
7/27/2023,,,,,0.0
7/28/2023,,,,,0.0
7/29/2023,,,,,0.0
7/30/2023,,,,,0.0
7/31/2023,,,,,0.0
8/1/2023,,,,,0.0
8/2/2023,,,,,0.0
8/3/2023,,,,,0.0
8/4/2023,,,,,0.0
8/5/2023,,,,,0.0
8/6/2023,,,,,0.0
8/7/2023,,,,,0.0
8/8/2023,,,,,0.0
8/9/2023,,,,,0.0
8/10/2023,,,,,0.3
8/11/2023,,,,,0.0
8/12/2023,,,,,0.0
8/13/2023,,,,,0.0
8/14/2023,,,,,0.0
8/15/2023,,,,,0.0
8/16/2023,,,,,0.0
8/17/2023,,,,,0.0
8/18/2023,,,,,0.0
8/19/2023,,,,,0.0
8/20/2023,,,,,12.7
8/21/2023,,,,,38.6
8/22/2023,,,,,0.0
8/23/2023,,,,,0.0
8/24/2023,,,,,0.0
8/25/2023,,,,,0.0
8/26/2023,,,,,0.0
8/27/2023,,,,,0.0
8/28/2023,,,,,0.0
8/29/2023,,,,,0.0
8/30/2023,,,,,0.0
8/31/2023,,,,,0.0
9/1/2023,,,,,1.0
9/2/2023,,,,,2.5
9/3/2023,,,,,1.0
9/4/2023,,,,,0.0
9/5/2023,,,,,0.0
9/6/2023,,,,,0.0
9/7/2023,,,,,0.0
9/8/2023,,,,,0.0
9/9/2023,,,,,0.0
9/10/2023,,,,,0.8
9/11/2023,,,,,0.0
9/12/2023,,,,,0.0
9/13/2023,,,,,0.0
9/14/2023,,,,,0.0
9/15/2023,,,,,0.0
9/16/2023,,,,,0.0
9/17/2023,,,,,0.0
9/18/2023,,,,,0.0
9/19/2023,,,,,0.0
9/20/2023,,,,,0.0
9/21/2023,,,,,0.0
9/22/2023,,,,,0.0
9/23/2023,,,,,0.0
9/24/2023,,,,,0.0
9/25/2023,,,,,0.0
9/26/2023,,,,,0.0
9/27/2023,,,,,0.0
9/28/2023,,,,,0.0
9/29/2023,,,,,0.0
9/30/2023,,,,,0.0
10/1/2023,,,,,0.0
10/2/2023,,,,,0.0
10/3/2023,,,,,0.0
10/4/2023,,,,,0.0
10/5/2023,,,,,0.0
10/6/2023,,,,,0.0
10/7/2023,,,,,0.0
10/8/2023,,,,,0.0
10/9/2023,,,,,0.0
10/10/2023,,,,,0.0
10/11/2023,,,,,1.8
10/12/2023,,,,,0.0
10/13/2023,,,,,0.0
10/14/2023,,,,,0.0
10/15/2023,,,,,0.0
10/16/2023,,,,,0.0
10/17/2023,,,,,0.0
10/18/2023,,,,,0.0
10/19/2023,,,,,0.0
10/20/2023,,,,,0.0
10/21/2023,,,,,0.0
10/23/2023,,,,,0.0
10/24/2023,,,,,0.0
10/25/2023,,,,,0.0
10/26/2023,,,,,0.0
10/27/2023,,,,,0.0
10/28/2023,,,,,0.0
10/29/2023,,,,,0.0
10/30/2023,,,,,0.0
10/31/2023,,,,,0.0
11/1/2023,,,,,0.0
11/2/2023,,,,,0.0
11/3/2023,,,,,0.0
11/4/2023,,,,,0.0
11/5/2023,,,,,0.0
11/6/2023,,,,,0.0
11/7/2023,,,,,0.0
11/8/2023,,,,,0.0
11/9/2023,,,,,0.0
11/10/2023,,,,,0.0
11/11/2023,,,,,0.0
11/12/2023,,,,,0.0
11/13/2023,,,,,0.0
11/14/2023,,,,,0.0
11/15/2023,,,,,0.0
11/16/2023,,,,,10.9
11/17/2023,,,,,0.0
11/18/2023,,,,,0.0
11/19/2023,,,,,0.3
11/20/2023,,,,,0.0
11/21/2023,,,,,0.0
11/22/2023,,,,,0.0
11/23/2023,,,,,0.0
11/24/2023,,,,,0.0
11/25/2023,,,,,0.0
11/26/2023,,,,,0.0
11/27/2023,,,,,0.0
11/28/2023,,,,,0.0
11/29/2023,,,,,0.0
11/30/2023,,,,,0.0
12/1/2023,,,,,0.0
12/2/2023,,,,,0.0
12/3/2023,,,,,0.0
12/4/2023,,,,,0.0
12/5/2023,,,,,0.0
12/6/2023,,,,,0.0
12/7/2023,,,,,0.0
12/8/2023,,,,,0.0
12/9/2023,,,,,0.0
12/10/2023,,,,,0.0
12/11/2023,,,,,0.0
12/12/2023,,,,,0.0
12/13/2023,,,,,0.0
12/14/2023,,,,,0.0
12/15/2023,,,,,0.0
12/16/2023,,,,,0.0
12/17/2023,,,,,0.0
12/18/2023,,,,,0.0
12/19/2023,,,,,0.0
12/20/2023,,,,,1.3
12/21/2023,,,,,8.9
12/22/2023,,,,,11.4
12/23/2023,,,,,1.3
12/24/2023,,,,,0.0
12/25/2023,,,,,0.0
12/26/2023,,,,,0.0
12/27/2023,,,,,0.0
12/28/2023,,,,,0.0
12/30/2023,,,,,5.1
12/31/2023,,,,,4.6
1/1/2024,,,,,0.0
1/2/2024,,,,,0.0
1/3/2024,,,,,8.1
1/5/2024,,,,,0.0
1/6/2024,,,,,0.0
1/7/2024,,,,,0.0
1/8/2024,,,,,0.0
1/9/2024,,,,,0.0
1/10/2024,,,,,0.0
1/11/2024,,,,,0.0
1/12/2024,,,,,0.0
1/13/2024,,,,,0.0
1/14/2024,,,,,0.0
1/15/2024,,,,,0.0
1/16/2024,,,,,0.0
1/17/2024,,,,,0.0
1/18/2024,,,,,0.0
1/19/2024,,,,,0.0
1/20/2024,,,,,0.0
1/21/2024,,,,,16.0
1/22/2024,,,,,21.1
1/23/2024,,,,,11.9
1/24/2024,,,,,0.0
1/25/2024,,,,,0.3
1/26/2024,,,,,0.0
1/27/2024,,,,,0.0
1/28/2024,,,,,0.0
1/29/2024,,,,,0.0
1/30/2024,,,,,0.0
1/31/2024,,,,,0.0
2/1/2024,,,,,18.0
2/2/2024,,,,,23.1
2/3/2024,,,,,0.0
2/4/2024,,,,,1.8
2/5/2024,,,,,35.6
2/6/2024,,,,,45.7
2/7/2024,,,,,36.1
2/8/2024,,,,,9.1
2/9/2024,,,,,0.0
2/10/2024,,,,,0.0
2/11/2024,,,,,0.0
2/12/2024,,,,,0.0
2/13/2024,,,,,0.0
2/14/2024,,,,,0.0
2/15/2024,,,,,0.0
2/16/2024,,,,,0.0
2/17/2024,,,,,0.0
2/18/2024,,,,,0.0
2/19/2024,,,,,0.0
2/20/2024,,,,,29.2
2/21/2024,,,,,24.9
2/22/2024,,,,,2.0
2/24/2024,,,,,0.0
2/25/2024,,,,,0.0
2/26/2024,,,,,0.0
2/27/2024,,,,,1.3
2/28/2024,,,,,0.0
2/29/2024,,,,,0.3
3/1/2024,,,,,0.0
3/2/2024,,,,,4.6
3/3/2024,,,,,1.3
3/4/2024,,,,,0.5
3/5/2024,,,,,0.0
3/6/2024,,,,,0.0
3/7/2024,,,,,13.0
3/8/2024,,,,,1.0
3/9/2024,,,,,0.0
3/10/2024,,,,,0.0
3/11/2024,,,,,0.0
3/12/2024,,,,,0.5
3/13/2024,,,,,0.0
3/14/2024,,,,,0.0
3/15/2024,,,,,0.0
3/16/2024,,,,,0.0
3/17/2024,,,,,0.0
3/18/2024,,,,,0.0
3/19/2024,,,,,0.0
3/20/2024,,,,,0.0
3/21/2024,,,,,0.0
3/22/2024,,,,,0.0
3/23/2024,,,,,0.0
3/24/2024,,,,,9.7
3/25/2024,,,,,0.0
3/26/2024,,,,,0.0
3/27/2024,,,,,0.0
3/28/2024,,,,,0.0
3/29/2024,,,,,0.0
3/30/2024,,,,,15.2
3/31/2024,,,,,21.6
4/1/2024,,,,,12.2
4/2/2024,,,,,0.0
4/3/2024,,,,,0.0
4/4/2024,,,,,0.0
4/5/2024,,,,,0.0
4/6/2024,,,,,1.3
4/7/2024,,,,,0.0
4/8/2024,,,,,0.0
4/9/2024,,,,,0.0
4/10/2024,,,,,0.0
4/11/2024,,,,,0.0
4/12/2024,,,,,0.0
4/13/2024,,,,,0.0
4/14/2024,,,,,5.6
4/15/2024,,,,,2.5
4/16/2024,,,,,0.0
4/17/2024,,,,,0.0
4/18/2024,,,,,0.0
4/19/2024,,,,,0.0
4/20/2024,,,,,0.0
4/21/2024,,,,,0.0
4/22/2024,,,,,0.0
4/23/2024,,,,,0.0
4/24/2024,,,,,0.0
4/25/2024,,,,,0.0
4/26/2024,,,,,0.0
4/27/2024,,,,,0.0
4/28/2024,,,,,0.0
4/29/2024,,,,,0.0
4/30/2024,,,,,0.0
5/1/2024,,,,,0.0
5/2/2024,,,,,0.0
5/3/2024,,,,,0.0
5/4/2024,,,,,0.3
5/5/2024,,,,,3.0
5/6/2024,,,,,0.0
5/7/2024,,,,,0.0
5/8/2024,,,,,0.0
5/9/2024,,,,,0.0
5/10/2024,,,,,0.0
5/11/2024,,,,,0.0
5/12/2024,,,,,0.0
5/13/2024,,,,,0.0
5/14/2024,,,,,0.0
5/15/2024,,,,,0.0
5/16/2024,,,,,0.0
5/17/2024,,,,,0.0
5/18/2024,,,,,0.0
5/19/2024,,,,,0.0
5/20/2024,,,,,0.0
5/21/2024,,,,,0.0
5/22/2024,,,,,0.0
5/23/2024,,,,,0.0
5/24/2024,,,,,0.0
5/25/2024,,,,,0.0
5/26/2024,,,,,0.0
5/27/2024,,,,,0.0
5/28/2024,,,,,0.0
5/29/2024,,,,,0.0
5/30/2024,,,,,0.0
5/31/2024,,,,,0.0
6/1/2024,,,,,0.0
6/2/2024,,,,,0.0
6/3/2024,,,,,0.0
6/4/2024,,,,,0.0
6/5/2024,,,,,0.0
6/6/2024,,,,,0.0
6/7/2024,,,,,0.0
6/8/2024,,,,,0.0
6/9/2024,,,,,0.0
6/10/2024,,,,,0.0
6/11/2024,,,,,0.0
6/12/2024,,,,,0.0
6/13/2024,,,,,0.0
6/14/2024,,,,,0.0
6/15/2024,,,,,0.0
6/16/2024,,,,,0.0
6/17/2024,,,,,0.0
6/18/2024,,,,,0.0
6/19/2024,,,,,0.0
6/20/2024,,,,,0.0
6/21/2024,,,,,0.0
6/22/2024,,,,,0.0
6/23/2024,,,,,0.0
6/24/2024,,,,,0.0
6/25/2024,,,,,0.0
6/26/2024,,,,,0.0
6/27/2024,,,,,0.0
6/28/2024,,,,,0.0
6/29/2024,,,,,0.0
6/30/2024,,,,,0.0
7/1/2024,,,,,0.0
7/2/2024,,,,,0.0
7/3/2024,,,,,0.0
7/4/2024,,,,,0.0
7/5/2024,,,,,0.0
7/6/2024,,,,,0.0
7/7/2024,,,,,0.0
7/8/2024,,,,,0.0
7/9/2024,,,,,0.0
7/10/2024,,,,,0.0
7/11/2024,,,,,0.0
7/12/2024,,,,,0.0
7/13/2024,,,,,0.0
7/14/2024,,,,,0.0
7/15/2024,,,,,0.0
7/16/2024,,,,,0.0
7/17/2024,,,,,0.0
7/18/2024,,,,,0.0
7/19/2024,,,,,0.0
7/20/2024,,,,,0.0
7/21/2024,,,,,0.0
7/22/2024,,,,,0.0
7/23/2024,,,,,0.0
7/24/2024,,,,,0.0
7/25/2024,,,,,0.0
7/26/2024,,,,,0.0
7/27/2024,,,,,0.0
7/28/2024,,,,,0.0
7/29/2024,,,,,0.0
7/30/2024,,,,,0.0
7/31/2024,,,,,0.0
8/1/2024,,,,,0.0
8/2/2024,,,,,0.0
8/3/2024,,,,,0.0
8/4/2024,,,,,0.0
8/5/2024,,,,,0.0
8/6/2024,,,,,0.0
8/7/2024,,,,,0.0
8/8/2024,,,,,0.0
8/9/2024,,,,,0.0
8/10/2024,,,,,0.0
8/11/2024,,,,,0.0
8/12/2024,,,,,0.0
8/13/2024,,,,,0.0
8/14/2024,,,,,0.0
8/15/2024,,,,,0.0
8/16/2024,,,,,0.0
8/17/2024,,,,,0.0
8/18/2024,,,,,0.0
8/19/2024,,,,,0.0
8/20/2024,,,,,0.0
8/21/2024,,,,,0.0
8/22/2024,,,,,0.0
8/23/2024,,,,,0.0
8/24/2024,,,,,0.0
8/25/2024,,,,,0.0
8/26/2024,,,,,0.0
8/27/2024,,,,,0.0
8/28/2024,,,,,0.0
8/29/2024,,,,,0.0
8/30/2024,,,,,0.0
8/31/2024,,,,,0.0
9/1/2024,,,,,0.0
9/2/2024,,,,,0.0
9/3/2024,,,,,0.0
9/4/2024,,,,,0.0
9/5/2024,,,,,0.0
9/6/2024,,,,,0.0
9/7/2024,,,,,0.0
9/8/2024,,,,,0.0
9/9/2024,,,,,0.0
9/10/2024,,,,,0.0
9/11/2024,,,,,0.0
9/12/2024,,,,,0.0
9/13/2024,,,,,0.0
9/14/2024,,,,,0.0
9/15/2024,,,,,0.0
9/16/2024,,,,,0.5
9/17/2024,,,,,0.0
9/18/2024,,,,,0.0
9/19/2024,,,,,0.3
9/20/2024,,,,,0.0
9/21/2024,,,,,0.0
9/22/2024,,,,,0.0
9/23/2024,,,,,0.0
9/24/2024,,,,,0.0
9/25/2024,,,,,0.0
9/26/2024,,,,,0.0
9/27/2024,,,,,0.0
9/28/2024,,,,,0.0
9/29/2024,,,,,0.0
9/30/2024,,,,,0.0
10/1/2024,,,,,0.0
10/2/2024,,,,,0.0
10/3/2024,,,,,0.0
10/4/2024,,,,,0.0
10/5/2024,,,,,0.0
10/6/2024,,,,,0.0
10/7/2024,,,,,0.0
10/8/2024,,,,,0.0
10/9/2024,,,,,0.0
10/10/2024,,,,,0.0
10/11/2024,,,,,0.0
10/12/2024,,,,,0.0
10/13/2024,,,,,0.0
10/14/2024,,,,,0.0
10/15/2024,,,,,0.0
10/16/2024,,,,,0.0
10/17/2024,,,,,0.0
10/18/2024,,,,,0.0
10/19/2024,,,,,0.0
10/20/2024,,,,,0.0
10/21/2024,,,,,0.0
10/22/2024,,,,,0.0
10/23/2024,,,,,0.0
10/24/2024,,,,,0.0
10/25/2024,,,,,0.0
10/26/2024,,,,,0.0
10/27/2024,,,,,0.0
10/28/2024,,,,,0.0
10/29/2024,,,,,0.0
10/30/2024,,,,,0.0
10/31/2024,,,,,0.0
11/1/2024,,,,,0.0
11/2/2024,,,,,0.0
11/3/2024,,,,,2.5
11/4/2024,,,,,0.0
11/5/2024,,,,,0.0
11/6/2024,,,,,0.0
11/7/2024,,,,,0.0
11/8/2024,,,,,0.0
11/9/2024,,,,,0.0
11/10/2024,,,,,0.0
11/11/2024,,,,,0.0
11/12/2024,,,,,0.0
11/13/2024,,,,,0.0
11/14/2024,,,,,0.0
11/15/2024,,,,,0.0
11/16/2024,,,,,0.0
11/17/2024,,,,,0.0
11/18/2024,,,,,0.0
11/19/2024,,,,,0.0
11/20/2024,,,,,0.0
11/21/2024,,,,,0.0
11/22/2024,,,,,0.0
11/23/2024,,,,,0.0
11/24/2024,,,,,0.3
11/25/2024,,,,,0.0
11/26/2024,,,,,0.0
11/27/2024,,,,,0.0
11/28/2024,,,,,0.0
11/29/2024,,,,,0.0
11/30/2024,,,,,0.0
12/1/2024,,,,,0.0
12/2/2024,,,,,0.0
12/3/2024,,,,,0.0
12/4/2024,,,,,0.0
12/5/2024,,,,,0.0
12/6/2024,,,,,0.0
12/7/2024,,,,,0.0
12/8/2024,,,,,0.0
12/9/2024,,,,,0.0
12/10/2024,,,,,0.0
12/11/2024,,,,,0.0
12/12/2024,,,,,0.0
12/13/2024,,,,,0.0
12/14/2024,,,,,0.0
12/15/2024,,,,,0.0
12/16/2024,,,,,0.0
12/17/2024,,,,,0.0
12/18/2024,,,,,0.0
12/19/2024,,,,,0.0
12/20/2024,,,,,0.0
12/21/2024,,,,,0.0
12/22/2024,,,,,0.0
12/23/2024,,,,,0.0
12/24/2024,,,,,0.0
12/25/2024,,,,,0.0
12/26/2024,,,,,0.0
12/27/2024,,,,,0.0
12/28/2024,,,,,0.0
12/29/2024,,,,,0.0
12/30/2024,,,,,0.0
12/31/2024,,,,,0.0
1/1/2025,,,,,0.0
1/2/2025,,,,,0.0
1/3/2025,,,,,0.0
1/4/2025,,,,,0.0
1/5/2025,,,,,0.0
1/6/2025,,,,,0.0
1/7/2025,,,,,0.0
1/8/2025,,,,,0.0
1/9/2025,,,,,0.0
1/10/2025,,,,,0.0
1/11/2025,,,,,0.0
1/12/2025,,,,,0.0
1/13/2025,,,,,0.0
1/14/2025,,,,,0.0
1/15/2025,,,,,0.0
1/16/2025,,,,,0.0
1/17/2025,,,,,0.0
1/18/2025,,,,,0.0
1/19/2025,,,,,0.0
1/20/2025,,,,,0.0
1/21/2025,,,,,0.0
1/22/2025,,,,,0.0
1/23/2025,,,,,0.0
1/24/2025,,,,,0.0
1/25/2025,,,,,0.0
1/26/2025,,,,,5.6
1/27/2025,,,,,11.2
1/28/2025,,,,,0.0
1/29/2025,,,,,0.0
1/30/2025,,,,,0.0
1/31/2025,,,,,0.0
2/1/2025,,,,,0.0
2/2/2025,,,,,0.0
2/3/2025,,,,,0.0
2/4/2025,,,,,0.0
2/5/2025,,,,,0.5
2/6/2025,,,,,0.8
2/7/2025,,,,,3.3
2/8/2025,,,,,0.5
2/9/2025,,,,,0.0
2/10/2025,,,,,0.0
2/11/2025,,,,,0.0
2/12/2025,,,,,0.3
2/13/2025,,,,,22.1
2/14/2025,,,,,26.7
2/15/2025,,,,,0.0
2/16/2025,,,,,0.0
2/17/2025,,,,,0.0
2/18/2025,,,,,0.0
2/19/2025,,,,,0.0
2/20/2025,,,,,0.0
2/21/2025,,,,,0.0
2/22/2025,,,,,0.0
2/23/2025,,,,,0.0
2/24/2025,,,,,0.0
2/25/2025,,,,,0.0
2/26/2025,,,,,0.0
2/27/2025,,,,,0.0
2/28/2025,,,,,0.0
3/1/2025,,,,,0.0
3/2/2025,,,,,0.0
3/3/2025,,,,,0.0
3/4/2025,,,,,0.0
3/5/2025,,,,,0.0
3/6/2025,,,,,12.2
3/7/2025,,,,,3.6
3/8/2025,,,,,0.0
3/9/2025,,,,,0.0
3/10/2025,,,,,0.0
3/11/2025,,,,,0.0
3/12/2025,,,,,3.8
3/13/2025,,,,,10.4
3/14/2025,,,,,0.8
3/15/2025,,,,,1.3
3/16/2025,,,,,0.0
3/17/2025,,,,,0.0
3/18/2025,,,,,0.0
3/19/2025,,,,,0.0
3/20/2025,,,,,0.0
3/21/2025,,,,,0.0
3/22/2025,,,,,0.0
3/23/2025,,,,,0.0
3/24/2025,,,,,0.0
3/25/2025,,,,,0.0
3/26/2025,,,,,0.0
3/27/2025,,,,,0.0
3/28/2025,,,,,0.0
3/29/2025,,,,,0.0
3/30/2025,,,,,0.0
3/31/2025,,,,,1.3
4/1/2025,,,,,0.0
4/2/2025,,,,,0.0
4/3/2025,,,,,0.0
4/4/2025,,,,,0.0
4/5/2025,,,,,0.0
4/6/2025,,,,,0.0
4/7/2025,,,,,0.0
4/8/2025,,,,,0.0
4/9/2025,,,,,0.0
4/10/2025,,,,,0.0
4/11/2025,,,,,0.0
4/12/2025,,,,,0.0
4/13/2025,,,,,0.0
4/14/2025,,,,,0.0
4/15/2025,,,,,0.0
4/16/2025,,,,,0.0
4/17/2025,,,,,0.0
4/18/2025,,,,,0.0
4/19/2025,,,,,0.0
4/20/2025,,,,,0.0
4/21/2025,,,,,0.0
4/22/2025,,,,,0.0
4/23/2025,,,,,0.0
4/24/2025,,,,,0.0
4/25/2025,,,,,0.0
4/26/2025,,,,,0.0
4/27/2025,,,,,5.6
4/28/2025,,,,,0.0
4/29/2025,,,,,0.0
4/30/2025,,,,,0.0
5/1/2025,,,,,0.0
5/2/2025,,,,,0.0
5/3/2025,,,,,0.0
5/4/2025,,,,,0.8
5/5/2025,,,,,0.0
5/6/2025,,,,,0.0
5/7/2025,,,,,0.0
5/8/2025,,,,,0.0
5/9/2025,,,,,0.0
5/10/2025,,,,,0.0
5/11/2025,,,,,0.0
5/12/2025,,,,,0.0
5/13/2025,,,,,0.0
5/14/2025,,,,,0.0
5/15/2025,,,,,0.0
5/16/2025,,,,,0.0
5/17/2025,,,,,0.0
5/18/2025,,,,,0.0
5/19/2025,,,,,0.0
5/20/2025,,,,,0.0
5/21/2025,,,,,0.0
5/22/2025,,,,,0.0
5/23/2025,,,,,0.0
5/24/2025,,,,,0.0
5/25/2025,,,,,0.0
5/26/2025,,,,,0.0
5/27/2025,,,,,0.0
5/28/2025,,,,,0.0
5/29/2025,,,,,0.0
5/30/2025,,,,,0.0
5/31/2025,,,,,0.0
6/1/2025,,,,,0.0
6/2/2025,,,,,0.0
6/3/2025,,,,,0.0
6/4/2025,,,,,0.8
6/5/2025,,,,,0.0
6/6/2025,,,,,0.0
6/7/2025,,,,,0.0
6/8/2025,,,,,0.0
6/9/2025,,,,,0.0
6/10/2025,,,,,0.0
6/11/2025,,,,,0.0
6/12/2025,,,,,0.0
6/13/2025,,,,,0.0
6/14/2025,,,,,0.0
6/15/2025,,,,,0.0
6/16/2025,,,,,0.0
6/17/2025,,,,,0.0
6/18/2025,,,,,0.0
6/19/2025,,,,,0.0
6/20/2025,,,,,0.0
6/21/2025,,,,,0.0
6/22/2025,,,,,0.0
6/23/2025,,,,,0.0
6/24/2025,,,,,0.0
6/25/2025,,,,,0.0
6/26/2025,,,,,0.0
6/27/2025,,,,,0.0
6/28/2025,,,,,0.0
6/29/2025,,,,,0.0
6/30/2025,,,,,0.0
7/1/2025,,,,,0.0
7/2/2025,,,,,0.0
7/3/2025,,,,,0.0
7/4/2025,,,,,0.0
7/5/2025,,,,,0.0
7/6/2025,,,,,0.0
7/7/2025,,,,,0.0
7/8/2025,,,,,0.0
7/9/2025,,,,,0.0
7/10/2025,,,,,0.0
7/11/2025,,,,,0.0
7/12/2025,,,,,0.0
7/13/2025,,,,,0.0
7/14/2025,,,,,0.0
7/15/2025,,,,,0.0
7/16/2025,,,,,0.0
7/17/2025,,,,,0.0
7/18/2025,,,,,0.0
7/19/2025,,,,,0.0
7/20/2025,,,,,0.0
7/21/2025,,,,,0.0
7/22/2025,,,,,0.0
7/23/2025,,,,,0.0
7/24/2025,,,,,0.0
7/25/2025,,,,,0.0
7/26/2025,,,,,0.0
7/27/2025,,,,,0.0
7/28/2025,,,,,0.0
7/29/2025,,,,,0.0
7/30/2025,,,,,0.0
7/31/2025,,,,,0.0
8/1/2025,,,,,0.0
8/2/2025,,,,,0.0
8/3/2025,,,,,0.0
8/4/2025,,,,,0.0
8/5/2025,,,,,0.0
8/6/2025,,,,,0.0
8/7/2025,,,,,0.0
8/8/2025,,,,,0.0
8/9/2025,,,,,0.0
8/10/2025,,,,,0.0
8/11/2025,,,,,0.0
8/12/2025,,,,,0.0
8/13/2025,,,,,0.0
8/14/2025,,,,,0.0
8/15/2025,,,,,0.0
8/16/2025,,,,,0.0
8/17/2025,,,,,0.0
8/18/2025,,,,,0.0
8/19/2025,,,,,0.0
8/20/2025,,,,,0.0
8/21/2025,,,,,0.0
8/22/2025,,,,,0.0
8/23/2025,,,,,0.0
8/24/2025,,,,,0.0
8/25/2025,,,,,0.0
8/26/2025,,,,,0.0
8/27/2025,,,,,0.0
8/28/2025,,,,,0.0
8/29/2025,,,,,0.0
8/30/2025,,,,,0.0
8/31/2025,,,,,0.0
9/1/2025,,,,,0.0
9/2/2025,,,,,0.0
9/3/2025,,,,,0.0
9/4/2025,,,,,0.0
9/5/2025,,,,,0.0
9/6/2025,,,,,0.0
9/7/2025,,,,,0.0
9/8/2025,,,,,0.0
9/9/2025,,,,,0.0
9/10/2025,,,,,0.0
9/11/2025,,,,,0.0
9/12/2025,,,,,0.0
9/13/2025,,,,,0.0
9/14/2025,,,,,0.0
9/15/2025,,,,,0.0
9/16/2025,,,,,0.0
9/17/2025,,,,,0.0
9/18/2025,,,,,2.5
9/19/2025,,,,,0.0
9/20/2025,,,,,0.0
9/21/2025,,,,,0.0
9/22/2025,,,,,0.0
9/23/2025,,,,,0.0
9/24/2025,,,,,0.0
9/25/2025,,,,,0.0
9/26/2025,,,,,0.0
9/27/2025,,,,,0.0
9/28/2025,,,,,0.0
9/29/2025,,,,,0.0
9/30/2025,,,,,0.0
10/1/2025,,,,,0.0
10/2/2025,,,,,0.0
10/3/2025,,,,,0.0
10/4/2025,,,,,0.0
10/5/2025,,,,,0.0
10/6/2025,,,,,0.0
10/7/2025,,,,,0.0
10/8/2025,,,,,0.0
10/9/2025,,,,,0.0
10/10/2025,,,,,0.3
10/11/2025,,,,,0.0
10/12/2025,,,,,0.0
10/13/2025,,,,,0.0
10/14/2025,,,,,3.3
10/15/2025,,,,,43.9
10/16/2025,,,,,0.0
10/17/2025,,,,,0.0
10/18/2025,,,,,0.0
10/19/2025,,,,,0.0
10/20/2025,,,,,0.0
10/21/2025,,,,,0.0
10/22/2025,,,,,0.0
10/23/2025,,,,,0.0
10/24/2025,,,,,0.0
10/25/2025,,,,,0.0
10/26/2025,,,,,0.0
10/27/2025,,,,,0.0
10/28/2025,,,,,0.0
10/29/2025,,,,,0.0
10/30/2025,,,,,0.0
10/31/2025,,,,,0.0
11/1/2025,,,,,0.0
11/2/2025,,,,,0.0
11/3/2025,,,,,0.0
11/4/2025,,,,,0.0
11/5/2025,,,,,0.0
11/6/2025,,,,,0.0
11/7/2025,,,,,0.0
11/8/2025,,,,,0.0
11/9/2025,,,,,0.0
11/10/2025,,,,,0.0
11/11/2025,,,,,0.0
11/12/2025,,,,,0.0
11/13/2025,,,,,0.0
11/14/2025,,,,,0.0
11/15/2025,,,,,31.8
11/16/2025,,,,,33.3
11/17/2025,,,,,12.7
11/18/2025,,,,,12.4
11/19/2025,,,,,0.0
11/20/2025,,,,,0.0
11/21/2025,,,,,31.8
11/22/2025,,,,,0.0
11/23/2025,,,,,0.0
11/24/2025,,,,,0.0
11/25/2025,,,,,0.0
11/26/2025,,,,,0.0
11/27/2025,,,,,0.0
11/28/2025,,,,,0.0
11/29/2025,,,,,0.0
11/30/2025,,,,,0.0
12/1/2025,,,,,0.0
12/2/2025,,,,,0.0
12/3/2025,,,,,0.0
12/4/2025,,,,,0.0
12/5/2025,,,,,0.0
12/6/2025,,,,,0.0
12/7/2025,,,,,0.0
12/8/2025,,,,,0.0
12/9/2025,,,,,0.0
12/10/2025,,,,,0.0
12/11/2025,,,,,0.0
12/12/2025,,,,,0.0
12/13/2025,,,,,0.0
12/14/2025,,,,,0.0
12/15/2025,,,,,0.0
12/16/2025,,,,,0.0
12/17/2025,,,,,0.0
12/18/2025,,,,,0.0
12/19/2025,,,,,0.0
12/20/2025,,,,,0.0
12/21/2025,,,,,0.0
12/22/2025,,,,,0.0
12/23/2025,,,,,0.0
12/24/2025,,,,,6.4
12/25/2025,,,,,44.7
12/26/2025,,,,,0.5
12/27/2025,,,,,26.2
12/28/2025,,,,,0.0
12/29/2025,,,,,0.0
12/30/2025,,,,,0.0
12/31/2025,,,,,0.0
1/1/2026,,,,,34.5
1/2/2026,,,,,5.3
1/3/2026,,,,,6.1
1/4/2026,,,,,5.6
1/5/2026,,,,,7.6
1/6/2026,,,,,0.0
1/7/2026,,,,,0.0
1/8/2026,,,,,0.0
1/9/2026,,,,,0.0
1/10/2026,,,,,0.0
1/11/2026,,,,,0.0
1/13/2026,,,,,0.0
1/14/2026,,,,,0.0
1/15/2026,,,,,0.0
1/16/2026,,,,,0.0
1/17/2026,,,,,0.0
1/18/2026,,,,,0.0
1/19/2026,,,,,0.0
1/20/2026,,,,,0.0
1/21/2026,,,,,0.0
1/22/2026,,,,,0.0
1/23/2026,,,,,6.6
1/24/2026,,,,,0.0
1/25/2026,,,,,0.0
1/26/2026,,,,,0.0
1/27/2026,,,,,0.0
1/28/2026,,,,,0.0
1/29/2026,,,,,0.0
1/30/2026,,,,,0.0
1/31/2026,,,,,0.0
2/1/2026,,,,,0.0
2/2/2026,,,,,0.0
2/3/2026,,,,,0.0
2/4/2026,,,,,0.0
2/5/2026,,,,,0.0
2/6/2026,,,,,0.0
2/7/2026,,,,,0.0
2/8/2026,,,,,0.0
2/9/2026,,,,,0.0
2/10/2026,,,,,0.0
2/11/2026,,,,,15.2
2/12/2026,,,,,0.5
2/13/2026,,,,,0.0
2/14/2026,,,,,0.0
2/15/2026,,,,,0.0
2/16/2026,,,,,0.0
2/17/2026,,,,,24.9
2/18/2026,,,,,5.6
2/19/2026,,,,,0.0
2/20/2026,,,,,7.1
2/21/2026,,,,,0.0
2/22/2026,,,,,0.0
2/23/2026,,,,,0.0
2/24/2026,,,,,0.0
2/25/2026,,,,,0.0
2/26/2026,,,,,0.0
2/27/2026,,,,,0.0
2/28/2026,,,,,0.0
3/1/2026,,,,,0.0
3/2/2026,,,,,0.0
3/3/2026,,,,,0.0
3/4/2026,,,,,0.0
3/5/2026,,,,,0.0
3/6/2026,,,,,0.0
3/7/2026,,,,,0.0
3/8/2026,,,,,0.0
3/9/2026,,,,,0.0
3/10/2026,,,,,0.0
3/11/2026,,,,,0.0
3/12/2026,,,,,0.0
3/13/2026,,,,,0.0
3/14/2026,,,,,0.0
3/15/2026,,,,,0.0
3/16/2026,,,,,0.0
3/17/2026,,,,,0.0
3/18/2026,,,,,0.0
3/19/2026,,,,,0.0
3/20/2026,,,,,0.0
3/21/2026,,,,,0.0
3/22/2026,,,,,0.0
3/23/2026,,,,,0.0
3/24/2026,,,,,0.0
3/25/2026,,,,,0.0
3/26/2026,,,,,0.0
3/27/2026,,,,,0.0
3/28/2026,,,,,0.0
3/29/2026,,,,,0.0
3/30/2026,,,,,0.0
3/31/2026,,,,,0.0
4/1/2026,,,,,1.5
4/2/2026,,,,,0.0
4/3/2026,,,,,0.0
4/4/2026,,,,,0.0
4/5/2026,,,,,0.0
4/6/2026,,,,,0.0
4/7/2026,,,,,0.0
4/8/2026,,,,,0.0
4/9/2026,,,,,0.0
4/10/2026,,,,,0.0
4/11/2026,,,,,0.0
4/12/2026,,,,,0.0
4/13/2026,,,,,5.8
4/14/2026,,,,,0.5
11/16/2023,,,,,12.7
11/19/2023,,,,,1.3
11/20/2023,,,,,0.0
11/25/2023,,,,,0.0
11/27/2023,,,,,0.0
11/28/2023,,,,,0.0
11/29/2023,,,,,0.0
11/30/2023,,,,,0.0
12/1/2023,,,,,0.0
12/2/2023,,,,,0.0
12/4/2023,,,,,0.0
12/5/2023,,,,,0.0
12/6/2023,,,,,0.0
12/8/2023,,,,,0.0
12/9/2023,,,,,0.0
12/11/2023,,,,,0.0
12/12/2023,,,,,0.0
12/14/2023,,,,,0.0
12/15/2023,,,,,0.0
12/16/2023,,,,,0.0
12/17/2023,,,,,0.0
12/18/2023,,,,,0.0
12/19/2023,,,,,0.3
12/20/2023,,,,,0.5
12/21/2023,,,,,17.8
12/22/2023,,,,,18.0
12/23/2023,,,,,5.1
12/24/2023,,,,,0.0
12/25/2023,,,,,0.0
12/26/2023,,,,,0.0
12/27/2023,,,,,0.0
12/28/2023,,,,,0.0
12/29/2023,,,,,0.0
12/30/2023,,,,,6.6
12/31/2023,,,,,2.5
1/1/2024,,,,,1.3
1/2/2024,,,,,0.0
1/3/2024,,,,,5.1
1/5/2024,,,,,0.0
1/6/2024,,,,,0.0
1/7/2024,,,,,0.5
1/8/2024,,,,,0.0
1/9/2024,,,,,0.0
1/10/2024,,,,,0.0
1/11/2024,,,,,0.0
1/13/2024,,,,,0.0
1/14/2024,,,,,0.0
1/15/2024,,,,,0.0
1/16/2024,,,,,0.0
1/17/2024,,,,,0.0
1/18/2024,,,,,0.5
1/19/2024,,,,,0.0
1/20/2024,,,,,0.0
1/21/2024,,,,,15.2
1/22/2024,,,,,17.3
1/23/2024,,,,,6.4
1/24/2024,,,,,0.0
1/25/2024,,,,,2.8
1/26/2024,,,,,0.0
1/27/2024,,,,,0.0
1/28/2024,,,,,0.0
1/29/2024,,,,,0.0
1/30/2024,,,,,0.0
2/3/2024,,,,,43.2
2/4/2024,,,,,1.3
2/5/2024,,,,,35.1
2/6/2024,,,,,40.4
2/7/2024,,,,,33.0
2/8/2024,,,,,9.1
2/9/2024,,,,,4.8
2/10/2024,,,,,1.3
2/12/2024,,,,,0.0
2/13/2024,,,,,0.0
2/14/2024,,,,,0.0
2/16/2024,,,,,0.0
2/17/2024,,,,,0.0
2/18/2024,,,,,0.5
2/19/2024,,,,,0.0
2/20/2024,,,,,22.4
2/21/2024,,,,,17.8
2/22/2024,,,,,0.0
2/23/2024,,,,,0.0
2/25/2024,,,,,0.0
2/26/2024,,,,,0.0
2/27/2024,,,,,0.5
3/2/2024,,,,,3.8
3/3/2024,,,,,5.6
3/4/2024,,,,,2.8
3/5/2024,,,,,0.0
3/6/2024,,,,,0.0
3/7/2024,,,,,30.5
3/8/2024,,,,,0.3
3/9/2024,,,,,0.0
3/10/2024,,,,,0.0
3/11/2024,,,,,0.0
3/12/2024,,,,,0.0
3/13/2024,,,,,0.0
3/14/2024,,,,,0.0
3/15/2024,,,,,0.0
3/16/2024,,,,,0.0
3/17/2024,,,,,0.0
3/18/2024,,,,,0.0
3/24/2024,,,,,7.6
3/25/2024,,,,,0.0
3/26/2024,,,,,0.0
3/27/2024,,,,,0.0
3/28/2024,,,,,0.0
3/31/2024,,,,,22.6
4/1/2024,,,,,12.7
4/2/2024,,,,,0.0
4/3/2024,,,,,0.0
4/4/2024,,,,,0.0
4/5/2024,,,,,0.8
4/6/2024,,,,,1.3
4/7/2024,,,,,0.0
4/8/2024,,,,,0.0
4/9/2024,,,,,0.0
4/10/2024,,,,,0.0
4/11/2024,,,,,0.0
4/12/2024,,,,,0.0
4/13/2024,,,,,0.0
4/14/2024,,,,,4.1
4/15/2024,,,,,1.3
4/16/2024,,,,,0.0
4/18/2024,,,,,0.0
4/19/2024,,,,,0.0
4/20/2024,,,,,0.0
4/21/2024,,,,,0.0
4/22/2024,,,,,0.0
4/26/2024,,,,,0.0
4/27/2024,,,,,0.0
4/29/2024,,,,,0.0
4/30/2024,,,,,0.0
5/1/2024,,,,,0.0
5/2/2024,,,,,0.0
5/4/2024,,,,,0.0
5/5/2024,,,,,3.0
5/6/2024,,,,,0.0
5/7/2024,,,,,0.0
5/8/2024,,,,,0.0
5/15/2024,,,,,0.5
5/16/2024,,,,,0.0
5/17/2024,,,,,0.0
5/19/2024,,,,,0.0
5/20/2024,,,,,0.0
5/21/2024,,,,,0.0
5/22/2024,,,,,0.0
5/23/2024,,,,,0.0
5/24/2024,,,,,0.0
5/25/2024,,,,,0.0
5/26/2024,,,,,0.0
5/27/2024,,,,,0.0
5/28/2024,,,,,0.0
5/29/2024,,,,,0.0
5/31/2024,,,,,0.0
6/2/2024,,,,,0.0
6/3/2024,,,,,0.0
6/4/2024,,,,,0.0
6/5/2024,,,,,0.0
6/6/2024,,,,,0.0
6/7/2024,,,,,0.8
6/8/2024,,,,,0.0
6/9/2024,,,,,0.0
6/10/2024,,,,,0.0
6/11/2024,,,,,0.0
6/12/2024,,,,,0.0
6/14/2024,,,,,0.0
6/17/2024,,,,,0.0
6/21/2024,,,,,0.0
6/22/2024,,,,,0.0
6/23/2024,,,,,0.0
6/24/2024,,,,,0.0
6/26/2024,,,,,0.0
7/6/2024,,,,,0.0
7/11/2024,,,,,0.0
7/13/2024,,,,,0.0
7/15/2024,,,,,0.0
7/19/2024,,,,,0.0
7/20/2024,,,,,0.0
7/21/2024,,,,,0.0
7/23/2024,,,,,0.0
7/26/2024,,,,,0.0
7/27/2024,,,,,0.0
7/30/2024,,,,,0.0
7/31/2024,,,,,0.0
8/1/2024,,,,,0.0
8/2/2024,,,,,0.0
8/3/2024,,,,,0.0
8/5/2024,,,,,0.0
8/6/2024,,,,,0.0
8/7/2024,,,,,0.0
8/18/2024,,,,,0.0
8/19/2024,,,,,0.0
8/23/2024,,,,,0.0
8/24/2024,,,,,0.0
8/25/2024,,,,,0.0
8/26/2024,,,,,0.0
8/27/2024,,,,,0.0
8/28/2024,,,,,0.0
9/3/2024,,,,,0.0
9/6/2024,,,,,0.0
9/8/2024,,,,,0.0
9/27/2024,,,,,0.0
9/28/2024,,,,,0.0
9/29/2024,,,,,0.0
10/1/2024,,,,,0.0
10/2/2024,,,,,0.0
10/3/2024,,,,,0.0
10/4/2024,,,,,0.0
10/8/2024,,,,,0.0
10/9/2024,,,,,0.0
10/10/2024,,,,,0.0
10/11/2024,,,,,0.0
10/12/2024,,,,,0.0
10/13/2024,,,,,0.0
10/14/2024,,,,,0.0
10/15/2024,,,,,0.0
10/30/2024,,,,,0.0
11/5/2024,,,,,0.0
11/6/2024,,,,,0.0
11/7/2024,,,,,0.0
11/9/2024,,,,,0.0
11/11/2024,,,,,0.0
11/12/2024,,,,,0.0
11/13/2024,,,,,0.0
11/14/2024,,,,,0.0
11/19/2024,,,,,0.0
11/21/2024,,,,,0.0
11/22/2024,,,,,0.0
11/23/2024,,,,,0.0
11/24/2024,,,,,0.8
11/25/2024,,,,,0.0
12/3/2024,,,,,0.0
12/4/2024,,,,,0.0
12/5/2024,,,,,0.0
12/6/2024,,,,,0.0
12/7/2024,,,,,0.0
12/9/2024,,,,,0.0
12/10/2024,,,,,0.0
12/17/2024,,,,,0.0
12/18/2024,,,,,0.0
12/19/2024,,,,,0.0
12/20/2024,,,,,0.0
12/21/2024,,,,,0.0
12/22/2024,,,,,0.0
12/23/2024,,,,,0.0
12/24/2024,,,,,0.5
12/25/2024,,,,,0.0
12/27/2024,,,,,0.0
12/29/2024,,,,,0.5
12/30/2024,,,,,0.0
12/31/2024,,,,,0.0
1/1/2025,,,,,0.0
1/2/2025,,,,,0.5
1/3/2025,,,,,0.0
1/7/2025,,,,,0.0
1/14/2025,,,,,0.0
1/15/2025,,,,,0.0
1/17/2025,,,,,0.0
1/19/2025,,,,,0.0
1/20/2025,,,,,0.0
1/21/2025,,,,,0.0
1/22/2025,,,,,0.0
1/23/2025,,,,,0.0
1/24/2025,,,,,0.0
1/25/2025,,,,,0.0
1/26/2025,,,,,3.8
1/27/2025,,,,,13.0
1/29/2025,,,,,0.0
1/30/2025,,,,,0.0
2/2/2025,,,,,0.0
2/3/2025,,,,,0.0
2/4/2025,,,,,0.0
2/5/2025,,,,,1.3
2/6/2025,,,,,0.5
2/7/2025,,,,,8.4
2/8/2025,,,,,0.0
2/9/2025,,,,,0.0
2/11/2025,,,,,0.0
2/12/2025,,,,,1.5
2/13/2025,,,,,17.5
2/14/2025,,,,,47.2
2/15/2025,,,,,0.5
2/17/2025,,,,,0.0
2/18/2025,,,,,0.0
2/19/2025,,,,,0.0
2/20/2025,,,,,0.0
2/22/2025,,,,,0.0
2/23/2025,,,,,0.0
2/24/2025,,,,,0.0
2/25/2025,,,,,0.0
2/28/2025,,,,,0.0
3/1/2025,,,,,0.0
3/2/2025,,,,,0.0
3/3/2025,,,,,0.0
3/4/2025,,,,,0.0
3/5/2025,,,,,0.0
3/6/2025,,,,,11.9
3/7/2025,,,,,5.8
3/10/2025,,,,,0.0
3/11/2025,,,,,0.5
3/12/2025,,,,,0.8
3/13/2025,,,,,17.5
3/14/2025,,,,,2.5
3/15/2025,,,,,3.6
3/17/2025,,,,,0.0
3/18/2025,,,,,0.5
3/19/2025,,,,,0.0
3/21/2025,,,,,0.0
3/22/2025,,,,,0.0
3/23/2025,,,,,0.0
3/24/2025,,,,,0.0
3/26/2025,,,,,0.5
3/27/2025,,,,,0.0
3/30/2025,,,,,0.5
3/31/2025,,,,,1.5
4/1/2025,,,,,0.0
4/2/2025,,,,,0.0
4/5/2025,,,,,0.0
4/7/2025,,,,,0.0
4/8/2025,,,,,0.0
4/9/2025,,,,,0.0
4/10/2025,,,,,0.0
4/12/2025,,,,,0.0
4/14/2025,,,,,0.0
4/15/2025,,,,,0.0
4/22/2025,,,,,0.0
4/23/2025,,,,,0.0
4/26/2025,,,,,0.0
4/27/2025,,,,,6.4
4/28/2025,,,,,0.0
4/29/2025,,,,,0.0
4/30/2025,,,,,0.0
5/2/2025,,,,,0.0
5/8/2025,,,,,0.0
5/10/2025,,,,,0.0
5/11/2025,,,,,0.0
5/13/2025,,,,,0.0
5/16/2025,,,,,0.0
5/22/2025,,,,,0.0
5/24/2025,,,,,0.0
5/25/2025,,,,,0.0
5/29/2025,,,,,0.0
6/3/2025,,,,,0.5
6/4/2025,,,,,4.1
6/6/2025,,,,,0.0
6/9/2025,,,,,0.0
6/11/2025,,,,,0.0
6/16/2025,,,,,0.0
6/17/2025,,,,,0.0
6/19/2025,,,,,0.0
6/23/2025,,,,,0.0
6/24/2025,,,,,0.0
7/1/2025,,,,,0.0
7/3/2025,,,,,0.0
7/17/2025,,,,,0.0
7/18/2025,,,,,0.5
7/19/2025,,,,,0.0
7/21/2025,,,,,0.0
7/31/2025,,,,,0.0
8/3/2025,,,,,0.0
8/4/2025,,,,,0.0
8/5/2025,,,,,0.0
8/7/2025,,,,,0.0
8/8/2025,,,,,0.0
8/9/2025,,,,,0.0
8/12/2025,,,,,0.0
8/14/2025,,,,,0.0
8/20/2025,,,,,0.0
8/23/2025,,,,,0.0
9/2/2025,,,,,0.0
9/4/2025,,,,,0.0
9/18/2025,,,,,1.5
9/21/2025,,,,,0.0
9/23/2025,,,,,0.0
9/26/2025,,,,,0.0
10/1/2025,,,,,0.0
10/3/2025,,,,,0.8
10/8/2025,,,,,0.0
10/10/2025,,,,,0.5
10/14/2025,,,,,1.3
10/15/2025,,,,,16.0
10/16/2025,,,,,0.0
10/22/2025,,,,,0.0
10/23/2025,,,,,0.0
10/26/2025,,,,,0.0
10/27/2025,,,,,0.0
10/28/2025,,,,,0.0
10/29/2025,,,,,0.5
11/3/2025,,,,,0.0
11/4/2025,,,,,0.0
11/5/2025,,,,,0.0
11/7/2025,,,,,0.0
11/9/2025,,,,,0.0
11/11/2025,,,,,0.0
11/12/2025,,,,,0.0
11/13/2025,,,,,0.0
11/18/2025,,,,,12.2
11/19/2025,,,,,0.3
11/21/2025,,,,,45.7
11/22/2025,,,,,3.3
11/23/2025,,,,,0.0
11/25/2025,,,,,0.0
12/2/2025,,,,,0.0
12/3/2025,,,,,0.0
12/4/2025,,,,,0.0
12/5/2025,,,,,0.0
12/7/2025,,,,,0.0
12/8/2025,,,,,0.0
12/10/2025,,,,,0.0
12/12/2025,,,,,0.0
12/13/2025,,,,,0.0
12/14/2025,,,,,0.0
12/15/2025,,,,,0.3
12/16/2025,,,,,0.5
12/18/2025,,,,,0.0
12/19/2025,,,,,0.3
12/30/2025,,,,,0.0
1/8/2026,,,,,0.0
1/10/2026,,,,,0.0
1/12/2026,,,,,0.0
1/13/2026,,,,,0.0
1/14/2026,,,,,0.0
1/15/2026,,,,,0.0
1/19/2026,,,,,0.0
1/20/2026,,,,,0.0
1/21/2026,,,,,0.0
1/27/2026,,,,,0.0
1/28/2026,,,,,0.0
1/29/2026,,,,,0.0
2/1/2026,,,,,0.0
2/2/2026,,,,,0.0
2/3/2026,,,,,0.0
2/4/2026,,,,,0.0
2/7/2026,,,,,0.0
2/8/2026,,,,,0.0
2/9/2026,,,,,0.0
2/10/2026,,,,,0.0
2/11/2026,,,,,16.5
2/16/2026,,,,,0.0
2/17/2026,,,,,33.0
2/18/2026,,,,,6.9
2/20/2026,,,,,10.9
2/21/2026,,,,,0.0
2/22/2026,,,,,0.0
2/26/2026,,,,,0.0
2/27/2026,,,,,0.0
3/2/2026,,,,,0.0
3/3/2026,,,,,0.0
3/5/2026,,,,,0.0
3/8/2026,,,,,0.0
3/9/2026,,,,,0.0
3/11/2026,,,,,0.0
3/16/2026,,,,,0.0
3/17/2026,,,,,0.0
3/18/2026,,,,,0.0
3/19/2026,,,,,0.0
3/20/2026,,,,,0.0
3/26/2026,,,,,0.0
3/27/2026,,,,,0.0
3/31/2026,,,,,0.0
4/1/2026,,,,,1.0
4/2/2026,,,,,0.0
4/5/2026,,,,,0.0
4/6/2026,,,,,0.0
4/7/2026,,,,,0.0
4/11/2026,,,,,5.3
4/12/2026,,,,,0.0
4/13/2026,,,,,4.6
4/14/2026,,,,,0.5
4/15/2026,,,,,0.0
5/18/2020,,,,,0.5
5/19/2020,,,,,0.5
6/6/2020,,,,,0.0
9/2/2020,,,,,0.0
11/3/2020,,,,,0.0
11/7/2020,,,,,5.3
11/8/2020,,,,,11.4
12/14/2020,,,,,0.3
12/18/2020,,,,,0.3
12/25/2020,,,,,0.5
12/28/2020,,,,,9.7
12/29/2020,,,,,8.9
1/23/2021,,,,,2.3
1/24/2021,,,,,8.4
1/25/2021,,,,,12.2
1/29/2021,,,,,20.1
1/30/2021,,,,,4.1
2/12/2021,,,,,0.5
2/13/2021,,,,,0.3
2/16/2021,,,,,0.3
3/4/2021,,,,,10.2
3/10/2021,,,,,6.9
3/11/2021,,,,,6.4
3/12/2021,,,,,0.0
3/16/2021,,,,,1.5
4/26/2021,,,,,0.5
5/16/2021,,,,,0.5
5/17/2021,,,,,0.8
6/8/2021,,,,,0.0
7/27/2021,,,,,1.0
8/11/2021,,,,,0.0
8/19/2021,,,,,0.5
8/22/2021,,,,,1.3
9/10/2021,,,,,0.8
10/5/2021,,,,,6.1
10/7/2021,,,,,1.0
10/8/2021,,,,,2.3
10/18/2021,,,,,0.5
10/23/2021,,,,,1.0
10/26/2021,,,,,7.9
12/7/2021,,,,,0.3
12/9/2021,,,,,0.8
12/10/2021,,,,,1.8
12/14/2021,,,,,6.4
12/15/2021,,,,,32.8
12/17/2021,,,,,0.3
12/24/2021,,,,,41.9
12/25/2021,,,,,5.1
12/26/2021,,,,,5.1
12/29/2021,,,,,1.3
1/7/2022,,,,,0.0
1/16/2022,,,,,1.8
1/17/2022,,,,,0.5
2/16/2022,,,,,0.8
2/23/2022,,,,,2.8
3/4/2022,,,,,0.0
3/29/2022,,,,,11.2
4/22/2022,,,,,4.6
5/20/2022,,,,,0.5
6/22/2022,,,,,1.8
8/1/2022,,,,,0.0
9/10/2022,,,,,4.3
9/11/2022,,,,,2.0
10/13/2022,,,,,5.1
10/16/2022,,,,,6.4
10/23/2022,,,,,0.0
11/2/2022,,,,,2.3
11/8/2022,,,,,12.2
11/9/2022,,,,,8.9
11/13/2022,,,,,0.0
12/7/2022,,,,,5.8
12/11/2022,,,,,7.4
12/12/2022,,,,,19.8
12/28/2022,,,,,14.7
12/29/2022,,,,,0.5
12/31/2022,,,,,1.3
1/1/2023,,,,,19.8
1/4/2023,,,,,2.0
1/5/2023,,,,,9.1
1/6/2023,,,,,4.6
1/10/2023,,,,,3.8
1/11/2023,,,,,9.4
1/15/2023,,,,,43.4
1/16/2023,,,,,23.4
1/17/2023,,,,,0.3
1/20/2023,,,,,1.0
1/30/2023,,,,,2.0
1/31/2023,,,,,3.0
2/23/2023,,,,,3.3
2/24/2023,,,,,4.1
2/26/2023,,,,,14.0
2/28/2023,,,,,1.8
3/1/2023,,,,,14.0
3/10/2023,,,,,1.3
3/11/2023,,,,,21.3
3/15/2023,,,,,48.3
3/21/2023,,,,,17.5
3/22/2023,,,,,14.7
3/23/2023,,,,,2.3
3/24/2023,,,,,0.8
3/29/2023,,,,,1.0
3/30/2023,,,,,14.7
3/31/2023,,,,,4.1
4/13/2023,,,,,1.0
5/31/2023,,,,,1.3
6/12/2023,,,,,0.8
6/15/2023,,,,,0.0
8/20/2023,,,,,5.3
8/21/2023,,,,,30.5
9/11/2023,,,,,0.5
10/2/2023,,,,,3.8
10/11/2023,,,,,1.0
11/16/2023,,,,,16.3
11/17/2023,,,,,2.0
12/20/2023,,,,,1.0
12/21/2023,,,,,9.7
12/22/2023,,,,,16.8
12/30/2023,,,,,8.1
12/31/2023,,,,,6.1
1/3/2024,,,,,8.4
1/11/2024,,,,,1.3
1/21/2024,,,,,16.0
1/22/2024,,,,,15.2
2/1/2024,,,,,12.2
2/2/2024,,,,,18.3
2/5/2024,,,,,26.7
2/6/2024,,,,,30.5
2/7/2024,,,,,17.0
2/8/2024,,,,,7.9
2/20/2024,,,,,21.1
3/2/2024,,,,,2.8
3/3/2024,,,,,6.4
3/7/2024,,,,,14.0
3/30/2024,,,,,16.0
3/31/2024,,,,,16.3
4/5/2024,,,,,5.1
4/14/2024,,,,,4.3
4/15/2024,,,,,0.5
5/5/2024,,,,,1.8
11/24/2024,,,,,0.8
1/26/2025,,,,,9.9
1/27/2025,,,,,16.0
2/6/2025,,,,,1.0
2/7/2025,,,,,0.5
2/12/2025,,,,,2.0
2/13/2025,,,,,8.4
2/14/2025,,,,,36.6
3/6/2025,,,,,10.9
3/11/2025,,,,,1.0
3/13/2025,,,,,16.5
3/14/2025,,,,,2.0
3/15/2025,,,,,3.0
3/18/2025,,,,,1.0
4/17/2025,,,,,2.0
4/27/2025,,,,,9.1
5/4/2025,,,,,0.0
6/4/2025,,,,,6.6
6/5/2025,,,,,0.5
7/18/2025,,,,,0.0
9/18/2025,,,,,2.3
10/14/2025,,,,,2.3
10/15/2025,,,,,21.1
11/14/2025,,,,,0.5
11/15/2025,,,,,28.4
11/16/2025,,,,,30.0
11/17/2025,,,,,7.4
11/18/2025,,,,,13.2
11/21/2025,,,,,18.0
11/22/2025,,,,,2.3
1/1/2026,,,,,21.3
1/4/2026,,,,,3.0
1/5/2026,,,,,6.6
1/23/2026,,,,,3.3
2/11/2026,,,,,17.3
2/17/2026,,,,,32.5
2/18/2026,,,,,2.8
2/20/2026,,,,,7.1
4/1/2026,,,,,1.0
4/11/2026,,,,,2.3
4/12/2026,,,,,1.8
4/13/2026,,,,,3.3
4/15/2020,,28.9,10.6,1.5,0.0
4/16/2020,,23.9,12.2,2.3,0.0
4/17/2020,,21.1,13.9,2.6,0.0
4/18/2020,,19.4,15.6,1.6,0.0
4/19/2020,,20.0,13.9,1.7,0.0
4/20/2020,,20.6,14.4,1.5,0.0
4/21/2020,,23.3,12.8,1.7,0.0
4/22/2020,,30.6,12.8,1.5,0.0
4/23/2020,,32.2,15.0,1.8,0.0
4/24/2020,,38.3,16.7,1.6,0.0
4/25/2020,,31.7,17.8,1.7,0.0
4/26/2020,,31.7,15.6,1.7,0.0
4/27/2020,,25.6,16.1,1.6,0.0
4/28/2020,,27.2,16.7,1.5,0.0
4/29/2020,,26.1,17.2,1.8,0.0
4/30/2020,,26.7,17.8,2.0,0.0
5/1/2020,,25.6,17.8,2.1,0.0
5/2/2020,,26.1,15.6,1.8,0.0
5/3/2020,,26.1,16.1,1.7,0.0
5/4/2020,,28.9,15.6,1.8,0.0
5/5/2020,,33.9,16.7,1.1,0.0
5/6/2020,,34.4,16.7,1.3,0.0
5/7/2020,,32.2,17.8,1.6,0.0
5/8/2020,,27.8,17.2,1.4,0.0
5/9/2020,,25.6,17.2,1.7,0.0
5/10/2020,,26.7,17.2,1.8,0.0
5/11/2020,,25.6,16.1,2.2,0.0
5/12/2020,,23.9,14.4,2.2,0.0
5/13/2020,,23.9,15.0,1.5,0.0
5/14/2020,,25.0,14.4,2.4,0.0
5/15/2020,,26.7,16.7,1.8,0.0
5/16/2020,,27.8,16.7,1.7,0.0
5/17/2020,,26.7,18.3,2.3,0.0
5/18/2020,,23.9,16.1,2.6,1.3
5/19/2020,,23.9,13.9,2.1,0.0
5/20/2020,,25.6,15.0,1.9,0.0
5/21/2020,,31.1,15.0,1.4,0.0
5/22/2020,,26.1,16.1,2.6,0.0
5/23/2020,,24.4,17.2,2.2,0.0
5/24/2020,,27.2,16.1,1.6,0.0
5/25/2020,,29.4,16.7,1.6,0.0
5/26/2020,,30.0,17.2,1.8,0.0
5/27/2020,,27.8,16.1,1.8,0.0
5/28/2020,,22.2,17.2,2.1,0.0
5/29/2020,,22.8,17.2,2.1,0.0
5/30/2020,,27.8,17.2,2.2,0.0
5/31/2020,,28.3,15.6,1.3,0.0
6/1/2020,,31.1,16.7,1.8,0.0
6/2/2020,,28.9,17.8,1.6,0.0
6/3/2020,,34.4,18.3,1.8,0.0
6/4/2020,,25.0,17.8,2.7,0.0
6/5/2020,,22.2,17.8,1.9,0.0
6/6/2020,,23.3,17.8,2.0,0.0
6/7/2020,,25.6,16.1,2.4,0.0
6/8/2020,,33.3,13.3,2.0,0.0
6/9/2020,,37.8,17.2,1.7,0.0
6/10/2020,,36.1,18.9,2.0,0.0
6/11/2020,,32.2,17.8,1.7,0.0
6/12/2020,,25.6,17.8,2.2,0.0
6/13/2020,,26.7,17.2,2.0,0.0
6/14/2020,,26.7,17.2,2.2,0.0
6/15/2020,,26.1,17.8,2.3,0.0
6/16/2020,,25.0,18.3,2.4,0.0
6/17/2020,,24.4,17.2,2.6,0.0
6/18/2020,,23.9,17.2,1.9,0.0
6/19/2020,,26.1,18.3,2.0,0.0
6/20/2020,,25.6,18.3,1.8,0.0
6/21/2020,,26.1,19.4,1.4,0.0
6/22/2020,,27.8,18.9,1.9,0.0
6/23/2020,,26.7,17.8,1.9,0.0
6/24/2020,,27.2,18.3,1.8,0.0
6/25/2020,,26.7,18.3,1.7,0.0
6/26/2020,,28.3,18.3,1.6,0.0
6/27/2020,,27.2,18.3,2.3,0.0
6/28/2020,,23.9,18.9,2.8,0.0
6/29/2020,,25.0,18.3,2.8,0.0
6/30/2020,,27.2,18.3,1.3,0.0
7/1/2020,,25.6,18.3,1.8,0.0
7/2/2020,,27.8,18.9,2.0,0.0
7/3/2020,,31.7,16.7,1.7,0.0
7/4/2020,,32.2,17.8,1.6,0.0
7/5/2020,,33.3,17.8,1.7,0.0
7/6/2020,,31.1,18.9,1.9,0.0
7/7/2020,,29.4,19.4,1.7,0.0
7/8/2020,,28.9,19.4,2.3,0.0
7/9/2020,,30.0,19.4,1.9,0.0
7/10/2020,,33.3,19.4,1.3,0.0
7/11/2020,,38.9,20.6,1.8,0.0
7/12/2020,,33.9,21.1,2.1,0.0
7/13/2020,,30.6,21.1,2.5,0.0
7/14/2020,,28.3,20.0,2.1,0.0
7/15/2020,,28.9,18.9,1.8,0.0
7/16/2020,,28.3,17.8,1.8,0.0
7/17/2020,,28.9,18.3,1.7,0.0
7/18/2020,,31.1,17.8,1.8,0.0
7/19/2020,,30.6,17.8,2.0,0.0
7/20/2020,,27.2,17.8,1.8,0.0
7/21/2020,,28.3,17.8,1.9,0.0
7/22/2020,,25.6,17.8,1.7,0.0
7/23/2020,,25.6,17.8,2.1,0.0
7/24/2020,,26.7,17.8,1.8,0.0
7/25/2020,,28.9,18.3,1.6,0.0
7/26/2020,,31.1,17.2,1.7,0.0
7/27/2020,,30.0,17.8,1.6,0.0
7/28/2020,,27.2,16.7,1.7,0.0
7/29/2020,,30.0,16.7,1.3,0.0
7/30/2020,,32.2,16.7,1.2,0.0
7/31/2020,,36.1,19.4,1.1,0.0
8/1/2020,,30.6,18.3,1.8,0.0
8/2/2020,,29.4,17.8,1.5,0.0
8/3/2020,,28.9,18.3,1.8,0.0
8/4/2020,,27.8,19.4,2.2,0.0
8/5/2020,,27.8,18.9,2.1,0.0
8/6/2020,,26.7,19.4,2.2,0.0
8/7/2020,,28.9,16.7,1.6,0.0
8/8/2020,,29.4,17.8,1.6,0.0
8/9/2020,,30.0,17.2,1.4,0.0
8/10/2020,,30.0,16.7,1.2,0.0
8/11/2020,,30.0,16.1,1.2,0.0
8/12/2020,,31.7,16.1,1.2,0.0
8/13/2020,,36.7,21.7,1.2,0.0
8/14/2020,,37.8,21.7,1.5,0.0
8/15/2020,,35.6,23.3,1.6,0.0
8/16/2020,,35.6,22.8,2.2,0.0
8/17/2020,,33.9,22.2,1.9,0.0
8/18/2020,,41.7,22.2,1.5,0.0
8/19/2020,,36.1,23.9,1.7,0.0
8/20/2020,,35.6,23.3,1.4,0.0
8/21/2020,,33.3,22.8,1.2,0.0
8/22/2020,,36.1,25.0,2.3,0.0
8/23/2020,,35.0,24.4,1.4,0.0
8/24/2020,,32.8,22.2,2.1,0.0
8/25/2020,,35.0,21.1,1.1,0.0
8/26/2020,,33.3,20.6,1.3,0.0
8/27/2020,,35.0,20.6,1.2,0.0
8/28/2020,,32.2,19.4,1.1,0.0
8/29/2020,,28.9,17.8,1.3,0.0
8/30/2020,,27.8,18.3,1.1,0.0
8/31/2020,,27.2,18.3,1.6,0.0
9/1/2020,,27.8,18.3,1.2,0.0
9/2/2020,,30.0,17.8,1.3,0.0
9/3/2020,,30.6,18.9,1.2,0.0
9/4/2020,,34.4,19.4,1.0,0.0
9/5/2020,,43.3,21.7,1.0,0.0
9/6/2020,,43.3,23.9,1.3,0.0
9/7/2020,,29.4,22.8,1.3,0.0
9/8/2020,,26.7,21.1,1.6,0.0
9/9/2020,,31.7,19.4,0.9,0.0
9/10/2020,,30.6,16.1,0.7,0.0
9/11/2020,,32.8,15.6,0.5,0.0
9/12/2020,,32.8,15.0,0.9,0.0
9/13/2020,,31.7,16.7,1.0,0.0
9/14/2020,,32.2,16.7,1.2,0.0
9/15/2020,,34.4,16.1,0.8,0.0
9/16/2020,,37.2,16.7,,0.0
9/17/2020,,37.8,16.1,0.6,0.0
9/18/2020,,36.1,18.9,1.1,0.0
9/19/2020,,30.6,19.4,2.1,0.0
9/20/2020,,28.9,17.8,1.7,0.0
9/21/2020,,28.9,19.4,1.3,0.0
9/22/2020,,31.1,19.4,1.0,0.0
9/23/2020,,32.2,17.2,1.1,0.0
9/24/2020,,31.7,17.2,1.0,0.0
9/25/2020,,28.3,20.0,1.7,0.0
9/26/2020,,28.3,20.0,1.6,0.0
9/27/2020,,28.3,20.6,1.4,0.0
9/28/2020,,33.9,18.9,1.0,0.0
9/29/2020,,36.1,19.4,1.1,0.0
9/30/2020,,43.3,18.3,0.6,0.0
10/1/2020,,38.9,18.9,0.9,0.0
10/2/2020,,36.7,18.9,1.0,0.0
10/3/2020,,35.0,18.3,1.0,0.0
10/4/2020,,36.1,17.2,1.0,0.0
10/5/2020,,35.6,17.8,0.7,0.0
10/6/2020,,33.3,17.2,1.0,0.0
10/7/2020,,27.8,17.2,1.5,0.0
10/8/2020,,27.2,19.4,1.3,0.0
10/9/2020,,26.1,17.2,0.9,0.0
10/10/2020,,26.7,18.3,0.9,0.0
10/11/2020,,27.2,16.7,1.0,0.0
10/12/2020,,37.2,16.1,1.1,0.0
10/13/2020,,36.1,17.2,0.8,0.0
10/14/2020,,35.0,16.1,1.1,0.0
10/15/2020,,36.7,17.2,0.9,0.0
10/16/2020,,34.4,17.2,0.8,0.0
10/17/2020,,30.6,17.8,1.0,0.0
10/18/2020,,29.4,19.4,1.0,0.0
10/19/2020,,27.2,18.9,1.3,0.0
10/20/2020,,27.2,19.4,1.0,0.0
10/21/2020,,25.6,19.4,1.1,0.0
10/22/2020,,25.0,17.8,1.0,0.0
10/23/2020,,24.4,18.9,1.2,0.0
10/24/2020,,22.8,19.4,1.3,0.0
10/25/2020,,21.7,15.6,1.4,0.0
10/26/2020,,23.3,11.1,2.8,0.0
10/27/2020,,27.8,8.9,0.9,0.0
10/28/2020,,26.7,11.7,1.5,0.0
10/29/2020,,31.1,10.6,0.7,0.0
10/30/2020,,29.4,11.7,0.5,0.0
10/31/2020,,29.4,11.1,0.8,0.0
11/1/2020,,32.2,13.3,0.5,0.0
11/2/2020,,26.1,13.3,1.1,0.0
11/3/2020,,27.2,15.6,0.7,0.0
11/4/2020,,32.2,13.3,0.4,0.0
11/5/2020,,35.0,13.9,0.7,0.0
11/6/2020,,24.4,15.0,2.4,0.0
11/7/2020,,17.2,,2.2,4.6
11/8/2020,,18.3,10.0,3.2,0.0
11/9/2020,,18.3,6.1,1.8,0.0
11/10/2020,,21.7,6.1,1.0,0.0
11/11/2020,,21.7,6.1,1.3,0.0
11/12/2020,,23.9,7.2,0.9,0.0
11/13/2020,,21.1,8.3,1.5,0.0
11/14/2020,,23.3,10.0,1.1,0.0
11/15/2020,,32.2,8.9,0.8,0.0
11/16/2020,,34.4,11.7,1.0,0.0
11/17/2020,,27.8,10.6,0.8,0.0
11/18/2020,,21.7,12.8,1.0,0.0
11/19/2020,,23.9,12.8,1.0,0.0
11/20/2020,,25.0,10.6,0.6,0.0
11/21/2020,,26.7,10.0,0.4,0.0
11/22/2020,,22.8,10.0,1.0,0.0
11/23/2020,,20.6,11.7,1.5,0.0
11/24/2020,,21.7,11.1,1.2,0.0
11/25/2020,,21.1,8.9,0.8,0.0
11/26/2020,,22.8,10.0,3.0,0.0
11/27/2020,,23.9,8.9,1.7,0.0
11/28/2020,,26.1,7.2,1.2,0.0
11/29/2020,,26.7,5.6,0.7,0.0
11/30/2020,,28.3,7.2,0.6,0.0
12/1/2020,,25.6,6.7,0.5,0.0
12/2/2020,,26.7,7.2,2.1,0.0
12/3/2020,,25.0,8.3,3.9,0.0
12/4/2020,,25.6,5.0,0.5,0.0
12/5/2020,,24.4,5.6,0.9,0.0
12/6/2020,,25.6,5.6,0.8,0.0
12/7/2020,,26.7,7.8,1.5,0.0
12/8/2020,,30.0,13.9,2.6,0.0
12/9/2020,,25.6,12.2,1.0,0.0
12/10/2020,,20.0,9.4,2.0,0.0
12/11/2020,,18.3,7.8,0.7,0.0
12/12/2020,,20.6,9.4,1.7,0.0
12/13/2020,,22.8,8.3,0.9,0.0
12/14/2020,,21.1,9.4,1.3,0.0
12/15/2020,,22.8,6.1,1.3,0.0
12/16/2020,,24.4,6.7,0.8,0.0
12/17/2020,,18.9,8.9,1.3,0.0
12/18/2020,,22.8,8.9,1.5,0.0
12/19/2020,,24.4,6.1,0.6,0.0
12/20/2020,,28.3,5.0,0.5,0.0
12/21/2020,,30.0,7.8,0.9,0.0
12/22/2020,,21.7,7.8,1.0,0.0
12/23/2020,,22.8,10.6,2.8,0.0
12/24/2020,,19.4,11.7,4.7,0.0
12/25/2020,,25.0,7.8,0.6,0.0
12/26/2020,,21.7,6.7,1.3,0.0
12/27/2020,,18.9,13.3,1.6,0.0
12/28/2020,,14.4,8.3,2.7,45.0
12/29/2020,,18.3,5.6,0.9,0.0
12/30/2020,,22.2,3.9,0.9,0.0
12/31/2020,,20.6,6.1,0.8,0.0
1/1/2021,,22.8,6.7,1.1,0.0
1/2/2021,,19.4,8.9,1.3,0.0
1/3/2021,,18.3,8.3,1.1,0.0
1/4/2021,,18.9,8.3,1.0,0.0
1/5/2021,,19.4,9.4,0.8,0.0
1/6/2021,,21.7,8.3,0.7,0.0
1/7/2021,,22.2,6.7,0.9,0.0
1/8/2021,,20.6,7.8,0.9,0.0
1/9/2021,,23.9,6.1,0.9,0.0
1/10/2021,,23.3,6.1,1.0,0.0
1/11/2021,,24.4,6.1,0.9,0.0
1/12/2021,,23.3,6.7,0.8,0.0
1/13/2021,,26.1,7.2,0.5,0.0
1/14/2021,,29.4,8.3,0.6,0.0
1/15/2021,,33.9,10.6,1.1,0.0
1/16/2021,,30.0,9.4,0.9,0.0
1/17/2021,,32.2,11.1,1.5,0.0
1/18/2021,,26.7,9.4,1.5,0.0
1/19/2021,,21.1,11.7,4.7,0.0
1/20/2021,,25.6,14.4,5.1,0.0
1/21/2021,,22.8,9.4,1.3,0.0
1/22/2021,,17.8,10.0,2.6,0.0
1/23/2021,,12.2,8.3,1.4,10.7
1/24/2021,,15.0,5.6,1.5,0.3
1/25/2021,,13.9,5.0,3.5,3.8
1/26/2021,,15.0,2.8,1.4,0.0
1/27/2021,,16.7,8.3,2.2,0.0
1/28/2021,,18.3,6.1,2.5,14.7
1/29/2021,,13.9,7.8,1.6,9.9
1/30/2021,,18.3,5.0,1.0,0.0
1/31/2021,,23.3,7.2,1.1,0.0
2/1/2021,,23.3,13.9,0.8,0.0
2/2/2021,,23.9,10.6,1.0,0.0
2/3/2021,,18.9,8.3,1.3,0.0
2/4/2021,,20.0,11.1,1.5,0.0
2/5/2021,,22.8,7.2,0.9,0.0
2/6/2021,,25.0,6.7,0.9,0.0
2/7/2021,,21.1,7.2,0.8,0.0
2/8/2021,,17.2,10.6,1.2,0.0
2/9/2021,,16.1,11.7,1.6,0.0
2/10/2021,,17.8,10.6,1.0,0.0
2/11/2021,,21.1,7.8,1.1,0.0
2/12/2021,,20.6,12.8,1.7,1.3
2/13/2021,,17.8,10.0,2.2,0.0
2/14/2021,,21.7,8.3,2.3,0.0
2/15/2021,,17.8,8.9,2.7,0.0
2/16/2021,,21.1,11.7,1.9,1.3
2/17/2021,,19.4,7.8,1.4,0.0
2/18/2021,,21.7,9.4,3.4,0.0
2/19/2021,,22.8,6.1,0.8,0.0
2/20/2021,,22.2,7.2,2.7,0.0
2/21/2021,,25.0,6.1,1.4,0.0
2/22/2021,,28.9,8.3,2.7,0.0
2/23/2021,,26.7,8.9,1.1,0.0
2/24/2021,,22.8,9.4,1.2,0.0
2/25/2021,,23.9,8.3,1.7,0.0
2/26/2021,,23.3,7.2,1.6,0.0
2/27/2021,,20.6,9.4,2.0,0.0
2/28/2021,,23.9,8.3,5.1,0.0
3/1/2021,,25.0,9.4,2.3,0.0
3/2/2021,,25.0,7.2,1.6,0.0
3/3/2021,,14.4,7.2,2.3,7.6
3/4/2021,,20.6,6.7,1.4,0.0
3/5/2021,,26.7,7.2,0.9,0.0
3/6/2021,,19.4,9.4,2.2,0.0
3/7/2021,,17.8,10.6,1.6,0.0
3/8/2021,,19.4,11.1,1.7,0.0
3/9/2021,,18.9,8.3,2.4,0.0
3/10/2021,,16.1,8.9,2.0,11.7
3/11/2021,,15.0,7.2,2.1,4.1
3/12/2021,,16.7,5.6,2.4,0.0
3/13/2021,,18.3,7.8,2.2,0.0
3/14/2021,,17.8,12.2,2.2,0.0
3/15/2021,,15.6,9.4,3.6,3.3
3/16/2021,,16.1,5.0,2.2,0.0
3/17/2021,,20.6,6.1,1.5,0.0
3/18/2021,,21.7,8.9,1.3,0.0
3/19/2021,,23.3,8.9,1.5,0.0
3/20/2021,,20.0,11.7,2.5,0.0
3/21/2021,,21.1,9.4,2.0,0.0
3/22/2021,,20.6,8.9,2.3,0.0
3/23/2021,,21.1,10.0,2.4,0.0
3/24/2021,,24.4,8.9,2.1,0.0
3/25/2021,,17.2,11.7,2.7,0.0
3/26/2021,,20.0,10.0,1.6,0.0
3/27/2021,,27.8,8.3,1.6,0.0
3/28/2021,,33.9,10.0,1.0,0.0
3/29/2021,,25.0,11.1,2.1,0.0
3/30/2021,,25.0,13.3,1.5,0.0
3/31/2021,,32.8,10.0,2.1,0.0
4/1/2021,,33.3,13.9,1.8,0.0
4/2/2021,,23.9,12.8,1.7,0.0
4/3/2021,,25.6,13.3,1.4,0.0
4/4/2021,,25.6,10.6,1.6,0.0
4/5/2021,,22.2,13.3,2.2,0.0
4/6/2021,,23.3,12.8,1.5,0.0
4/7/2021,,26.1,12.2,1.2,0.0
4/8/2021,,24.4,13.9,1.7,0.0
4/9/2021,,25.0,12.2,1.4,0.0
4/10/2021,,25.0,12.8,2.3,0.0
4/11/2021,,23.9,15.0,2.0,0.0
4/12/2021,,21.1,15.0,1.8,0.0
4/13/2021,,18.9,14.4,2.8,0.0
4/14/2021,,20.0,12.2,2.2,0.0
4/15/2021,,21.1,9.4,1.8,0.0
4/16/2021,,22.2,11.1,2.0,0.0
4/17/2021,,23.9,13.9,1.6,0.0
4/18/2021,,32.2,11.7,1.7,0.0
4/19/2021,,30.0,12.2,1.8,0.0
4/20/2021,,22.8,14.4,2.9,0.0
4/21/2021,,20.6,15.0,2.9,0.0
4/22/2021,,18.9,15.0,1.6,0.0
4/23/2021,,20.0,15.0,1.7,0.0
4/24/2021,,21.7,13.3,1.6,0.0
4/25/2021,,21.1,13.9,2.4,0.0
4/26/2021,,20.6,13.3,2.8,0.0
4/27/2021,,20.6,12.2,2.5,0.0
4/28/2021,,30.0,10.6,1.7,0.0
4/29/2021,,35.0,13.3,1.0,0.0
4/30/2021,,32.8,14.4,1.7,0.0
5/1/2021,,23.9,15.6,2.8,0.0
5/2/2021,,21.7,15.6,2.6,0.0
5/3/2021,,27.8,16.1,1.8,0.0
5/4/2021,,27.8,16.1,1.6,0.0
5/5/2021,,28.3,16.7,1.7,0.0
5/6/2021,,23.9,16.7,1.9,0.0
5/7/2021,,23.9,16.7,2.3,0.0
5/8/2021,,23.9,16.1,2.3,0.0
5/9/2021,,22.8,15.6,2.4,0.0
5/10/2021,,22.2,15.6,2.3,0.0
5/11/2021,,25.6,15.6,1.7,0.0
5/12/2021,,26.1,16.7,1.5,0.0
5/13/2021,,23.3,16.1,1.3,0.0
5/14/2021,,25.0,16.7,1.9,0.0
5/15/2021,,22.8,16.1,2.6,0.0
5/16/2021,,19.4,13.9,2.4,2.0
5/17/2021,,20.6,15.6,1.6,0.3
5/18/2021,,24.4,16.1,1.5,0.0
5/19/2021,,24.4,15.6,2.2,0.0
5/20/2021,,23.3,15.6,2.6,0.0
5/21/2021,,24.4,13.9,3.4,0.0
5/22/2021,,21.7,12.2,2.2,0.0
5/23/2021,,25.6,11.7,1.8,0.0
5/24/2021,,33.9,12.8,1.6,0.0
5/25/2021,,29.4,15.6,1.7,0.0
5/26/2021,,25.0,16.7,2.6,0.0
5/27/2021,,23.9,16.1,2.2,0.0
5/28/2021,,24.4,16.1,2.3,0.0
5/29/2021,,22.8,16.1,2.0,0.0
5/30/2021,,23.3,16.7,2.1,0.0
5/31/2021,,25.0,16.7,1.6,0.0
6/1/2021,,26.1,17.2,1.7,0.0
6/2/2021,,25.6,16.7,2.2,0.0
6/3/2021,,26.1,16.7,2.1,0.0
6/4/2021,,24.4,16.1,2.0,0.0
6/5/2021,,25.6,15.6,3.2,0.0
6/6/2021,,22.8,16.7,2.6,0.0
6/7/2021,,21.1,16.7,2.6,0.0
6/8/2021,,25.0,16.1,1.7,0.0
6/9/2021,,26.7,15.0,1.9,0.0
6/10/2021,,26.7,13.9,1.9,0.0
6/11/2021,,29.4,14.4,1.6,0.0
6/12/2021,,30.0,15.0,2.1,0.0
6/13/2021,,30.6,16.7,1.8,0.0
6/14/2021,,34.4,16.7,1.7,0.0
6/15/2021,,33.9,18.3,1.7,0.0
6/16/2021,,28.9,19.4,1.9,0.0
6/17/2021,,27.2,17.8,1.4,0.3
6/18/2021,,26.1,18.3,2.0,0.0
6/19/2021,,26.7,18.3,1.7,0.0
6/20/2021,,24.4,17.2,2.2,0.0
6/21/2021,,27.8,16.7,1.9,0.0
6/22/2021,,27.8,16.7,2.2,0.0
6/23/2021,,28.3,17.8,2.2,0.0
6/24/2021,,27.2,16.1,1.7,0.0
6/25/2021,,28.3,16.1,1.6,0.0
6/26/2021,,28.9,17.2,1.8,0.0
6/27/2021,,27.8,17.8,1.9,0.0
6/28/2021,,27.8,18.9,2.1,0.0
6/29/2021,,25.0,18.9,2.0,0.0
6/30/2021,,26.7,18.9,1.9,0.0
7/1/2021,,31.7,18.9,1.6,0.0
7/2/2021,,28.3,18.9,1.9,0.0
7/3/2021,,30.6,17.8,2.3,0.0
7/4/2021,,27.2,17.8,1.8,0.0
7/5/2021,,26.7,16.7,1.5,0.0
7/6/2021,,28.3,17.2,1.9,0.0
7/7/2021,,27.8,18.9,2.1,0.0
7/8/2021,,28.3,19.4,1.7,0.0
7/9/2021,,31.1,20.0,1.7,0.0
7/10/2021,,31.7,20.0,2.1,0.0
7/11/2021,,29.4,20.0,1.8,0.0
7/12/2021,,27.2,17.2,2.2,0.0
7/13/2021,,28.9,20.6,2.2,0.0
7/14/2021,,28.9,20.6,1.7,0.0
7/15/2021,,29.4,20.6,1.9,0.0
7/16/2021,,30.6,20.6,2.2,0.0
7/17/2021,,31.1,20.0,2.1,0.0
7/18/2021,,33.9,21.7,1.7,0.0
7/19/2021,,34.4,21.1,1.8,0.0
7/20/2021,,33.3,20.6,1.4,0.0
7/21/2021,,33.3,20.0,2.1,0.0
7/22/2021,,29.4,21.1,2.2,0.0
7/23/2021,,29.4,20.0,2.1,0.0
7/24/2021,,28.9,19.4,1.8,0.0
7/25/2021,,28.9,19.4,1.6,0.0
7/26/2021,,27.8,20.0,1.9,4.3
7/27/2021,,30.6,20.0,2.0,0.0
7/28/2021,,33.9,19.4,1.6,0.0
7/29/2021,,32.8,18.9,1.3,0.0
7/30/2021,,33.9,18.9,1.3,0.0
7/31/2021,,31.7,18.9,1.5,0.0
8/1/2021,,33.9,18.3,1.4,0.0
8/2/2021,,36.1,18.3,1.3,0.0
8/3/2021,,33.3,18.9,1.2,0.0
8/4/2021,,31.7,19.4,1.7,0.0
8/5/2021,,30.0,19.4,1.9,0.0
8/6/2021,,26.7,19.4,2.0,0.0
8/7/2021,,27.8,18.9,1.6,0.0
8/8/2021,,31.1,19.4,1.7,0.0
8/9/2021,,31.1,18.9,1.2,0.0
8/10/2021,,32.2,19.4,1.5,0.0
8/11/2021,,35.6,21.1,1.7,0.0
8/12/2021,,35.0,21.1,1.6,0.0
8/13/2021,,31.7,20.6,1.8,0.0
8/14/2021,,31.1,20.6,1.6,0.0
8/15/2021,,32.8,20.0,1.6,0.0
8/16/2021,,31.1,20.6,2.0,0.0
8/17/2021,,28.9,21.7,1.9,0.0
8/18/2021,,27.2,21.7,2.2,0.0
8/19/2021,,28.9,20.6,1.4,0.0
8/20/2021,,27.8,20.6,1.6,0.0
8/21/2021,,25.0,19.4,1.7,0.5
8/22/2021,,26.7,19.4,1.1,0.0
8/23/2021,,27.8,17.8,1.7,0.0
8/24/2021,,29.4,17.2,1.6,0.0
8/25/2021,,33.3,18.3,1.4,0.0
8/26/2021,,35.6,18.9,1.3,0.0
8/27/2021,,33.9,17.8,1.2,0.0
8/28/2021,,30.6,17.2,1.3,0.0
8/29/2021,,32.8,18.9,1.6,0.0
8/30/2021,,27.2,19.4,1.8,0.0
8/31/2021,,26.1,19.4,1.5,0.0
9/1/2021,,25.0,19.4,1.5,0.0
9/2/2021,,28.3,18.9,1.1,0.0
9/3/2021,,30.6,18.3,1.4,0.0
9/4/2021,,37.8,17.2,1.3,0.0
9/5/2021,,37.8,18.3,1.9,0.0
9/6/2021,,30.0,20.6,1.8,0.0
9/7/2021,,30.6,20.6,1.2,0.0
9/8/2021,,31.1,20.0,1.2,0.0
9/9/2021,,34.4,20.0,1.4,0.0
9/10/2021,,32.8,21.1,1.5,0.0
9/11/2021,,36.7,21.1,1.6,0.0
9/12/2021,,34.4,18.9,1.3,0.0
9/13/2021,,31.7,16.7,1.4,0.0
9/14/2021,,28.9,15.6,1.4,0.0
9/15/2021,,27.8,17.2,1.7,0.0
9/16/2021,,25.6,16.7,1.3,0.0
9/17/2021,,26.7,16.7,1.7,0.0
9/18/2021,,26.7,16.1,1.4,0.0
9/19/2021,,26.1,14.4,1.3,0.0
9/20/2021,,29.4,16.1,1.3,0.0
9/21/2021,,39.4,17.8,0.7,0.0
9/22/2021,,36.7,20.0,1.4,0.0
9/23/2021,,28.3,18.3,1.2,0.0
9/24/2021,,27.8,16.7,1.3,0.0
9/25/2021,,27.8,17.8,1.3,0.0
9/26/2021,,23.3,18.9,1.5,0.0
9/27/2021,,22.2,17.8,1.7,0.0
9/28/2021,,24.4,17.8,1.3,0.0
9/29/2021,,25.6,16.7,1.2,0.0
9/30/2021,,35.6,13.9,1.3,0.0
10/1/2021,,33.3,13.9,0.7,0.0
10/2/2021,,36.7,13.9,1.2,0.0
10/3/2021,,36.1,15.0,0.9,0.0
10/4/2021,,33.3,18.9,1.7,6.6
10/5/2021,,27.8,18.9,2.4,0.8
10/6/2021,,26.1,17.8,1.0,0.0
10/7/2021,,22.2,17.8,1.1,0.0
10/8/2021,,22.2,16.1,1.8,0.3
10/9/2021,,25.0,13.3,1.0,0.0
10/10/2021,,28.3,12.8,1.1,0.0
10/11/2021,,22.2,14.4,3.5,0.0
10/12/2021,,23.9,12.2,2.3,0.0
10/13/2021,,26.1,8.9,1.2,0.0
10/14/2021,,27.2,9.4,0.9,0.0
10/15/2021,,33.9,11.7,2.3,0.0
10/16/2021,,34.4,13.3,1.6,0.0
10/17/2021,,26.1,11.7,1.4,0.0
10/18/2021,,21.1,13.3,2.4,0.5
10/19/2021,,22.8,11.1,1.7,0.0
10/20/2021,,26.1,10.6,1.1,0.0
10/21/2021,,26.7,11.1,1.2,0.0
10/22/2021,,22.2,14.4,1.2,0.0
10/23/2021,,20.6,15.6,2.2,0.8
10/24/2021,,23.3,13.9,0.7,0.0
10/25/2021,,17.8,13.3,2.4,4.1
10/26/2021,,21.7,11.1,1.0,0.0
10/27/2021,,30.0,10.0,0.9,0.0
10/28/2021,,34.4,12.8,1.1,0.0
10/29/2021,,30.6,14.4,1.3,0.0
10/30/2021,,22.8,15.6,1.5,0.0
10/31/2021,,21.1,13.9,1.1,0.0
11/1/2021,,20.6,12.2,0.6,0.0
11/2/2021,,21.7,13.3,1.0,0.0
11/3/2021,,24.4,13.3,0.6,0.0
11/4/2021,,23.9,13.9,0.9,0.0
11/5/2021,,23.3,13.3,1.1,0.0
11/6/2021,,21.1,13.3,1.2,0.0
11/7/2021,,21.1,13.3,1.0,0.0
11/8/2021,,21.1,13.3,1.5,0.0
11/9/2021,,21.7,13.9,1.1,0.0
11/10/2021,,23.9,13.9,1.3,0.0
11/11/2021,,33.3,12.2,0.5,0.0
11/12/2021,,35.0,13.9,0.9,0.0
11/13/2021,,32.8,13.3,0.6,0.0
11/14/2021,,33.3,11.7,0.7,0.0
11/15/2021,,28.3,11.7,0.8,0.0
11/16/2021,,19.4,13.3,1.6,0.0
11/17/2021,,21.7,12.2,0.6,0.0
11/18/2021,,20.6,10.0,0.6,0.0
11/19/2021,,19.4,11.1,0.7,0.0
11/20/2021,,18.3,10.0,0.5,0.0
11/21/2021,,30.0,6.7,4.4,0.0
11/22/2021,,27.2,15.0,2.5,0.0
11/23/2021,,22.8,10.0,0.9,0.0
11/24/2021,,21.7,6.7,1.8,0.0
11/25/2021,,26.7,10.6,5.5,0.0
11/26/2021,,27.2,5.0,1.4,0.0
11/27/2021,,26.1,3.3,1.2,0.0
11/28/2021,,22.8,2.2,0.6,0.0
11/29/2021,,21.7,1.7,0.4,0.0
11/30/2021,,22.8,1.1,0.5,0.0
12/1/2021,,23.9,9.4,0.6,0.0
12/2/2021,,16.7,12.2,0.8,0.0
12/3/2021,,18.9,11.1,1.0,0.0
12/4/2021,,18.9,10.6,0.9,0.0
12/5/2021,,17.2,9.4,0.5,0.0
12/6/2021,,19.4,7.2,1.3,0.0
12/7/2021,,19.4,11.1,1.1,0.3
12/8/2021,,20.6,9.4,1.1,0.0
12/9/2021,,15.6,7.8,1.4,0.3
12/10/2021,,17.8,6.1,1.4,0.0
12/11/2021,,20.6,6.1,1.7,0.0
12/12/2021,,19.4,4.4,1.0,0.0
12/13/2021,,15.6,6.7,1.7,0.5
12/14/2021,,15.0,,3.3,29.2
12/15/2021,,15.0,,0.8,0.0
12/16/2021,,15.6,3.3,1.4,1.5
12/17/2021,,20.6,7.2,0.6,0.0
12/18/2021,,21.7,3.3,0.5,0.0
12/19/2021,,18.9,3.9,1.0,0.0
12/20/2021,,19.4,3.9,0.2,0.0
12/21/2021,,20.6,8.9,0.6,0.0
12/22/2021,,20.0,7.2,0.5,0.0
12/23/2021,,15.0,12.2,3.2,33.8
12/24/2021,,16.7,11.1,1.7,13.0
12/25/2021,,15.0,9.4,1.5,6.4
12/26/2021,,15.6,7.2,1.5,1.8
12/27/2021,,13.9,5.6,2.1,3.3
12/28/2021,,13.3,6.7,1.7,0.0
12/29/2021,,13.3,6.1,3.0,13.5
12/30/2021,,13.9,9.4,2.8,21.6
12/31/2021,,16.7,7.2,1.5,0.0
1/1/2022,,18.3,7.2,1.4,0.0
1/2/2022,,20.0,4.4,1.4,0.0
1/3/2022,,18.9,2.8,0.7,0.0
1/4/2022,,18.3,5.0,0.8,0.0
1/5/2022,,21.7,5.6,0.4,0.0
1/6/2022,,22.2,6.7,0.4,0.0
1/7/2022,,13.3,7.2,1.4,0.0
1/8/2022,,18.3,9.4,0.7,0.0
1/9/2022,,25.6,5.6,1.7,0.0
1/10/2022,,23.9,8.9,3.7,0.0
1/11/2022,,27.2,9.4,2.8,0.0
1/12/2022,,26.1,8.3,0.7,0.0
1/13/2022,,21.1,12.2,0.5,0.0
1/14/2022,,25.0,9.4,0.8,0.0
1/15/2022,,21.7,15.6,2.5,0.0
1/16/2022,,24.4,13.3,1.5,0.0
1/17/2022,,19.4,14.4,0.5,1.0
1/18/2022,,18.3,12.8,1.1,0.0
1/19/2022,,18.9,10.0,0.9,0.0
1/20/2022,,25.6,7.8,1.0,0.0
1/21/2022,,22.2,7.2,1.7,0.0
1/22/2022,,22.8,9.4,1.6,0.0
1/23/2022,,25.0,8.9,1.3,0.0
1/24/2022,,21.1,6.7,0.8,0.0
1/25/2022,,19.4,7.2,0.9,0.0
1/26/2022,,23.3,7.2,0.5,0.0
1/27/2022,,22.8,5.6,0.6,0.0
1/28/2022,,23.3,8.3,5.1,0.0
1/29/2022,,20.0,8.3,0.9,0.0
1/30/2022,,20.6,5.6,1.5,0.0
1/31/2022,,17.8,5.6,0.3,0.0
2/1/2022,,17.8,9.4,1.5,0.0
2/2/2022,,19.4,5.6,2.5,0.0
2/3/2022,,20.0,3.9,1.2,0.0
2/4/2022,,22.2,5.6,3.0,0.0
2/5/2022,,23.3,5.6,1.0,0.0
2/6/2022,,27.2,5.0,1.4,0.0
2/7/2022,,27.2,7.8,0.9,0.0
2/8/2022,,28.3,7.2,0.7,0.0
2/9/2022,,31.1,9.4,0.9,0.0
2/10/2022,,31.1,12.2,1.8,0.0
2/11/2022,,30.6,10.6,1.1,0.0
2/12/2022,,32.8,10.0,1.4,0.0
2/13/2022,,31.7,11.1,1.2,0.0
2/14/2022,,24.4,10.0,1.7,0.0
2/15/2022,,17.2,7.8,3.3,3.3
2/16/2022,,17.8,6.1,2.2,0.0
2/17/2022,,23.9,7.8,2.4,0.0
2/18/2022,,23.3,5.6,0.9,0.0
2/19/2022,,25.0,6.1,1.3,0.0
2/20/2022,,19.4,9.4,1.6,0.0
2/21/2022,,17.2,12.2,1.9,0.0
2/22/2022,,16.7,8.3,2.6,1.0
2/23/2022,,15.6,6.1,1.7,0.8
2/24/2022,,17.2,2.8,1.1,0.0
2/25/2022,,18.9,3.3,1.2,0.0
2/26/2022,,23.3,3.9,1.2,0.0
2/27/2022,,27.2,5.6,2.0,0.0
2/28/2022,,30.0,7.2,1.0,0.0
3/1/2022,,31.1,8.9,1.0,0.0
3/2/2022,,27.2,9.4,1.2,0.0
3/3/2022,,19.4,8.9,2.2,0.0
3/4/2022,,18.9,11.1,2.1,0.0
3/5/2022,,15.6,8.9,3.5,0.0
3/6/2022,,17.2,5.6,1.7,0.0
3/7/2022,,23.3,5.0,0.9,0.0
3/8/2022,,23.3,6.1,1.3,0.0
3/9/2022,,20.0,8.9,2.6,0.0
3/10/2022,,20.0,11.1,1.7,0.0
3/11/2022,,25.0,8.3,1.7,0.0
3/12/2022,,26.7,7.2,1.5,0.0
3/13/2022,,21.1,9.4,2.4,0.0
3/14/2022,,25.0,10.0,1.0,0.0
3/15/2022,,25.0,10.6,1.3,0.0
3/16/2022,,24.4,13.9,2.4,0.0
3/17/2022,,29.4,11.1,1.3,0.0
3/18/2022,,26.1,10.6,1.4,0.0
3/19/2022,,21.1,13.3,2.4,3.0
3/20/2022,,23.3,12.2,2.5,0.3
3/21/2022,,25.0,11.1,2.0,0.0
3/22/2022,,30.6,11.1,1.3,0.0
3/23/2022,,31.1,12.8,1.3,0.0
3/24/2022,,30.0,12.8,0.9,0.0
3/25/2022,,26.7,11.7,1.2,0.0
3/26/2022,,23.3,13.3,1.9,0.0
3/27/2022,,21.1,14.4,2.3,0.0
3/28/2022,,18.3,12.8,3.4,12.7
3/29/2022,,20.0,10.6,1.2,0.0
3/30/2022,,21.7,11.7,2.2,0.0
3/31/2022,,18.3,14.4,2.0,0.0
4/1/2022,,22.8,12.2,1.6,0.0
4/2/2022,,19.4,12.8,1.7,0.0
4/3/2022,,20.6,13.9,1.9,0.0
4/4/2022,,22.8,12.8,1.3,0.0
4/5/2022,,23.9,11.7,1.3,0.0
4/6/2022,,31.7,13.3,1.2,0.0
4/7/2022,,38.3,13.3,1.4,0.0
4/8/2022,,38.9,17.8,2.5,0.0
4/9/2022,,27.8,16.7,2.6,0.0
4/10/2022,,21.7,16.7,3.0,0.0
4/11/2022,,21.7,13.3,3.4,0.0
4/12/2022,,22.2,11.7,3.8,0.0
4/13/2022,,22.8,7.2,1.8,0.0
4/14/2022,,22.8,10.0,1.8,0.0
4/15/2022,,22.8,12.8,1.9,0.0
4/16/2022,,22.2,13.9,2.2,0.0
4/17/2022,,23.9,13.9,1.4,0.0
4/18/2022,,25.0,12.8,1.2,0.0
4/19/2022,,23.9,15.0,2.4,0.0
4/20/2022,,20.6,12.8,3.0,0.0
4/21/2022,,22.2,10.6,2.6,0.0
4/22/2022,,20.0,12.8,3.2,4.1
4/23/2022,,26.7,12.2,2.1,0.0
4/24/2022,,31.7,11.7,1.5,0.0
4/25/2022,,31.7,12.8,2.2,0.0
4/26/2022,,27.2,14.4,2.2,0.0
4/27/2022,,22.8,13.9,2.6,0.0
4/28/2022,,21.1,13.9,2.5,0.0
4/29/2022,,23.3,13.3,1.5,0.0
4/30/2022,,26.7,12.2,1.8,0.0
5/1/2022,,22.2,13.3,2.3,0.0
5/2/2022,,23.3,15.6,2.2,0.0
5/3/2022,,21.7,15.0,1.9,0.0
5/4/2022,,26.1,13.3,1.6,0.0
5/5/2022,,27.8,15.0,1.8,0.0
5/6/2022,,24.4,12.8,2.3,0.0
5/7/2022,,23.9,16.1,3.0,0.0
5/8/2022,,21.7,14.4,3.2,0.0
5/9/2022,,20.6,11.7,2.2,0.0
5/10/2022,,22.2,10.6,2.2,0.0
5/11/2022,,21.7,10.6,2.3,0.0
5/12/2022,,29.4,10.0,1.8,0.0
5/13/2022,,32.8,12.8,1.4,0.0
5/14/2022,,33.9,15.0,1.6,0.0
5/15/2022,,27.8,15.0,1.8,0.0
5/16/2022,,23.3,15.6,2.6,0.0
5/17/2022,,22.2,15.6,2.4,0.0
5/18/2022,,23.9,16.1,2.1,0.0
5/19/2022,,19.4,15.0,2.1,0.0
5/20/2022,,20.0,15.0,3.1,0.0
5/21/2022,,22.8,16.1,2.5,0.0
5/22/2022,,24.4,13.9,1.7,0.0
5/23/2022,,21.7,15.6,2.2,0.0
5/24/2022,,23.3,15.6,1.8,0.0
5/25/2022,,23.3,15.0,1.9,0.0
5/26/2022,,23.9,16.1,2.0,0.0
5/27/2022,,23.9,16.1,1.9,0.0
5/28/2022,,21.1,15.6,2.2,0.0
5/29/2022,,23.3,16.1,2.7,0.0
5/30/2022,,23.9,16.1,2.2,0.0
5/31/2022,,24.4,13.9,1.7,0.0
6/1/2022,,27.2,15.6,2.0,0.0
6/2/2022,,25.6,15.6,2.2,0.0
6/3/2022,,25.0,16.1,1.9,0.0
6/4/2022,,23.9,17.2,2.3,0.0
6/5/2022,,25.6,17.2,2.0,0.0
6/6/2022,,26.7,17.2,2.3,0.0
6/7/2022,,26.1,18.3,2.1,0.0
6/8/2022,,26.1,17.8,2.2,0.0
6/9/2022,,27.2,17.8,2.1,0.0
6/10/2022,,28.3,17.2,2.0,0.0
6/11/2022,,28.9,17.8,1.9,0.0
6/12/2022,,26.1,17.2,2.3,0.0
6/13/2022,,26.1,17.8,1.9,0.0
6/14/2022,,26.7,18.3,2.6,0.0
6/15/2022,,27.2,17.8,2.0,0.0
6/16/2022,,26.7,18.9,2.2,0.0
6/17/2022,,25.6,17.8,2.6,0.0
6/18/2022,,25.0,16.1,2.4,0.0
6/19/2022,,27.2,16.1,2.2,0.0
6/20/2022,,36.1,15.6,1.7,0.0
6/21/2022,,30.0,17.8,1.7,0.0
6/22/2022,,32.8,18.9,1.7,2.5
6/23/2022,,33.9,18.3,1.7,0.0
6/24/2022,,33.9,17.2,1.8,0.0
6/25/2022,,32.2,16.1,1.6,0.0
6/26/2022,,30.0,15.0,2.2,0.0
6/27/2022,,33.3,17.2,1.6,0.0
6/28/2022,,31.7,18.9,1.6,0.0
6/29/2022,,29.4,18.9,1.9,0.0
6/30/2022,,30.0,18.3,1.7,0.0
7/1/2022,,28.9,17.8,1.9,0.0
7/2/2022,,26.7,17.8,2.3,0.0
7/3/2022,,25.6,17.8,2.8,0.0
7/4/2022,,26.1,16.7,1.8,0.0
7/5/2022,,27.8,17.8,2.0,0.0
7/6/2022,,27.8,18.3,1.6,0.0
7/7/2022,,28.3,16.7,2.1,0.0
7/8/2022,,27.8,16.7,1.8,0.0
7/9/2022,,31.1,17.2,1.7,0.0
7/10/2022,,28.9,16.1,1.7,0.0
7/11/2022,,26.1,17.2,2.3,0.0
7/12/2022,,25.0,16.7,2.2,0.0
7/13/2022,,28.9,17.8,1.6,0.0
7/14/2022,,25.6,17.8,1.8,0.0
7/15/2022,,28.3,17.2,2.2,0.0
7/16/2022,,28.3,17.2,1.9,0.0
7/17/2022,,29.4,17.2,2.1,0.0
7/18/2022,,30.0,20.0,2.1,0.0
7/19/2022,,32.2,18.3,1.8,0.0
7/20/2022,,32.2,19.4,1.5,0.0
7/21/2022,,29.4,18.9,1.8,0.0
7/22/2022,,29.4,17.8,2.1,0.0
7/23/2022,,27.8,19.4,2.6,0.0
7/24/2022,,27.8,19.4,2.3,0.0
7/25/2022,,27.8,19.4,2.1,0.0
7/26/2022,,29.4,18.3,1.8,0.0
7/27/2022,,30.0,17.2,1.4,0.0
7/28/2022,,29.4,17.8,1.8,0.0
7/29/2022,,28.3,18.3,2.2,0.0
7/30/2022,,31.7,18.9,2.0,0.0
7/31/2022,,31.1,21.1,1.6,0.0
8/1/2022,,33.9,21.1,1.6,0.0
8/2/2022,,32.2,20.6,1.6,0.0
8/3/2022,,29.4,20.6,1.7,0.0
8/4/2022,,30.0,20.0,1.4,0.0
8/5/2022,,33.3,21.1,1.6,0.0
8/6/2022,,33.9,19.4,1.5,0.0
8/7/2022,,33.3,18.9,1.5,0.0
8/8/2022,,31.7,20.6,1.5,0.0
8/9/2022,,35.0,22.2,1.9,0.0
8/10/2022,,35.0,22.2,1.5,0.0
8/11/2022,,36.7,21.7,1.6,0.0
8/12/2022,,34.4,20.6,1.5,0.0
8/13/2022,,33.9,21.1,1.7,0.0
8/14/2022,,32.8,21.7,1.7,0.0
8/15/2022,,31.7,20.0,1.7,0.0
8/16/2022,,33.9,19.4,1.6,0.0
8/17/2022,,33.9,19.4,1.7,0.0
8/18/2022,,31.7,20.0,1.4,0.0
8/19/2022,,30.6,19.4,2.0,0.0
8/20/2022,,28.3,21.1,2.4,0.0
8/21/2022,,27.2,21.1,1.4,0.0
8/22/2022,,30.0,20.0,1.5,0.0
8/23/2022,,29.4,18.9,1.8,0.0
8/24/2022,,30.0,19.4,1.7,0.0
8/25/2022,,31.1,20.0,1.5,0.0
8/26/2022,,30.6,19.4,1.6,0.0
8/27/2022,,28.3,19.4,2.4,0.0
8/28/2022,,29.4,20.6,1.9,0.0
8/29/2022,,30.0,19.4,1.4,0.0
8/30/2022,,34.4,18.9,1.4,0.0
8/31/2022,,39.4,20.0,1.5,0.0
9/1/2022,,33.9,22.2,1.5,0.0
9/2/2022,,35.6,22.2,1.6,0.0
9/3/2022,,39.4,24.4,1.5,0.0
9/4/2022,,43.9,26.7,2.0,0.0
9/5/2022,,37.8,24.4,1.6,0.0
9/6/2022,,35.6,22.8,1.5,0.0
9/7/2022,,37.2,22.2,1.3,0.0
9/8/2022,,39.4,24.4,1.7,0.0
9/9/2022,,37.2,21.7,2.6,5.8
9/10/2022,,27.8,21.7,0.9,0.0
9/11/2022,,33.9,24.4,1.4,0.0
9/12/2022,,32.8,24.4,1.3,0.0
9/13/2022,,30.0,22.8,2.2,0.0
9/14/2022,,28.3,20.0,2.2,0.0
9/15/2022,,27.8,20.0,1.7,0.0
9/16/2022,,27.8,18.3,1.6,0.0
9/17/2022,,26.1,19.4,2.3,0.0
9/18/2022,,26.1,19.4,2.4,0.0
9/19/2022,,28.3,17.2,1.4,0.0
9/20/2022,,30.0,18.9,1.6,0.0
9/21/2022,,29.4,16.7,1.4,0.0
9/22/2022,,32.2,15.6,1.0,0.0
9/23/2022,,33.3,16.7,0.8,0.0
9/24/2022,,35.0,20.0,1.3,0.0
9/25/2022,,35.0,19.4,1.1,0.0
9/26/2022,,35.0,20.0,1.0,0.0
9/27/2022,,33.9,19.4,1.0,0.0
9/28/2022,,32.2,19.4,,0.0
9/29/2022,,28.3,20.0,1.5,0.0
9/30/2022,,26.1,20.0,1.9,0.0
10/1/2022,,25.6,19.4,1.7,0.0
10/2/2022,,27.8,20.0,1.4,0.0
10/3/2022,,28.3,17.8,0.9,0.0
10/4/2022,,28.3,17.2,1.3,0.0
10/5/2022,,28.9,19.4,1.7,0.0
10/6/2022,,27.2,19.4,1.3,0.0
10/7/2022,,28.9,19.4,1.3,0.0
10/8/2022,,28.9,18.3,1.5,0.0
10/9/2022,,27.2,18.9,1.0,0.0
10/10/2022,,27.2,18.3,1.3,0.0
10/11/2022,,25.6,19.4,1.7,0.0
10/12/2022,,26.7,18.3,1.1,0.5
10/13/2022,,22.8,17.8,0.9,0.0
10/14/2022,,21.1,17.2,1.1,0.8
10/15/2022,,21.7,16.1,1.2,6.4
10/16/2022,,21.1,15.0,0.9,0.0
10/17/2022,,27.2,12.8,0.9,0.0
10/18/2022,,34.4,15.0,0.8,0.0
10/19/2022,,36.7,16.7,1.3,0.0
10/20/2022,,33.9,18.9,1.4,0.0
10/21/2022,,26.1,17.8,1.7,0.0
10/22/2022,,22.2,16.7,2.6,0.5
10/23/2022,,22.2,13.9,1.4,0.0
10/24/2022,,26.7,11.7,1.6,0.0
10/25/2022,,26.1,11.7,1.6,0.0
10/26/2022,,23.9,13.3,1.6,0.0
10/27/2022,,25.0,13.3,1.2,0.0
10/28/2022,,25.6,12.2,1.2,0.0
10/29/2022,,26.7,11.1,1.0,0.0
10/30/2022,,28.3,11.7,1.0,0.0
10/31/2022,,26.7,11.7,1.1,0.0
11/1/2022,,21.7,15.6,2.4,0.0
11/2/2022,,20.0,12.2,2.2,2.8
11/3/2022,,19.4,10.6,2.6,0.0
11/4/2022,,21.1,7.2,1.1,0.0
11/5/2022,,23.3,8.9,1.3,0.0
11/6/2022,,22.8,10.0,0.9,0.0
11/7/2022,,18.9,12.8,2.6,1.5
11/8/2022,,19.4,11.1,3.6,47.0
11/9/2022,,17.8,9.4,1.3,0.0
11/10/2022,,21.7,5.6,0.6,0.0
11/11/2022,,23.9,6.7,1.5,0.0
11/12/2022,,21.7,6.7,1.2,0.0
11/13/2022,,21.1,8.9,1.2,0.0
11/14/2022,,22.2,7.8,0.7,0.0
11/15/2022,,24.4,7.2,1.2,0.0
11/16/2022,,26.1,8.9,2.2,0.0
11/17/2022,,26.1,7.8,1.0,0.0
11/18/2022,,22.2,7.8,1.1,0.0
11/19/2022,,25.0,7.8,3.1,0.0
11/20/2022,,27.2,8.9,1.3,0.0
11/21/2022,,26.7,7.2,0.9,0.0
11/22/2022,,25.0,7.2,0.6,0.0
11/23/2022,,22.8,6.7,0.8,0.0
11/24/2022,,28.3,6.7,1.3,0.0
11/25/2022,,26.1,7.8,0.9,0.0
11/26/2022,,22.8,7.8,1.4,0.0
11/27/2022,,22.8,7.2,1.1,0.0
11/28/2022,,17.8,12.8,2.6,0.0
11/29/2022,,20.0,11.7,1.5,0.0
11/30/2022,,18.9,10.0,1.7,0.0
12/1/2022,,17.2,12.2,1.8,0.0
12/2/2022,,17.8,11.7,1.7,0.8
12/3/2022,,23.3,10.0,0.6,0.3
12/4/2022,,19.4,10.6,0.7,1.5
12/5/2022,,18.3,10.6,1.0,0.3
12/6/2022,,16.7,9.4,2.0,0.0
12/7/2022,,17.8,6.7,1.0,0.3
12/8/2022,,18.9,6.1,0.9,0.0
12/9/2022,,18.3,5.6,1.5,0.0
12/10/2022,,18.9,7.2,1.5,0.0
12/11/2022,,15.6,8.3,3.0,26.2
12/12/2022,,13.3,7.2,1.8,9.9
12/13/2022,,16.7,6.7,1.0,0.0
12/14/2022,,18.3,3.9,0.9,0.0
12/15/2022,,18.3,5.6,0.5,0.0
12/16/2022,,22.2,8.3,2.2,0.0
12/17/2022,,20.6,6.7,1.5,0.0
12/18/2022,,18.3,5.0,1.3,0.0
12/19/2022,,20.6,3.9,0.5,0.0
12/20/2022,,21.7,4.4,0.6,0.0
12/21/2022,,24.4,5.6,0.9,0.0
12/22/2022,,22.2,7.2,0.4,0.0
12/23/2022,,21.7,6.7,0.9,0.0
12/24/2022,,27.8,6.7,0.6,0.0
12/25/2022,,28.3,8.9,0.5,0.0
12/26/2022,,27.8,10.0,0.5,0.0
12/27/2022,,19.4,11.7,1.0,8.1
12/28/2022,,18.3,11.7,0.9,2.0
12/29/2022,,16.1,12.2,1.3,0.5
12/30/2022,,14.4,12.8,0.5,2.5
1/1/2023,,17.2,7.8,1.8,2.0
1/2/2023,,15.0,5.6,1.2,1.0
1/3/2023,,14.4,10.6,3.9,5.1
1/4/2023,,17.2,13.9,3.3,4.8
1/5/2023,,18.3,10.0,3.0,22.1
1/6/2023,,18.9,7.2,0.8,0.0
1/7/2023,,20.0,7.8,0.5,0.0
1/8/2023,,20.6,8.3,1.0,0.0
1/9/2023,,17.2,12.8,3.6,12.2
1/10/2023,,17.2,10.6,3.1,25.1
1/11/2023,,17.8,7.8,0.7,0.0
1/12/2023,,23.9,9.4,1.1,0.0
1/13/2023,,20.6,9.4,0.9,0.0
1/14/2023,,15.0,10.0,2.6,35.1
1/15/2023,,16.7,10.6,2.0,13.5
1/16/2023,,16.7,10.6,3.5,12.7
1/17/2023,,16.7,5.6,1.0,0.0
1/18/2023,,17.2,5.6,1.0,0.0
1/19/2023,,16.1,5.0,1.6,4.1
1/20/2023,,17.8,6.1,0.9,0.0
1/21/2023,,19.4,3.9,0.9,0.0
1/22/2023,,17.8,4.4,1.1,0.0
1/23/2023,,18.9,6.1,1.7,0.0
1/24/2023,,20.6,4.4,0.9,0.0
1/25/2023,,25.0,5.0,1.8,0.0
1/26/2023,,23.9,10.6,4.7,0.0
1/27/2023,,22.2,6.7,1.2,0.0
1/28/2023,,18.9,7.8,2.0,0.0
1/29/2023,,16.7,10.6,2.0,0.0
1/30/2023,,16.7,10.6,1.8,2.5
1/31/2023,,21.1,5.6,0.8,0.0
2/1/2023,,22.2,4.4,1.0,0.0
2/2/2023,,22.2,5.0,0.7,0.0
2/3/2023,,24.4,9.4,1.3,0.0
2/4/2023,,22.8,6.7,0.8,0.0
2/5/2023,,20.6,11.1,1.9,0.5
2/6/2023,,21.7,7.8,1.4,0.0
2/7/2023,,23.9,7.8,1.6,0.0
2/8/2023,,25.6,7.2,0.5,0.0
2/9/2023,,29.4,7.8,1.4,0.0
2/10/2023,,27.2,14.4,2.6,0.0
2/11/2023,,18.3,10.0,2.4,0.0
2/12/2023,,17.8,7.2,1.6,0.0
2/13/2023,,17.8,8.9,1.8,0.0
2/14/2023,,16.7,10.6,3.0,0.0
2/15/2023,,18.3,3.9,1.3,0.0
2/16/2023,,20.6,4.4,2.1,0.0
2/17/2023,,21.7,8.9,2.2,0.0
2/18/2023,,21.7,8.3,1.1,0.0
2/19/2023,,20.0,5.6,1.3,0.0
2/20/2023,,24.4,8.3,1.1,0.0
2/21/2023,,17.8,10.0,1.0,0.0
2/22/2023,,,,,0.0
2/23/2023,,13.9,7.2,2.2,6.9
2/24/2023,,13.9,7.8,6.4,17.0
2/25/2023,,12.2,7.2,3.1,39.9
2/26/2023,,14.4,3.3,1.1,0.8
2/27/2023,,13.3,8.3,1.7,4.6
2/28/2023,,16.7,7.8,2.1,4.8
3/1/2023,,15.0,8.3,4.0,11.2
3/2/2023,,17.2,4.4,1.5,0.0
3/3/2023,,17.8,5.6,1.3,0.0
3/4/2023,,17.2,7.2,2.4,0.0
3/5/2023,,15.0,10.0,1.5,1.0
3/6/2023,,17.2,9.4,1.2,0.0
3/7/2023,,18.3,7.8,1.4,0.0
3/8/2023,,17.8,7.2,1.1,0.0
3/9/2023,,22.2,8.9,1.1,0.0
3/10/2023,,15.0,12.8,2.2,21.1
3/11/2023,,18.9,15.0,1.9,2.8
3/12/2023,,20.0,14.4,1.6,0.0
3/13/2023,,20.6,13.9,1.4,0.0
3/14/2023,,16.1,13.9,2.0,36.8
3/15/2023,,17.8,12.8,2.8,34.5
3/16/2023,,18.3,10.6,1.1,0.0
3/17/2023,,22.8,7.8,1.2,0.0
3/18/2023,,25.6,8.9,2.0,0.0
3/19/2023,,19.4,13.3,2.1,1.3
3/20/2023,,17.8,12.8,2.0,4.3
3/21/2023,,18.3,10.6,4.3,42.2
3/22/2023,,16.7,10.0,2.3,8.1
3/24/2023,,21.7,9.4,2.0,0.0
3/25/2023,,20.0,9.4,2.1,0.0
3/26/2023,,21.7,6.7,1.6,0.0
3/27/2023,,25.0,6.7,2.2,0.0
3/28/2023,,23.9,10.6,1.9,0.0
3/29/2023,,18.3,10.6,2.6,20.8
3/30/2023,,18.3,9.4,2.0,6.1
3/31/2023,,20.6,8.3,1.7,0.0
4/1/2023,,23.9,8.9,1.6,0.0
4/2/2023,,21.1,11.7,2.3,0.0
4/3/2023,,20.6,12.2,3.5,0.0
4/4/2023,,20.6,11.7,3.4,0.0
4/5/2023,,23.3,8.3,1.5,0.0
4/6/2023,,27.2,8.3,1.5,0.0
4/7/2023,,23.3,12.8,2.2,0.0
4/8/2023,,22.8,12.2,2.0,0.0
4/9/2023,,25.6,13.3,1.3,0.0
4/10/2023,,25.0,12.8,1.0,0.0
4/11/2023,,22.2,13.9,1.7,0.0
4/12/2023,,18.3,14.4,1.8,0.0
4/13/2023,,17.2,13.3,2.8,0.0
4/14/2023,,19.4,13.3,2.2,0.0
4/15/2023,,25.0,10.0,1.5,0.0
4/16/2023,,21.7,11.7,1.5,0.0
4/17/2023,,20.6,14.4,2.0,0.0
4/18/2023,,21.1,13.9,2.4,0.0
4/19/2023,,22.2,11.7,2.1,0.0
4/20/2023,,28.9,11.1,1.6,0.0
4/21/2023,,32.2,12.2,1.4,0.0
4/22/2023,,28.9,13.9,1.8,0.0
4/23/2023,,21.7,14.4,1.8,0.0
4/24/2023,,22.2,14.4,1.7,0.0
4/25/2023,,22.8,14.4,1.9,0.0
4/26/2023,,26.7,13.9,1.3,0.0
4/27/2023,,22.8,13.3,1.6,0.0
4/28/2023,,22.8,13.9,2.0,0.0
4/29/2023,,26.1,13.9,1.7,0.0
4/30/2023,,17.8,13.9,1.8,0.0
5/1/2023,,20.6,13.3,3.1,0.8
5/2/2023,,19.4,12.2,2.2,0.0
5/3/2023,,20.0,10.6,2.3,0.0
5/4/2023,,18.9,11.1,2.7,16.8
5/5/2023,,20.0,12.2,2.0,2.3
5/6/2023,,21.1,10.6,2.6,0.0
5/7/2023,,22.2,11.7,1.7,0.0
5/8/2023,,21.7,13.3,2.1,0.0
5/9/2023,,21.1,13.3,1.8,0.0
5/10/2023,,21.1,13.9,2.0,0.0
5/11/2023,,21.7,13.9,1.7,0.0
5/12/2023,,23.9,12.8,1.9,0.0
5/13/2023,,23.9,15.0,2.1,0.0
5/14/2023,,25.0,15.0,1.8,0.0
5/15/2023,,22.2,15.6,1.7,0.0
5/16/2023,,25.0,15.6,1.6,0.0
5/17/2023,,23.3,13.9,1.5,0.0
5/18/2023,,22.8,15.6,1.5,0.0
5/19/2023,,20.6,15.6,1.7,0.0
5/20/2023,,23.9,16.7,2.1,0.0
5/21/2023,,24.4,16.1,2.1,0.0
5/22/2023,,22.2,15.6,1.5,0.0
5/23/2023,,19.4,15.6,1.7,0.3
5/24/2023,,21.1,14.4,2.2,0.0
5/25/2023,,21.1,16.1,2.2,0.0
5/26/2023,,20.0,14.4,1.9,0.5
5/27/2023,,22.2,13.9,1.5,0.0
5/28/2023,,20.6,15.0,1.1,0.0
5/29/2023,,21.1,15.6,2.3,0.0
5/30/2023,,19.4,15.6,1.8,0.0
5/31/2023,,17.8,14.4,1.7,0.3
6/1/2023,,20.6,15.0,1.3,0.0
6/2/2023,,24.4,15.6,1.4,0.0
6/3/2023,,23.9,13.3,2.0,0.0
6/4/2023,,23.3,15.6,1.9,0.0
6/5/2023,,20.0,14.4,2.6,0.0
6/6/2023,,21.1,15.6,1.9,0.0
6/7/2023,,22.2,15.0,1.5,0.0
6/8/2023,,23.9,14.4,1.5,0.0
6/9/2023,,21.7,15.6,1.3,0.0
6/10/2023,,21.7,16.1,1.5,0.0
6/11/2023,,21.7,15.6,2.2,0.0
6/12/2023,,21.7,16.7,1.4,0.0
6/13/2023,,22.8,16.1,1.3,0.0
6/14/2023,,20.0,15.0,0.6,0.0
6/15/2023,,22.8,16.1,1.9,0.0
6/16/2023,,26.7,17.2,1.3,0.0
6/17/2023,,28.3,16.7,2.1,0.0
6/18/2023,,22.8,16.7,1.9,0.0
6/19/2023,,23.3,17.2,1.7,0.0
6/20/2023,,26.1,16.7,1.9,0.0
6/21/2023,,26.7,14.4,2.1,0.0
6/22/2023,,22.8,15.0,2.3,0.0
6/23/2023,,25.6,14.4,2.0,0.0
6/24/2023,,24.4,13.9,2.1,0.0
6/25/2023,,26.1,15.0,1.1,0.0
6/26/2023,,25.0,14.4,2.2,0.0
6/27/2023,,25.0,15.0,1.4,0.0
6/28/2023,,23.9,16.1,2.3,0.0
6/29/2023,,26.7,16.7,1.9,0.0
6/30/2023,,27.8,16.7,1.8,0.0
7/1/2023,,26.7,17.2,1.8,0.0
7/2/2023,,27.8,16.7,1.7,0.0
7/3/2023,,25.6,15.6,1.7,0.0
7/4/2023,,27.2,15.6,2.1,0.0
7/5/2023,,28.3,15.6,1.4,0.0
7/6/2023,,23.9,15.6,2.2,0.0
7/7/2023,,25.0,16.7,1.8,0.0
7/8/2023,,25.6,16.7,2.1,0.0
7/9/2023,,26.1,16.7,1.6,0.0
7/10/2023,,29.4,15.6,1.5,0.0
7/11/2023,,31.7,17.8,1.4,0.0
7/12/2023,,33.9,19.4,1.4,0.0
7/13/2023,,32.8,20.0,1.5,0.0
7/14/2023,,31.7,18.3,1.5,0.0
7/15/2023,,28.3,18.3,2.0,0.0
7/16/2023,,28.3,18.9,1.7,0.0
7/17/2023,,31.7,20.0,1.3,0.0
7/18/2023,,33.3,20.0,1.8,0.0
7/19/2023,,33.9,20.6,1.7,0.0
7/20/2023,,32.8,19.4,1.3,0.0
7/21/2023,,27.8,19.4,1.7,0.0
7/22/2023,,28.3,17.8,2.2,0.0
7/23/2023,,30.6,19.4,1.3,0.0
7/24/2023,,32.2,19.4,1.4,0.0
7/25/2023,,32.8,18.9,1.7,0.0
7/26/2023,,35.0,20.6,1.4,0.0
7/27/2023,,33.9,20.0,1.7,0.0
7/28/2023,,29.4,20.0,1.8,0.0
7/29/2023,,31.7,20.0,1.9,0.0
7/30/2023,,32.8,20.6,1.6,0.0
7/31/2023,,33.9,21.1,1.7,0.0
8/1/2023,,32.2,22.8,1.6,0.0
8/2/2023,,32.2,20.6,1.9,0.0
8/3/2023,,28.9,18.3,1.7,0.0
8/4/2023,,29.4,18.9,2.0,0.0
8/5/2023,,32.2,19.4,2.1,0.0
8/6/2023,,31.7,19.4,1.9,0.0
8/7/2023,,30.0,18.9,1.5,0.0
8/8/2023,,31.1,17.8,1.3,0.0
8/9/2023,,29.4,20.6,2.0,0.3
8/10/2023,,26.7,20.6,1.8,0.3
8/11/2023,,27.8,20.6,1.7,0.0
8/12/2023,,27.8,19.4,1.6,0.0
8/13/2023,,29.4,18.9,1.6,0.0
8/14/2023,,31.7,20.0,1.6,0.0
8/15/2023,,33.3,20.0,1.3,0.0
8/16/2023,,33.9,20.0,1.7,0.3
8/17/2023,,32.2,19.4,1.3,0.0
8/18/2023,,32.2,17.8,1.3,0.0
8/19/2023,,27.2,17.8,1.0,0.0
8/20/2023,,25.0,18.3,3.5,51.1
8/21/2023,,27.8,17.8,2.5,4.1
8/22/2023,,31.1,17.8,1.6,0.0
8/23/2023,,32.8,18.3,1.3,0.0
8/24/2023,,28.9,18.9,1.6,0.0
8/25/2023,,31.7,17.2,1.5,0.0
8/26/2023,,32.8,16.7,1.3,0.0
8/27/2023,,36.1,17.2,0.9,0.0
8/28/2023,,35.6,19.4,1.1,0.0
8/29/2023,,35.6,19.4,1.0,0.0
8/30/2023,,33.3,19.4,1.1,0.0
8/31/2023,,28.3,20.0,1.6,0.0
9/1/2023,,28.3,20.6,2.6,0.0
9/2/2023,,26.7,20.6,1.9,0.0
9/3/2023,,28.3,19.4,2.1,0.0
9/4/2023,,26.7,17.8,1.6,0.0
9/5/2023,,24.4,18.3,1.6,0.0
9/6/2023,,28.3,19.4,1.7,0.0
9/7/2023,,29.4,16.7,1.0,0.0
9/8/2023,,35.0,18.9,1.3,0.0
9/9/2023,,35.6,20.6,1.7,0.0
9/10/2023,,35.0,22.2,1.7,0.3
9/11/2023,,32.8,21.1,1.3,0.0
9/12/2023,,27.8,18.9,2.3,0.0
9/13/2023,,26.1,18.9,2.1,0.0
9/14/2023,,26.1,19.4,2.2,0.0
9/15/2023,,26.7,19.4,1.3,0.0
9/16/2023,,22.8,20.0,1.2,0.0
9/17/2023,,24.4,18.9,1.2,0.0
9/18/2023,,26.1,18.3,1.6,0.0
9/19/2023,,26.7,16.7,1.6,0.0
9/20/2023,,25.6,18.3,1.6,0.0
9/21/2023,,24.4,17.2,1.8,0.0
9/22/2023,,25.0,15.0,1.0,0.0
9/23/2023,,25.6,16.1,1.6,0.0
9/24/2023,,27.8,17.2,1.8,0.0
9/25/2023,,27.2,15.6,1.0,0.0
9/26/2023,,28.9,14.4,1.1,0.0
9/27/2023,,28.3,15.6,1.4,0.0
9/28/2023,,25.0,18.3,1.7,0.0
9/29/2023,,23.9,18.9,2.5,0.0
9/30/2023,,22.8,17.2,2.1,0.3
10/1/2023,,22.2,15.0,1.6,0.0
10/2/2023,,23.9,12.2,1.7,0.0
10/3/2023,,30.6,13.3,0.8,0.0
10/4/2023,,35.0,14.4,0.7,0.0
10/5/2023,,35.0,16.1,0.9,0.0
10/6/2023,,33.3,16.7,1.0,0.0
10/7/2023,,33.3,16.1,0.9,0.0
10/8/2023,,32.2,17.2,1.2,0.0
10/9/2023,,26.7,16.1,1.3,0.0
10/10/2023,,24.4,16.7,1.7,0.0
10/11/2023,,25.0,17.2,1.5,0.0
10/12/2023,,28.9,15.0,1.6,0.0
10/13/2023,,26.7,15.0,1.3,0.0
10/14/2023,,30.0,14.4,1.0,0.0
10/15/2023,,32.2,13.9,0.7,0.0
10/16/2023,,30.0,15.0,1.1,0.0
10/17/2023,,26.7,17.2,1.1,0.0
10/18/2023,,27.8,16.7,1.3,0.0
10/19/2023,,31.1,15.6,0.7,0.0
10/20/2023,,33.3,16.7,0.9,0.0
10/21/2023,,31.1,16.1,1.4,0.0
10/22/2023,,24.4,15.0,2.1,0.0
10/23/2023,,23.9,16.7,2.3,0.0
10/24/2023,,24.4,15.0,2.0,0.0
10/25/2023,,22.8,17.8,2.3,0.0
10/26/2023,,23.9,15.6,1.1,0.0
10/27/2023,,23.3,13.9,1.0,0.0
10/28/2023,,22.8,12.8,1.6,0.0
10/29/2023,,28.3,10.6,2.3,0.0
10/30/2023,,28.9,9.4,1.6,0.0
10/31/2023,,31.7,10.6,1.6,0.0
11/1/2023,,31.7,10.0,0.8,0.0
11/2/2023,,29.4,10.0,0.5,0.0
11/3/2023,,28.9,9.4,0.7,0.0
11/4/2023,,27.8,10.0,0.7,0.0
11/5/2023,,28.9,10.6,0.6,0.0
11/6/2023,,24.4,10.6,1.2,0.0
11/7/2023,,22.2,13.3,1.3,0.0
11/8/2023,,26.1,11.1,0.9,0.0
11/9/2023,,27.2,8.3,0.9,0.0
11/10/2023,,25.0,7.8,0.8,0.0
11/11/2023,,28.9,6.7,0.9,0.0
11/12/2023,,30.6,7.8,1.0,0.0
11/13/2023,,25.6,10.0,0.9,0.0
11/14/2023,,27.8,7.8,0.6,0.0
11/15/2023,,21.7,11.1,1.6,10.2
11/16/2023,,23.9,15.0,1.4,0.0
11/17/2023,,23.9,12.2,1.7,0.0
11/18/2023,,22.2,16.7,1.4,0.3
11/19/2023,,23.9,11.7,1.9,0.0
11/20/2023,,25.6,8.9,2.2,0.0
11/21/2023,,28.9,11.1,2.7,0.0
11/22/2023,,28.9,12.8,1.3,0.0
11/23/2023,,22.8,12.8,2.4,0.0
11/24/2023,,20.6,13.9,2.1,0.0
11/25/2023,,22.8,11.1,1.9,0.0
11/26/2023,,21.7,10.6,4.4,0.0
11/27/2023,,23.3,10.6,2.0,0.0
11/28/2023,,23.3,8.9,0.9,0.0
11/29/2023,,19.4,8.9,0.9,0.0
11/30/2023,,19.4,10.0,1.3,0.0
12/1/2023,,21.1,8.9,1.2,0.0
12/2/2023,,20.6,7.8,1.4,0.0
12/3/2023,,21.7,8.3,0.6,0.0
12/4/2023,,25.6,8.9,0.4,0.0
12/5/2023,,29.4,10.0,0.8,0.0
12/6/2023,,24.4,10.6,1.1,0.0
12/7/2023,,20.6,11.7,1.8,0.0
12/8/2023,,20.6,8.3,1.0,0.0
12/9/2023,,23.3,7.2,4.6,0.0
12/10/2023,,26.1,10.6,1.5,0.0
12/11/2023,,23.3,6.7,0.2,0.0
12/12/2023,,20.0,7.2,0.9,0.0
12/13/2023,,22.2,9.4,0.8,0.0
12/14/2023,,25.0,7.2,0.5,0.0
12/15/2023,,28.3,7.2,1.4,0.0
12/16/2023,,27.8,7.8,1.0,0.0
12/17/2023,,24.4,8.9,1.0,0.0
12/18/2023,,23.3,13.3,1.0,0.0
12/19/2023,,20.6,13.9,2.0,0.5
12/20/2023,,20.0,14.4,2.1,20.1
12/21/2023,,20.6,14.4,2.3,5.1
12/22/2023,,20.0,12.8,2.1,11.2
12/23/2023,,19.4,11.7,1.6,0.0
12/24/2023,,20.6,10.6,0.5,0.0
12/25/2023,,20.6,8.3,0.5,0.0
12/26/2023,,21.1,9.4,0.1,0.0
12/27/2023,,19.4,9.4,0.5,0.0
12/28/2023,,20.6,11.1,0.8,0.0
12/29/2023,,18.9,9.4,0.5,0.0
12/31/2023,,16.1,10.0,1.6,0.3
1/1/2024,,20.0,8.3,1.0,0.0
1/2/2024,,19.4,6.7,1.1,0.0
1/3/2024,,17.8,10.6,1.7,8.4
1/4/2024,,18.3,6.1,1.1,0.0
1/5/2024,,18.9,5.6,1.2,0.0
1/6/2024,,18.3,4.4,1.8,0.0
1/7/2024,,15.6,7.2,4.2,0.0
1/8/2024,,17.2,1.7,1.0,0.0
1/9/2024,,17.8,3.9,1.1,0.0
1/10/2024,,17.2,6.1,2.2,0.0
1/11/2024,,17.2,6.7,1.7,0.0
1/12/2024,,17.8,4.4,1.3,0.0
1/13/2024,,18.3,4.4,1.2,0.0
1/14/2024,,17.8,6.7,1.2,0.0
1/15/2024,,19.4,6.7,0.7,0.0
1/16/2024,,21.1,6.7,0.6,0.0
1/17/2024,,16.1,12.2,0.8,0.0
1/18/2024,,20.6,11.7,1.1,0.0
1/19/2024,,20.6,10.6,1.0,0.0
1/20/2024,,15.6,13.3,2.1,9.9
1/21/2024,,18.3,13.9,1.7,1.5
1/22/2024,,16.7,13.9,2.2,19.0
1/23/2024,,20.0,11.1,1.2,0.0
1/24/2024,,17.2,12.2,1.3,0.0
1/25/2024,,18.3,10.6,1.1,0.5
1/26/2024,,24.4,8.3,1.1,0.0
1/27/2024,,27.8,10.0,0.9,0.0
1/28/2024,,24.4,11.1,1.1,0.0
1/29/2024,,27.8,9.4,1.3,0.0
1/30/2024,,23.9,8.9,1.3,0.0
1/31/2024,,19.4,10.0,1.9,0.0
2/1/2024,,15.0,10.6,2.8,42.7
2/2/2024,,17.2,8.3,1.7,1.3
2/3/2024,,16.7,8.3,2.0,1.0
2/4/2024,,16.1,10.6,4.1,40.9
2/5/2024,,13.9,11.7,2.8,48.0
2/6/2024,,12.2,8.9,1.4,60.2
2/7/2024,,15.6,8.3,2.2,6.9
2/8/2024,,16.1,6.1,1.6,1.0
2/9/2024,,16.7,7.8,2.0,0.3
2/10/2024,,18.3,5.0,1.3,0.0
2/11/2024,,18.9,3.9,0.8,0.0
2/12/2024,,20.0,4.4,1.2,0.0
2/13/2024,,18.9,6.7,1.6,0.0
2/14/2024,,18.9,11.1,1.3,0.0
2/15/2024,,20.0,8.3,1.5,0.0
2/16/2024,,21.1,11.7,1.3,0.0
2/17/2024,,17.8,11.1,0.9,0.0
2/18/2024,,19.4,11.7,1.0,0.0
2/19/2024,,15.6,13.9,3.0,7.1
2/20/2024,,15.0,13.3,2.3,23.9
2/21/2024,,19.4,12.2,1.4,14.2
2/22/2024,,21.1,10.0,1.5,0.0
2/23/2024,,26.7,10.6,1.7,0.0
2/24/2024,,24.4,12.8,0.5,0.0
2/25/2024,,21.1,11.1,0.9,0.0
2/26/2024,,18.3,12.2,0.5,1.3
2/27/2024,,18.3,11.7,0.9,0.8
2/28/2024,,22.2,8.3,1.2,0.0
2/29/2024,,20.0,13.9,1.6,0.0
3/1/2024,,18.9,12.8,2.0,0.0
3/2/2024,,17.2,12.2,2.9,6.9
3/3/2024,,17.8,10.0,1.7,0.3
3/4/2024,,17.8,8.3,1.8,0.0
3/5/2024,,18.9,8.9,1.8,0.0
3/6/2024,,18.3,10.0,2.2,13.0
3/7/2024,,19.4,7.8,1.8,1.3
3/8/2024,,22.2,8.9,1.3,0.0
3/9/2024,,21.7,8.9,1.9,0.0
3/10/2024,,22.8,8.3,1.2,0.0
3/11/2024,,18.9,10.0,1.3,0.0
3/12/2024,,18.9,11.7,1.9,0.0
3/13/2024,,20.0,12.2,1.9,0.0
3/14/2024,,21.7,9.4,2.9,0.0
3/15/2024,,19.4,10.6,2.1,0.5
3/16/2024,,20.0,11.1,1.7,0.3
3/17/2024,,20.6,9.4,1.7,0.0
3/18/2024,,24.4,10.0,1.6,0.0
3/19/2024,,22.2,10.0,1.6,0.0
3/20/2024,,22.2,11.1,1.6,0.0
3/21/2024,,21.7,13.9,1.7,0.0
3/22/2024,,21.1,11.7,1.7,0.0
3/23/2024,,17.8,11.7,3.4,6.9
3/24/2024,,18.3,7.8,2.0,0.0
3/25/2024,,18.9,7.2,2.3,0.0
3/26/2024,,20.0,11.7,1.9,0.0
3/27/2024,,21.7,8.9,1.5,0.0
3/28/2024,,21.1,10.6,1.4,0.0
3/29/2024,,17.8,9.4,3.1,1.8
3/30/2024,,13.9,10.6,3.6,31.5
3/31/2024,,15.0,10.0,3.1,9.9
4/1/2024,,22.2,7.8,1.6,0.0
4/2/2024,,24.4,10.0,1.6,0.0
4/3/2024,,24.4,11.1,1.5,0.0
4/4/2024,,18.3,10.6,2.8,0.0
4/5/2024,,16.1,7.8,2.9,2.5
4/6/2024,,18.3,5.6,2.0,0.0
4/7/2024,,20.0,6.7,1.7,0.0
4/8/2024,,23.3,8.3,1.5,0.0
4/9/2024,,28.9,9.4,1.6,0.0
4/10/2024,,26.7,12.2,1.6,0.0
4/11/2024,,26.1,12.2,1.4,0.0
4/12/2024,,16.7,11.7,2.2,0.0
4/13/2024,,19.4,8.9,3.2,4.6
4/14/2024,,17.2,7.2,1.7,2.5
4/15/2024,,21.1,9.4,0.8,0.0
4/16/2024,,27.8,10.0,1.1,0.0
4/17/2024,,25.0,11.1,1.6,0.0
4/18/2024,,22.8,13.3,1.9,0.0
4/19/2024,,21.1,13.9,1.6,0.0
4/20/2024,,22.8,14.4,1.1,0.0
4/21/2024,,24.4,12.8,1.7,0.0
4/22/2024,,18.3,15.0,1.9,0.0
4/23/2024,,21.1,13.9,1.8,0.0
4/24/2024,,20.6,13.9,2.3,0.0
4/25/2024,,20.0,13.9,2.4,0.0
4/26/2024,,22.8,13.3,3.2,0.0
4/27/2024,,22.2,11.7,2.4,0.0
4/28/2024,,22.8,11.1,1.7,0.0
4/29/2024,,25.0,12.8,1.5,0.0
4/30/2024,,22.8,15.0,2.1,0.0
5/1/2024,,21.7,15.6,2.1,0.0
5/2/2024,,22.2,14.4,1.7,0.0
5/3/2024,,22.2,15.0,1.7,0.0
5/4/2024,,20.0,13.9,2.1,0.0
5/5/2024,,21.1,11.1,2.9,2.5
5/6/2024,,23.3,10.0,2.1,0.0
5/7/2024,,23.3,11.1,1.8,0.0
5/8/2024,,23.3,12.8,2.0,0.0
5/9/2024,,23.9,13.9,1.8,0.0
5/10/2024,,22.8,15.6,2.1,0.0
5/11/2024,,22.2,14.4,1.9,0.0
5/12/2024,,23.3,15.6,1.6,0.0
5/13/2024,,22.2,14.4,2.1,0.0
5/14/2024,,22.8,14.4,1.9,0.0
5/15/2024,,20.0,15.0,1.7,0.0
5/16/2024,,20.0,15.6,1.4,0.0
5/17/2024,,21.1,15.0,1.0,0.0
5/18/2024,,23.3,15.6,1.4,0.0
5/19/2024,,21.7,15.0,2.1,0.0
5/20/2024,,21.7,14.4,1.7,0.0
5/21/2024,,22.2,14.4,1.3,0.0
5/22/2024,,22.8,14.4,1.4,0.0
5/23/2024,,20.0,15.6,1.8,0.0
5/24/2024,,21.1,15.0,1.5,0.0
5/25/2024,,22.2,13.9,1.8,0.0
5/26/2024,,22.2,14.4,1.3,0.0
5/27/2024,,22.2,13.9,1.8,0.0
5/28/2024,,23.3,14.4,1.8,0.0
5/29/2024,,23.9,15.0,1.7,0.0
5/30/2024,,22.8,15.0,1.7,0.0
5/31/2024,,22.8,15.6,1.5,0.0
6/1/2024,,23.9,15.6,2.1,0.0
6/2/2024,,20.6,15.6,1.5,0.0
6/3/2024,,22.8,16.1,1.2,0.0
6/4/2024,,24.4,15.6,1.5,0.0
6/5/2024,,25.0,16.7,1.7,0.0
6/6/2024,,23.9,16.7,2.1,0.0
6/7/2024,,23.9,16.1,1.9,0.0
6/8/2024,,23.9,17.2,1.9,0.0
6/9/2024,,24.4,15.0,1.9,0.0
6/10/2024,,25.0,16.1,1.7,0.0
6/11/2024,,23.3,16.7,1.7,0.0
6/12/2024,,25.0,16.7,1.8,0.0
6/13/2024,,26.7,16.1,1.6,0.0
6/14/2024,,26.7,16.1,1.5,0.0
6/15/2024,,28.3,16.7,1.7,0.0
6/16/2024,,25.6,17.2,2.1,0.0
6/17/2024,,23.9,17.2,2.6,0.0
6/18/2024,,25.6,16.7,2.2,0.0
6/19/2024,,25.0,17.2,2.0,0.0
6/20/2024,,26.7,17.2,1.6,0.0
6/21/2024,,27.8,15.6,1.3,0.0
6/22/2024,,31.1,17.2,1.6,0.0
6/23/2024,,34.4,20.0,1.9,0.0
6/24/2024,,32.8,21.1,1.9,0.0
6/25/2024,,30.0,19.4,2.1,0.0
6/26/2024,,27.2,18.9,2.2,0.0
6/27/2024,,28.3,18.3,2.2,0.0
6/28/2024,,27.2,17.8,2.4,0.0
6/29/2024,,28.9,16.1,1.7,0.0
6/30/2024,,31.7,15.0,1.7,0.0
7/1/2024,,27.8,18.3,2.3,0.0
7/2/2024,,28.3,18.3,2.1,0.0
7/3/2024,,30.0,17.8,1.6,0.0
7/4/2024,,29.4,17.8,1.8,0.0
7/5/2024,,30.0,17.2,1.5,0.0
7/6/2024,,28.9,19.4,1.8,0.0
7/7/2024,,28.3,19.4,2.0,0.0
7/8/2024,,27.8,18.9,1.8,0.0
7/9/2024,,30.6,19.4,1.6,0.0
7/10/2024,,29.4,18.3,1.6,0.0
7/11/2024,,31.7,18.3,1.8,0.0
7/12/2024,,26.7,18.3,1.5,0.0
7/13/2024,,31.1,19.4,1.9,0.0
7/14/2024,,29.4,19.4,2.0,0.0
7/15/2024,,28.9,18.9,1.6,0.0
7/16/2024,,28.3,18.9,1.9,0.0
7/17/2024,,29.4,19.4,2.2,0.0
7/18/2024,,28.9,19.4,2.0,0.0
7/19/2024,,30.0,18.9,1.3,0.0
7/20/2024,,32.2,18.3,1.5,0.0
7/21/2024,,29.4,19.4,1.9,0.0
7/22/2024,,31.1,19.4,1.7,0.0
7/23/2024,,32.2,20.6,1.6,0.0
7/24/2024,,33.9,21.1,1.3,0.0
7/25/2024,,35.0,21.1,1.6,0.0
7/26/2024,,29.4,19.4,1.7,0.0
7/27/2024,,29.4,17.8,1.5,0.0
7/28/2024,,28.3,17.2,1.4,0.0
7/29/2024,,30.0,16.1,1.4,0.0
7/30/2024,,28.3,16.1,1.5,0.0
7/31/2024,,29.4,16.1,1.6,0.0
8/1/2024,,29.4,17.8,1.0,0.0
8/2/2024,,33.9,19.4,1.3,0.0
8/3/2024,,34.4,19.4,1.4,0.0
8/4/2024,,34.4,19.4,1.3,0.0
8/5/2024,,36.1,19.4,1.6,0.0
8/6/2024,,30.6,20.0,1.4,0.0
8/7/2024,,29.4,20.0,1.9,0.0
8/8/2024,,28.3,19.4,1.7,0.0
8/9/2024,,30.6,18.9,1.9,0.0
8/10/2024,,33.3,18.3,1.5,0.0
8/11/2024,,31.7,20.0,1.6,0.0
8/12/2024,,31.1,20.6,1.7,0.0
8/13/2024,,31.1,19.4,1.8,0.0
8/14/2024,,31.1,19.4,1.4,0.0
8/15/2024,,32.8,19.4,1.6,0.0
8/16/2024,,30.6,20.6,2.1,0.0
8/17/2024,,27.2,20.6,1.8,0.0
8/18/2024,,29.4,20.6,1.7,0.0
8/19/2024,,34.4,18.3,1.0,0.0
8/20/2024,,35.6,18.3,1.4,0.0
8/21/2024,,32.8,18.9,1.8,0.0
8/22/2024,,28.9,20.0,1.7,0.0
8/23/2024,,27.8,18.9,1.5,0.0
8/24/2024,,27.8,17.8,1.7,0.0
8/25/2024,,29.4,17.2,1.6,0.0
8/26/2024,,31.1,17.8,1.4,0.0
8/27/2024,,28.9,18.3,1.4,0.0
8/28/2024,,28.3,18.3,1.5,0.0
8/29/2024,,27.8,17.8,1.7,0.0
8/30/2024,,27.2,17.2,1.3,0.0
8/31/2024,,29.4,18.3,1.1,0.0
9/1/2024,,28.9,18.9,1.4,0.0
9/2/2024,,31.7,20.0,1.4,0.0
9/3/2024,,33.9,19.4,1.4,0.0
9/4/2024,,36.7,19.4,1.3,0.0
9/5/2024,,40.6,21.1,1.2,0.0
9/6/2024,,45.0,23.3,1.6,0.0
9/7/2024,,37.8,22.8,0.9,0.0
9/8/2024,,42.2,22.8,1.0,0.0
9/9/2024,,40.0,23.3,1.3,0.0
9/10/2024,,33.3,18.9,1.8,0.0
9/11/2024,,26.7,16.7,2.2,0.0
9/12/2024,,25.6,17.8,1.9,0.0
9/13/2024,,26.7,19.4,1.7,0.0
9/14/2024,,26.7,18.9,1.5,0.0
9/15/2024,,26.1,18.9,1.7,0.0
9/16/2024,,23.9,16.7,2.3,0.0
9/17/2024,,24.4,15.0,1.5,0.0
9/18/2024,,24.4,15.0,1.7,0.0
9/19/2024,,24.4,17.2,1.4,0.0
9/20/2024,,25.0,17.2,1.2,0.0
9/21/2024,,24.4,17.2,1.0,0.0
9/22/2024,,27.2,16.7,1.3,0.0
9/23/2024,,27.8,16.7,1.2,0.0
9/24/2024,,27.2,17.2,1.4,0.0
9/25/2024,,25.6,16.7,1.3,0.0
9/26/2024,,25.6,15.0,1.3,0.0
9/27/2024,,25.6,15.6,1.2,0.0
9/28/2024,,26.1,15.6,1.3,0.0
9/29/2024,,27.2,15.0,0.9,0.0
9/30/2024,,29.4,13.9,0.9,0.0
10/1/2024,,32.2,16.1,0.8,0.0
10/2/2024,,30.0,16.1,1.1,0.0
10/3/2024,,27.2,16.7,1.3,0.0
10/4/2024,,31.1,18.3,1.4,0.0
10/5/2024,,29.4,18.3,1.1,0.0
10/6/2024,,30.0,17.8,1.1,0.0
10/7/2024,,29.4,16.7,1.1,0.0
10/8/2024,,28.9,15.6,0.9,0.0
10/9/2024,,27.8,16.7,1.4,0.0
10/10/2024,,27.8,16.7,0.7,0.0
10/11/2024,,29.4,14.4,0.9,0.0
10/12/2024,,25.0,14.4,1.2,0.0
10/13/2024,,25.0,15.6,1.3,0.0
10/14/2024,,24.4,17.2,1.6,0.0
10/15/2024,,22.8,17.8,1.2,0.0
10/16/2024,,20.0,17.8,0.9,0.0
10/17/2024,,22.2,16.1,1.2,0.0
10/18/2024,,26.1,13.3,1.6,0.0
10/19/2024,,27.8,10.6,1.3,0.0
10/20/2024,,30.0,11.1,0.9,0.0
10/21/2024,,31.7,12.2,1.2,0.0
10/22/2024,,31.7,12.2,0.8,0.0
10/23/2024,,29.4,12.8,0.8,0.0
10/24/2024,,28.3,12.2,0.9,0.0
10/25/2024,,25.0,11.1,0.7,0.0
10/26/2024,,27.8,11.1,0.7,0.0
10/27/2024,,28.3,13.3,1.5,0.0
10/28/2024,,21.7,13.9,2.6,0.0
10/29/2024,,22.8,11.7,1.5,0.0
10/30/2024,,25.0,11.1,1.3,0.0
10/31/2024,,23.9,8.9,1.3,0.0
11/1/2024,,23.3,8.3,1.0,0.0
11/2/2024,,20.6,12.8,1.4,0.3
11/3/2024,,23.3,12.8,1.3,0.0
11/4/2024,,26.1,8.9,0.9,0.0
11/5/2024,,23.9,8.9,1.0,0.0
11/7/2024,,25.0,10.0,1.6,0.0
11/8/2024,,25.0,7.2,0.9,0.0
11/9/2024,,25.6,6.7,0.8,0.0
11/10/2024,,25.6,7.2,0.5,0.0
11/11/2024,,22.2,7.8,1.4,0.0
11/12/2024,,22.8,11.7,0.9,0.0
11/13/2024,,25.6,7.8,0.8,0.0
11/14/2024,,22.8,7.2,0.9,0.0
11/15/2024,,18.9,11.1,2.0,0.0
11/16/2024,,19.4,6.7,0.8,0.0
11/17/2024,,21.7,5.6,1.4,0.0
11/18/2024,,18.3,7.2,1.6,0.0
11/19/2024,,22.2,8.9,0.7,0.0
11/20/2024,,24.4,5.6,0.4,0.0
11/21/2024,,26.1,5.6,0.7,0.0
11/22/2024,,22.2,5.0,0.7,0.0
11/23/2024,,17.8,10.0,1.0,0.3
11/24/2024,,19.4,11.1,0.9,0.0
11/25/2024,,22.2,10.6,0.6,0.0
11/26/2024,,22.8,11.7,0.7,0.0
11/27/2024,,22.2,14.4,0.9,0.0
11/28/2024,,25.6,11.7,2.5,0.0
11/29/2024,,24.4,11.1,1.8,0.0
11/30/2024,,25.6,10.0,0.5,0.0
12/1/2024,,23.3,10.0,0.9,0.0
12/2/2024,,23.9,7.8,0.4,0.0
12/3/2024,,20.6,8.9,1.0,0.0
12/4/2024,,19.4,9.4,0.9,0.0
12/5/2024,,16.7,8.3,0.8,0.0
12/6/2024,,23.9,5.6,0.5,0.0
12/7/2024,,27.8,5.6,0.7,0.0
12/8/2024,,21.1,6.7,1.3,0.0
12/9/2024,,20.6,11.1,1.4,0.0
12/10/2024,,25.0,8.3,3.6,0.0
12/11/2024,,23.9,8.3,1.0,0.0
12/12/2024,,16.7,6.1,1.4,0.0
12/13/2024,,17.8,9.4,1.5,0.0
12/14/2024,,20.0,7.8,0.8,0.0
12/15/2024,,20.0,7.8,1.0,0.0
12/16/2024,,22.2,7.2,0.7,0.0
12/17/2024,,23.3,7.8,0.9,0.0
12/18/2024,,30.0,8.9,0.6,0.0
12/19/2024,,26.1,7.2,0.5,0.0
12/20/2024,,20.0,8.9,0.8,0.0
12/21/2024,,20.6,6.7,0.9,0.0
12/22/2024,,18.9,8.9,0.8,0.0
12/23/2024,,20.6,11.1,1.0,0.0
12/24/2024,,15.0,10.0,1.1,0.3
12/25/2024,,18.9,7.8,1.0,0.0
12/26/2024,,19.4,7.8,1.4,0.0
12/27/2024,,17.2,9.4,1.2,0.0
12/28/2024,,18.3,10.0,0.6,0.0
12/29/2024,,15.0,8.3,0.7,0.0
12/30/2024,,18.9,9.4,1.4,0.0
12/31/2024,,14.4,9.4,0.5,0.0
1/1/2025,,18.3,6.7,0.5,0.0
1/2/2025,,23.3,5.6,0.5,0.0
1/3/2025,,17.8,7.2,0.8,0.0
1/4/2025,,17.8,9.4,0.9,0.0
1/5/2025,,25.0,6.1,0.3,0.0
1/6/2025,,22.8,6.7,0.8,0.0
1/7/2025,,22.2,7.8,2.6,0.0
1/8/2025,,23.3,8.3,2.1,0.0
1/9/2025,,23.9,5.0,1.1,0.0
1/10/2025,,22.2,9.4,2.9,0.0
1/11/2025,,22.2,7.2,1.5,0.0
1/12/2025,,21.1,8.3,2.6,0.0
1/13/2025,,20.0,7.2,5.0,0.0
1/14/2025,,21.1,3.9,1.1,0.0
1/15/2025,,23.9,3.9,1.2,0.0
1/16/2025,,18.3,3.9,1.4,0.0
1/17/2025,,16.1,7.8,1.7,0.0
1/18/2025,,17.8,6.1,1.0,0.0
1/19/2025,,16.7,6.7,0.7,0.0
1/20/2025,,22.2,7.8,3.7,0.0
1/21/2025,,22.2,5.6,2.6,0.0
1/22/2025,,27.2,6.7,0.9,0.0
1/23/2025,,28.3,8.3,3.0,0.0
1/24/2025,,23.3,9.4,1.7,0.0
1/25/2025,,17.2,6.7,2.5,0.0
1/26/2025,,14.4,9.4,2.7,7.1
1/27/2025,,16.1,7.8,1.3,2.3
1/28/2025,,15.6,6.1,2.0,0.0
1/29/2025,,17.8,5.6,0.9,0.0
1/30/2025,,16.7,7.8,0.9,0.0
1/31/2025,,18.9,4.4,0.7,0.0
2/1/2025,,22.2,6.7,1.2,0.0
2/2/2025,,23.3,11.1,0.9,0.0
2/3/2025,,21.7,10.0,0.8,0.0
2/4/2025,,18.9,9.4,1.7,0.0
2/5/2025,,20.0,12.2,1.9,0.8
2/6/2025,,17.2,13.9,2.3,5.6
2/7/2025,,16.1,10.0,2.0,7.6
2/8/2025,,18.3,7.8,0.6,0.0
2/9/2025,,20.6,6.1,1.0,0.0
2/10/2025,,16.7,8.3,2.3,0.0
2/11/2025,,16.1,10.0,2.3,0.0
2/12/2025,,12.2,10.0,3.0,2.5
2/13/2025,,14.4,12.2,3.1,45.7
2/14/2025,,17.8,11.1,2.3,3.3
2/15/2025,,21.7,7.8,1.2,0.0
2/16/2025,,23.9,7.8,0.8,0.0
2/17/2025,,19.4,8.3,1.5,0.0
2/18/2025,,,,,0.0
2/19/2025,,21.1,10.0,1.7,0.0
2/20/2025,,23.3,13.9,,0.0
2/21/2025,,25.6,11.1,,0.0
2/22/2025,,25.6,9.4,,0.0
2/23/2025,,,,,0.0
2/24/2025,,,,,0.0
2/25/2025,,,,,0.0
2/26/2025,,,,,0.0
2/27/2025,,,,,0.0
2/28/2025,,,,,0.0
3/1/2025,,,,,0.0
3/2/2025,,,,,0.0
3/3/2025,,,,,0.0
3/4/2025,,,,,0.0
3/5/2025,,,,,8.9
3/6/2025,,,,,5.1
3/7/2025,,,,2.5,0.0
3/8/2025,,19.4,6.7,1.3,0.0
3/9/2025,,23.3,6.7,1.1,0.0
3/10/2025,,21.1,7.8,1.3,0.0
3/11/2025,,16.1,11.7,3.0,2.3
3/12/2025,,16.7,12.2,3.4,2.3
3/13/2025,,15.0,9.4,3.8,11.7
3/14/2025,,11.7,6.7,1.8,1.3
3/15/2025,,18.3,6.1,1.3,0.0
3/16/2025,,20.6,6.7,1.2,0.0
3/17/2025,,19.4,9.4,2.1,0.3
3/18/2025,,20.6,7.2,1.6,0.0
3/19/2025,,24.4,7.8,0.8,0.0
3/20/2025,,,,,0.0
3/21/2025,,,,,0.0
3/22/2025,,,,,0.0
3/23/2025,,,,,0.0
3/24/2025,,,,,0.0
3/25/2025,,,,,0.0
3/26/2025,,,,,0.0
3/27/2025,,,,,0.0
3/28/2025,,,,,0.0
3/29/2025,,19.4,10.6,2.1,0.0
3/30/2025,,19.4,12.2,1.6,0.3
3/31/2025,,20.0,12.8,1.6,0.8
4/1/2025,,19.4,9.4,2.2,0.0
4/2/2025,,19.4,7.2,3.0,0.0
4/3/2025,,18.3,10.6,2.1,0.0
4/4/2025,,22.8,8.3,1.7,0.0
4/5/2025,,27.2,8.3,1.3,0.0
4/6/2025,,27.2,10.0,1.5,0.0
4/7/2025,,23.9,10.0,1.4,0.0
4/8/2025,,23.9,11.1,1.3,0.0
4/9/2025,,26.1,11.7,1.3,0.0
4/10/2025,,27.8,12.2,1.0,0.0
4/11/2025,,26.7,12.8,1.8,0.0
4/12/2025,,21.7,13.9,1.7,0.0
4/13/2025,,21.1,13.3,1.8,0.0
4/14/2025,,21.7,12.8,1.6,0.0
4/15/2025,,19.4,12.8,1.3,0.0
4/16/2025,,19.4,13.3,1.7,0.0
4/17/2025,,16.7,14.4,1.7,0.0
4/18/2025,,17.2,11.7,1.3,0.0
4/19/2025,,24.4,9.4,1.5,0.0
4/20/2025,,25.6,10.0,1.2,0.0
4/21/2025,,23.3,12.2,1.7,0.0
4/22/2025,,20.6,12.2,2.2,0.0
4/23/2025,,18.9,13.9,1.4,0.0
4/24/2025,,20.6,13.9,1.9,0.0
4/25/2025,,18.9,13.3,3.0,0.0
4/26/2025,,18.3,11.7,2.2,4.8
4/27/2025,,17.8,9.4,1.8,0.0
4/28/2025,,21.1,11.1,1.2,0.0
4/29/2025,,23.3,10.6,1.7,0.0
4/30/2025,,21.7,13.9,1.9,0.0
5/1/2025,,22.8,14.4,2.5,0.0
5/2/2025,,22.2,14.4,1.3,0.0
5/3/2025,,17.8,14.4,1.6,0.3
5/4/2025,,16.7,13.9,2.0,0.3
5/5/2025,,18.9,13.9,1.9,0.0
5/6/2025,,18.3,13.9,1.5,0.0
5/7/2025,,23.9,15.0,1.9,0.0
5/8/2025,,28.3,12.2,1.0,0.0
5/9/2025,,33.9,14.4,1.4,0.0
5/10/2025,,37.2,16.1,1.4,0.0
5/11/2025,,30.6,16.7,2.1,0.0
5/12/2025,,22.8,15.6,2.8,0.0
5/13/2025,,21.1,13.3,2.7,0.0
5/14/2025,,23.9,12.2,2.0,0.0
5/15/2025,,23.9,13.9,2.2,0.0
5/16/2025,,22.8,14.4,2.0,0.0
5/17/2025,,20.6,14.4,2.8,0.0
5/18/2025,,22.8,14.4,2.2,0.0
5/19/2025,,28.9,12.2,1.7,0.0
5/20/2025,,31.7,15.0,1.3,0.0
5/21/2025,,31.1,16.1,1.8,0.0
5/22/2025,,27.2,15.6,2.2,0.0
5/23/2025,,24.4,16.1,2.2,0.0
5/24/2025,,23.3,16.1,2.8,0.0
5/25/2025,,23.9,16.1,2.2,0.0
5/26/2025,,25.0,16.7,2.2,0.0
5/27/2025,,25.6,17.2,,0.0
5/28/2025,,23.9,16.7,,0.0
5/29/2025,,25.0,16.7,1.7,0.0
5/30/2025,,36.7,16.1,2.3,0.0
5/31/2025,,31.7,17.2,1.4,0.0
6/1/2025,,32.2,17.8,1.7,0.0
6/2/2025,,26.1,16.7,2.6,0.0
6/3/2025,,25.0,16.7,1.6,0.0
6/4/2025,,24.4,16.1,2.0,0.0
6/5/2025,,25.6,16.7,1.9,0.0
6/6/2025,,23.9,17.2,1.6,0.0
6/7/2025,,23.9,16.7,1.9,0.0
6/8/2025,,25.0,16.7,1.6,0.0
6/9/2025,,23.3,16.7,1.8,0.0
6/10/2025,,27.2,16.7,2.1,0.0
6/11/2025,,25.6,17.8,1.9,0.0
6/12/2025,,25.0,16.7,2.1,0.0
6/13/2025,,25.6,17.2,1.7,0.0
6/14/2025,,28.9,17.8,1.6,0.0
6/15/2025,,32.8,16.7,1.7,0.0
6/16/2025,,30.0,17.2,2.0,0.0
6/17/2025,,31.7,17.2,1.6,0.0
6/18/2025,,29.4,17.8,2.1,0.0
6/19/2025,,25.6,18.3,2.5,0.0
6/20/2025,,25.6,17.8,2.2,0.0
6/21/2025,,24.4,17.2,3.0,0.0
6/22/2025,,26.1,15.0,2.0,0.0
6/23/2025,,25.0,16.1,2.8,0.0
6/24/2025,,25.6,16.1,1.9,0.0
6/25/2025,,27.2,17.8,1.4,0.0
6/26/2025,,26.7,17.8,2.1,0.0
6/27/2025,,26.7,17.2,1.7,0.0
6/28/2025,,31.7,17.8,1.7,0.0
6/29/2025,,31.1,17.2,1.8,0.0
6/30/2025,,30.0,16.7,2.0,0.0
7/1/2025,,26.7,15.6,1.9,0.0
7/2/2025,,25.0,17.2,2.4,0.0
7/3/2025,,24.4,17.8,2.2,0.0
7/4/2025,,27.8,18.3,1.7,0.0
7/5/2025,,28.3,16.7,1.7,0.0
7/6/2025,,27.2,16.7,1.9,0.0
7/7/2025,,28.3,17.8,1.9,0.0
7/8/2025,,31.7,16.1,1.6,0.0
7/9/2025,,31.7,18.3,1.9,0.0
7/10/2025,,28.9,17.2,1.9,0.0
7/11/2025,,26.1,18.3,2.3,0.0
7/12/2025,,26.1,18.9,2.1,0.0
7/13/2025,,27.2,17.8,1.8,0.0
7/14/2025,,25.0,17.2,2.0,0.0
7/15/2025,,24.4,17.2,2.2,0.0
7/16/2025,,26.1,18.9,1.9,0.0
7/17/2025,,29.4,17.8,1.8,0.0
7/18/2025,,26.1,18.9,2.2,0.0
7/19/2025,,25.6,19.4,2.5,0.0
7/20/2025,,25.6,19.4,2.2,0.0
7/21/2025,,25.0,18.9,2.1,0.0
7/22/2025,,26.7,19.4,1.7,0.0
7/23/2025,,29.4,17.8,1.7,0.0
7/24/2025,,28.9,16.1,1.9,0.0
7/25/2025,,26.1,16.7,1.9,0.0
7/26/2025,,26.7,17.8,1.7,0.0
7/27/2025,,27.8,17.2,1.9,0.0
7/28/2025,,26.7,17.2,1.2,0.0
7/29/2025,,27.8,16.7,1.5,0.0
7/30/2025,,28.3,17.8,1.7,0.0
7/31/2025,,27.8,17.2,1.8,0.0
8/1/2025,,27.2,17.8,1.8,0.0
8/2/2025,,28.3,18.3,1.4,0.0
8/3/2025,,28.9,17.2,1.7,0.0
8/4/2025,,27.8,17.8,1.9,0.0
8/5/2025,,28.9,18.3,1.3,0.0
8/6/2025,,32.2,18.3,1.4,0.0
8/7/2025,,35.0,18.3,1.3,0.0
8/8/2025,,30.6,18.9,2.0,0.0
8/9/2025,,28.3,18.9,1.4,0.0
8/10/2025,,29.4,18.3,1.3,0.0
8/11/2025,,27.2,18.3,1.7,0.0
8/12/2025,,27.2,18.9,2.2,0.0
8/13/2025,,26.1,20.0,1.9,0.0
8/14/2025,,26.1,19.4,2.0,0.0
8/15/2025,,25.6,19.4,2.8,0.0
8/16/2025,,26.1,18.9,1.8,0.0
8/17/2025,,28.3,19.4,1.9,0.0
8/18/2025,,29.4,19.4,2.0,0.0
8/19/2025,,30.6,18.9,1.5,0.0
8/20/2025,,34.4,18.9,1.4,0.0
8/21/2025,,34.4,20.6,1.7,0.0
8/22/2025,,33.3,21.1,1.5,0.0
8/23/2025,,34.4,21.1,2.2,0.0
8/24/2025,,32.8,21.1,1.7,0.0
8/25/2025,,30.0,20.6,1.6,0.0
8/26/2025,,28.9,19.4,1.8,0.0
8/27/2025,,33.9,18.3,1.4,0.0
8/28/2025,,30.0,21.1,1.3,0.0
8/29/2025,,35.0,19.4,1.3,0.0
8/30/2025,,33.9,19.4,1.3,0.0
8/31/2025,,35.6,20.0,1.4,0.0
9/1/2025,,32.2,20.6,1.3,0.0
9/2/2025,,36.1,20.6,1.6,0.0
9/3/2025,,33.9,21.1,1.7,0.0
9/4/2025,,32.8,20.0,1.8,0.0
9/5/2025,,31.1,18.9,1.6,0.0
9/6/2025,,32.2,18.9,1.4,0.0
9/7/2025,,33.3,19.4,1.5,0.0
9/8/2025,,31.1,20.0,1.8,0.0
9/9/2025,,27.2,18.9,1.9,0.0
9/10/2025,,26.7,20.0,2.2,0.0
9/11/2025,,26.7,18.3,1.6,0.0
9/12/2025,,26.1,17.8,1.9,0.0
9/13/2025,,26.1,18.9,2.0,0.0
9/14/2025,,28.3,17.8,1.6,0.0
9/15/2025,,30.0,20.0,1.0,0.0
9/16/2025,,35.6,18.9,1.5,0.0
9/17/2025,,33.3,21.1,1.7,0.0
9/18/2025,,28.9,21.1,2.1,1.0
9/19/2025,,30.0,20.6,1.5,0.0
9/20/2025,,30.6,19.4,1.4,0.0
9/21/2025,,26.1,18.9,1.3,0.0
9/22/2025,,30.0,18.3,1.2,0.0
9/23/2025,,31.7,18.9,1.4,0.0
9/24/2025,,31.1,20.0,1.5,0.0
9/25/2025,,25.6,18.9,1.7,0.0
9/26/2025,,23.9,18.3,1.5,0.3
9/27/2025,,25.0,19.4,1.6,0.0
9/28/2025,,27.2,19.4,1.4,0.0
9/29/2025,,26.7,17.2,1.7,0.0
9/30/2025,,25.6,17.2,1.1,0.0
10/1/2025,,26.7,18.3,1.6,0.0
10/2/2025,,27.2,16.1,1.7,0.0
10/3/2025,,25.6,17.2,2.2,0.3
10/4/2025,,24.4,15.6,1.8,0.0
10/5/2025,,26.1,15.0,1.7,0.0
10/6/2025,,25.0,16.1,1.2,0.0
10/7/2025,,25.0,15.6,1.0,0.0
10/8/2025,,25.0,15.0,1.4,0.0
10/9/2025,,28.3,14.4,1.3,0.0
10/10/2025,,30.6,17.8,1.3,0.0
10/11/2025,,25.6,15.6,1.6,0.0
10/12/2025,,26.1,13.9,1.7,0.0
10/13/2025,,22.2,15.6,3.9,0.0
10/14/2025,,17.2,13.3,2.2,43.4
10/15/2025,,21.7,12.2,1.6,1.8
10/16/2025,,25.0,10.0,0.7,0.0
10/17/2025,,29.4,11.7,1.1,0.0
10/18/2025,,31.1,12.8,1.0,0.0
10/19/2025,,27.8,12.8,0.9,0.0
10/20/2025,,30.0,12.2,0.7,0.0
10/21/2025,,28.3,13.3,1.1,0.0
10/22/2025,,22.8,15.0,1.7,0.0
10/23/2025,,23.9,13.9,1.4,0.0
10/24/2025,,25.0,13.3,0.9,0.0
10/25/2025,,22.8,15.6,1.3,0.0
10/26/2025,,22.2,15.0,1.0,0.0
10/27/2025,,23.9,15.6,1.2,0.0
10/28/2025,,33.9,13.3,1.1,0.0
10/29/2025,,34.4,13.3,0.9,0.0
10/30/2025,,30.6,13.3,1.2,0.0
10/31/2025,,24.4,15.0,1.2,0.0
11/1/2025,,23.9,14.4,0.8,0.0
11/2/2025,,23.9,15.0,1.1,0.0
11/3/2025,,23.9,13.9,0.8,0.0
11/4/2025,,23.9,13.3,0.7,0.0
11/5/2025,,21.7,14.4,1.5,0.0
11/6/2025,,23.3,12.2,1.1,0.0
11/7/2025,,28.3,15.0,1.4,0.0
11/8/2025,,23.3,16.1,0.9,0.0
11/9/2025,,29.4,14.4,0.8,0.0
11/10/2025,,30.6,13.3,0.7,0.0
11/11/2025,,24.4,13.9,0.8,0.0
11/12/2025,,22.2,15.0,0.8,0.0
11/13/2025,,25.0,13.9,1.3,0.0
11/14/2025,,18.9,16.1,1.9,17.5
11/15/2025,,18.3,13.9,1.6,54.9
11/16/2025,,18.9,12.8,2.0,18.8
11/17/2025,,18.9,11.1,2.7,8.6
11/18/2025,,17.2,8.9,1.3,0.0
11/19/2025,,18.3,8.3,1.2,0.0
11/20/2025,,16.7,9.4,2.4,31.5
11/21/2025,,19.4,12.2,3.4,5.6
11/22/2025,,20.0,10.0,1.2,0.0
11/23/2025,,21.1,8.3,1.0,0.0
11/24/2025,,21.1,10.0,0.6,0.0
11/25/2025,,27.2,8.9,0.3,0.0
11/26/2025,,28.9,8.3,0.8,0.0
11/27/2025,,25.6,10.0,0.6,0.0
11/28/2025,,22.8,8.3,0.8,0.0
11/29/2025,,20.6,7.8,0.9,0.0
11/30/2025,,18.3,9.4,1.0,0.0
12/1/2025,,22.2,10.6,0.6,0.0
12/2/2025,,20.0,8.3,1.2,0.0
12/3/2025,,21.1,11.1,1.5,0.0
12/4/2025,,22.2,10.6,1.9,0.0
12/5/2025,,22.2,6.1,0.5,0.0
12/6/2025,,21.1,7.2,0.8,0.0
12/7/2025,,23.9,7.8,0.4,0.0
12/8/2025,,27.2,8.3,0.5,0.0
12/9/2025,,28.3,8.9,0.4,0.0
12/10/2025,,30.0,8.9,0.4,0.0
12/11/2025,,26.1,8.9,0.3,0.0
12/12/2025,,22.8,8.9,0.4,0.0
12/13/2025,,18.9,12.2,0.4,0.0
12/14/2025,,19.4,10.6,0.5,0.0
12/15/2025,,19.4,10.6,0.7,0.0
12/16/2025,,20.6,10.0,1.0,0.0
12/17/2025,,20.0,11.7,0.6,0.0
12/18/2025,,25.6,9.4,0.4,0.0
12/19/2025,,22.2,8.9,0.8,0.0
12/20/2025,,19.4,11.7,0.7,0.0
12/21/2025,,21.7,9.4,0.9,0.0
12/22/2025,,20.0,9.4,0.9,0.0
12/23/2025,,17.8,14.4,2.9,0.5
12/24/2025,,18.9,13.3,2.7,49.8
12/25/2025,,20.0,12.2,2.6,0.5
12/26/2025,,15.6,11.7,2.0,23.6
12/27/2025,,16.7,7.2,0.8,0.0
12/28/2025,,20.6,5.6,0.8,0.0
12/29/2025,,23.9,6.1,3.9,0.0
12/30/2025,,24.4,13.3,5.3,0.0
12/31/2025,,22.2,13.9,2.9,7.4
1/1/2026,,19.4,12.8,1.9,33.3
1/2/2026,,18.9,12.2,1.5,5.8
1/3/2026,,18.3,12.2,1.8,2.8
1/4/2026,,16.7,13.3,1.3,5.1
1/5/2026,,18.3,11.1,1.2,0.0
1/6/2026,,18.9,11.1,1.3,0.0
1/7/2026,,20.0,10.0,1.1,0.0
1/8/2026,,18.3,7.2,1.3,0.0
1/9/2026,,18.9,5.6,1.7,0.0
1/10/2026,,22.8,3.9,1.3,0.0
1/11/2026,,25.0,7.2,2.9,0.0
1/12/2026,,24.4,6.1,0.8,0.0
1/13/2026,,27.2,7.2,1.1,0.0
1/14/2026,,29.4,7.8,1.0,0.0
1/15/2026,,28.9,10.0,0.7,0.0
1/16/2026,,28.3,8.9,0.6,0.0
1/17/2026,,27.8,7.8,0.5,0.0
1/18/2026,,26.7,7.8,0.7,0.0
1/19/2026,,24.4,8.3,0.7,0.0
1/20/2026,,24.4,7.8,0.7,0.0
1/21/2026,,18.9,11.7,1.1,0.0
1/22/2026,,16.7,11.7,1.0,2.0
1/23/2026,,19.4,10.6,1.0,0.0
1/24/2026,,18.3,10.0,1.3,0.0
1/25/2026,,21.7,6.7,0.4,0.0
1/26/2026,,22.8,8.3,0.8,0.0
1/27/2026,,23.9,5.0,0.7,0.0
1/28/2026,,22.2,7.8,0.6,0.0
1/29/2026,,28.9,6.7,1.2,0.0
1/30/2026,,29.4,8.9,0.6,0.0
1/31/2026,,30.6,10.6,0.8,0.0
2/1/2026,,30.0,10.0,1.1,0.0
2/2/2026,,23.9,10.0,1.2,0.0
2/3/2026,,30.0,8.9,0.8,0.0
2/4/2026,,32.2,10.6,2.5,0.0
2/5/2026,,28.9,12.8,1.3,0.0
2/6/2026,,20.6,14.4,1.3,0.0
2/7/2026,,26.1,11.1,1.1,0.0
2/8/2026,,29.4,11.1,1.1,0.0
2/9/2026,,25.6,12.2,1.1,0.0
2/10/2026,,18.3,14.4,2.6,0.0
2/11/2026,,18.3,11.1,1.7,18.5
2/12/2026,,20.0,9.4,0.9,0.0
2/13/2026,,20.6,8.3,1.1,0.0
2/14/2026,,20.0,9.4,1.7,0.0
2/15/2026,,18.9,11.1,1.4,0.0
2/16/2026,,14.4,10.6,2.9,32.8
2/17/2026,,17.2,8.9,3.4,4.8
2/18/2026,,15.6,9.4,2.9,5.3
2/19/2026,,14.4,7.2,2.3,9.7
2/20/2026,,15.6,3.3,0.9,0.0
2/21/2026,,22.2,3.9,0.8,0.0
2/22/2026,,25.0,6.7,0.7,0.0
2/23/2026,,27.2,7.8,0.8,0.0
2/24/2026,,26.7,10.6,0.8,0.0
2/25/2026,,24.4,11.1,0.8,0.0
2/26/2026,,28.3,11.7,0.7,0.0
2/27/2026,,34.4,13.3,1.0,0.0
2/28/2026,,29.4,15.0,1.1,0.0
3/1/2026,,28.3,12.8,1.0,0.0
3/2/2026,,22.2,13.3,1.8,0.0
3/3/2026,,22.8,10.6,1.5,0.0
3/4/2026,,20.0,11.1,1.7,0.0
3/5/2026,,24.4,11.7,1.2,0.0
3/6/2026,,25.0,10.0,3.0,0.0
3/9/2026,,23.9,12.2,2.1,0.0
3/10/2026,,20.6,12.8,1.5,0.0
3/11/2026,,26.1,11.1,1.0,0.0
3/12/2026,,34.4,12.2,0.9,0.0
3/13/2026,,31.7,13.9,1.3,0.0
3/14/2026,,27.2,12.8,1.3,0.0
3/15/2026,,25.6,14.4,1.2,0.0
3/16/2026,,32.8,13.3,1.1,0.0
3/17/2026,,37.8,15.0,1.3,0.0
3/18/2026,,33.3,16.7,1.3,0.0
3/19/2026,,33.9,16.1,0.9,0.0
3/20/2026,,34.4,16.7,1.1,0.0
3/21/2026,,28.3,16.1,1.3,0.0
3/22/2026,,25.0,15.6,1.3,0.0
3/23/2026,,25.0,15.6,1.9,0.0
3/24/2026,,25.0,16.7,1.5,0.0
3/25/2026,,26.7,15.6,1.6,0.0
3/26/2026,,28.3,14.4,1.3,0.0
3/27/2026,,26.7,15.6,1.6,0.0
3/28/2026,,29.4,13.3,1.0,0.0
3/29/2026,,28.9,13.3,1.2,0.0
3/30/2026,,23.3,13.9,2.0,0.0
3/31/2026,,22.2,17.2,2.0,1.3
4/1/2026,,22.8,15.6,1.9,1.5
4/2/2026,,21.7,15.0,2.1,0.0
4/3/2026,,30.6,12.2,2.3,0.0
4/4/2026,,32.8,11.1,2.0,0.0
4/5/2026,,28.9,12.2,1.7,0.0
4/6/2026,,26.1,16.1,2.3,0.0
4/7/2026,,24.4,14.4,1.7,0.0
4/8/2026,,25.6,14.4,1.7,0.0
4/9/2026,,23.9,15.6,1.7,0.0
4/10/2026,,23.3,16.7,2.1,0.0
4/11/2026,,22.8,15.0,1.8,0.0
4/12/2026,,21.7,13.9,2.4,7.4
4/13/2026,,20.0,12.8,2.1,0.3
4/14/2026,,22.2,11.1,2.0,0.0
4/15/2026,,23.9,11.1,1.7,0.0
