incident_name,incident_dateonly_created,incident_county,incident_acres_burned,incident_latitude,incident_longitude,MONTH,DAY_OF_WEEK,SEASON,FIRE_SIZE_CAT
 Bridge Fire,2017-10-31,Shasta,37.0,40.774,-122.309,10,1,Fall,Medium
Pala Fire,2009-05-24,San Diego,122.0,1.0,1.0,5,6,Spring,Medium
River Fire,2013-02-24,Inyo,407.0,36.602575,-118.01651,2,6,Winter,Large
Fawnskin Fire,2013-04-20,San Bernardino,30.0,34.288877,-116.941311,4,5,Spring,Small
Gold Fire,2013-04-30,Madera,274.0,37.116295,-119.635004,4,1,Spring,Large
Panther Fire,2013-05-01,Tehama,6896.0,40.190062,-121.595555,5,2,Spring,Large
Silverado Fire,2013-04-30,Napa,75.0,38.441792,-122.350844,4,1,Spring,Medium
Yellow Fire,2013-05-01,Sonoma,125.0,38.638828,-122.655616,5,2,Spring,Medium
Summit Fire,2013-05-01,Riverside,2956.0,34.288877,-116.941311,5,2,Spring,Large
Tres Pinos Fire,2013-05-03,San Benito,354.0,37.160346,-120.937494,5,4,Spring,Large
306 Fire,2013-05-01,Glenn,217.0,39.514139,-122.560862,5,2,Spring,Large
Lytle Fire,2013-05-13,San Bernardino,75.0,34.1834,-117.4408,5,0,Spring,Medium
Gorgonio Fire,2013-05-04,Riverside,650.0,33.894055,-116.855019,5,5,Spring,Large
Grand Fire,2013-05-15,"Kern, Ventura",4346.0,34.7861,-118.9411,5,2,Spring,Large
54 Fire,2013-05-16,Riverside,40.0,33.655638,-116.161201,5,3,Spring,Medium
Lake Fire,2013-05-17,Los Angeles,712.0,34.49149,-118.610044,5,4,Spring,Large
Lilly 2 Fire,2013-05-19,Madera,91.0,37.1927,-119.7917,5,6,Spring,Medium
Cottontail Fire,2013-05-20,San Luis Obispo,35.0,35.49864,-120.91375,5,0,Spring,Small
Cherry Fire,2013-05-20,Riverside,25.0,33.96201,-116.907213,5,0,Spring,Small
Water Fire,2013-05-21,Riverside,90.0,33.9582,-116.6534,5,1,Spring,Medium
Shelton Fire,2013-05-30,San Joaquin,303.0,38.04993,-120.90325,5,3,Spring,Large
Border Fire,2013-05-22,San Diego,100.0,32.564465,-116.900368,5,2,Spring,Medium
San Felipe Fire,2013-05-23,San Diego,2650.0,33.12111,-116.52579,5,3,Spring,Large
Homestead Fire,2013-05-25,San Luis Obispo,50.0,35.5123,-120.6368,5,5,Spring,Medium
Smiley Fire,2013-05-25,Riverside,124.0,33.963591,-117.187934,5,5,Spring,Medium
General Fire,2013-05-26,San Diego,2500.0,33.04458,-116.5209,5,6,Spring,Large
White Fire,2013-05-27,Santa Barbara,1984.0,34.55048,-119.82429,5,0,Spring,Large
Magic Fire,2013-05-28,Los Angeles,149.0,34.419284,-118.58688,5,1,Spring,Medium
Olive Fire,2013-05-28,Santa Barbara,170.0,34.611824,-120.074655,5,1,Spring,Large
Branch Fire,2013-06-01,San Luis Obispo,500.0,35.15832,-120.05131,6,5,Summer,Large
Murphy Fire,2013-06-02,Tuolumne,100.0,37.91529,-120.33313,6,6,Summer,Medium
Lone Fire,2013-06-03,Butte,298.0,39.434183,-121.576804,6,0,Summer,Large
Hathaway Fire,2013-06-09,Riverside,0.0,33.99647,-116.84137,6,6,Summer,Small
Sonoma-Lake-Napa Unit Lightning Fires,2013-06-10,"Sonoma, Solano, Lake, Colusa",28.0,38.4229,-122.0437,6,0,Summer,Small
152 Fire,2013-06-04,Merced,124.0,37.03776,-121.006939,6,1,Summer,Medium
Lake Fire,2013-06-05,Lake,30.0,38.99233,-122.703193,6,2,Summer,Small
Powerhouse Fire,2013-05-30,Los Angeles,30274.0,34.585595,-118.423176,5,3,Spring,Large
Vasco Fire,2013-06-08,Alameda,240.0,37.775057,-121.737213,6,5,Summer,Large
Viper Fire,2013-06-08,Riverside,42.0,33.96936,-117.1265,6,5,Summer,Medium
Roadrunner Fire,2013-06-12,Amador,96.0,38.27783,-120.966016,6,2,Summer,Medium
Revis Fire,2013-06-12,Madera,75.0,37.169379,-119.75636,6,2,Summer,Medium
Clinton Fire,2013-06-13,Fresno,108.0,36.772425,-119.628389,6,3,Summer,Medium
Carstens Fire,2013-06-16,Mariposa,1708.0,37.58202,-119.91071,6,6,Summer,Large
PFE Fire,2013-06-13,Placer,237.0,38.729297,-121.380862,6,3,Summer,Large
Michelle Fire,2013-06-13,Fresno,35.0,36.763367,-119.558244,6,3,Summer,Small
Palmyrita Fire,2013-06-14,Riverside,40.0,34.001745,-117.302057,6,4,Summer,Medium
Rolling Fire,2013-06-16,Madera,480.0,37.015575,-119.78106,6,6,Summer,Large
California Fire,2013-06-18,Solano,124.0,38.08744,-122.13802,6,1,Summer,Medium
Sierra Fire,2013-06-17,Fresno,46.0,37.03087,-119.463757,6,0,Summer,Medium
George Fire,2013-06-25,Fresno,150.0,36.7218,-119.2248,6,1,Summer,Medium
Mount Fire,2013-06-20,Lake,25.0,38.98058,-122.81796,6,3,Summer,Small
Mills Fire,2013-06-28,San Bernardino,534.0,34.071556,-117.048397,6,4,Summer,Large
Concord Fire,2013-07-01,Contra Costa,274.0,39.90465,-121.74367,7,0,Summer,Large
Freeman Fire,2013-06-29,Monterey,105.0,36.1531,-120.8973,6,5,Summer,Medium
Kirker Fire,2013-07-01,Contra Costa,492.0,37.96866,-121.91453,7,0,Summer,Large
Fox Fire (formally 3-7 Fire),2013-07-03,Modoc,502.0,41.2415,-121.035,7,2,Summer,Large
Vina Fire,2013-07-04,Tehama,200.0,40.012398,-122.079871,7,3,Summer,Large
Grant Fire,2013-07-04,Alameda,50.0,37.7393,-121.5869,7,3,Summer,Medium
Fallon Fire,2013-07-06,Alameda,38.0,37.74241,-121.86216,7,5,Summer,Medium
Chariot Fire,2013-07-06,San Diego,7055.0,32.95435,-116.47381,7,5,Summer,Large
Adelaida Fire,2013-07-07,San Luis Obispo,85.0,35.62743,-120.83417,7,6,Summer,Medium
McGanney Fire,2013-07-08,Yuba,73.0,39.206,-121.31634,7,0,Summer,Medium
Fiddler Fire,2013-07-09,Shasta,43.0,40.373,-122.7338,7,1,Summer,Medium
Kyburz Fire,2013-07-08,El Dorado,572.0,38.774,-120.298,7,0,Summer,Large
Uvas Fire,2013-07-12,Santa Clara,50.0,37.1438,-121.7804,7,4,Summer,Medium
Diablo Fire,2013-07-12,Stanislaus,150.0,37.436,-121.1955,7,4,Summer,Medium
Mountain Fire,2013-07-15,Riverside,27531.0,33.7095,-116.72885,7,0,Summer,Large
Orleans Complex,2013-08-03,Humboldt,0.0,41.333,-123.376,8,5,Summer,Small
Silverwood Fire,2013-07-25,San Bernardino,75.0,34.316,-117.352,7,3,Summer,Medium
Flume Fire,2013-07-28,San Diego,25.0,32.612773,-116.707335,7,6,Summer,Small
Aspen Fire,2013-07-22,Fresno,22992.0,37.279,-119.318,7,0,Summer,Large
Salmon River Complex,2013-07-31,Siskiyou,14754.0,41.32,-123.176,7,2,Summer,Large
Branch Fire,2013-08-01,Butte,92.0,39.6612,-121.50354,8,3,Summer,Medium
Redlands Fire,2013-07-16,Riverside,150.0,33.990128,-117.164997,7,1,Summer,Medium
Relay Fire,2013-08-04,Riverside,60.0,33.91027,-116.99895,8,6,Summer,Medium
Water Fire,2013-07-23,Kern,612.0,34.90327,-118.93388,7,1,Summer,Large
Pratt Fire,2013-07-23,Mendocino,45.0,38.980846,-123.067671,7,1,Summer,Medium
Rancho Fire,2013-07-19,Kern,500.0,34.882,-118.9194,7,4,Summer,Large
Paskenta Fire,2013-07-19,Tehama,195.0,39.961309,-122.330879,7,4,Summer,Large
Lakeville Fire,2013-07-26,Sonoma,158.0,38.17693,-122.51253,7,4,Summer,Large
50 Fire,2013-07-19,"El Dorado, Sacramento",163.0,38.63987,-121.08438,7,4,Summer,Large
Heacock Fire,2013-07-19,Riverside,40.0,33.9634,-117.2508,7,4,Summer,Medium
Gilman Fire,2013-07-19,Riverside,15.0,33.94528,-117.09306,7,4,Summer,Small
Chuckwagon Fire,2013-07-22,Calaveras,31.0,37.965364,-120.696362,7,0,Summer,Small
Power Fire,2013-08-05,Tuolumne,1070.0,38.25108,-120.02778,8,0,Summer,Large
Falls Fire,2013-08-05,Riverside,1383.0,33.62236,-117.40288,8,0,Summer,Large
Tram Fire,2013-08-06,Riverside,60.0,38.838,-116.61,8,1,Summer,Medium
Indian Fire,2013-08-07,Lake,38.0,39.1591,-122.5906,8,2,Summer,Medium
Silver Fire,2013-08-07,Riverside,20292.0,33.86157,-116.90427,8,2,Summer,Large
Corral Complex,2013-08-10,Humboldt,12503.0,41.035,-123.488,8,5,Summer,Large
Cottonwood Fire,2013-08-15,Siskiyou,50.0,41.923323,-122.578393,8,3,Summer,Medium
Union Fire,2013-08-16,El Dorado,116.0,38.682378,-120.839075,8,4,Summer,Medium
Sharp Fire,2013-08-08,San Bernardino,243.0,34.35,-117.62,8,3,Summer,Large
Cloverdale Fire,2013-08-14,Shasta,27.0,40.473356,-122.48259,8,2,Summer,Small
Swedes Fire,2013-08-16,Butte,2264.0,39.446268,-121.38236,8,4,Summer,Large
American Fire,2013-08-10,Placer,27440.0,39.12,-120.65,8,5,Summer,Large
Coyote Fire,2013-08-09,Lassen,97.0,40.88886,-120.958126,8,4,Summer,Medium
Pierce Fire,2013-08-16,Riverside,40.0,33.570291,-116.10815,8,4,Summer,Medium
Double Fire,2013-08-16,Lake,70.0,39.013682,-122.491894,8,4,Summer,Medium
Bridges Fire,2013-08-17,Calaveras,46.0,38.06231,-120.45233,8,5,Summer,Medium
Cleghorn Fire,2013-08-17,San Bernardino,110.0,34.287,-117.451,8,5,Summer,Medium
Clover Fire,2013-09-09,Shasta,8073.0,40.498332,-122.535496,9,0,Fall,Large
Plumas Lightning Complex (Hough),2013-08-18,Plumas,513.0,40.00842,-120.764666,8,6,Summer,Large
Shirley Fire,2013-08-18,Kern,794.0,35.707,-118.588,8,6,Summer,Large
Burney Lightning Series (Warner Fire),2013-08-19,Shasta,196.0,40.5445,-121.3754,8,0,Summer,Large
Sierra Fire,2013-09-24,San Bernardino,200.0,34.2,-117.417,9,1,Fall,Large
Deer Fire,2013-08-23,Tehama,11429.0,40.04263,-121.85397,8,4,Summer,Large
Gobblers Fire,2013-08-20,San Bernardino,413.0,34.302,-117.598,8,1,Summer,Large
Fish Fire,2013-08-24,Tulare,2060.0,36.208,-118.444,8,5,Summer,Large
Empire Fire,2013-08-24,El Dorado,38.0,38.89555,-120.84716,8,5,Summer,Medium
Little Fire,2013-08-24,San Bernardino,97.0,33.642,-116.706,8,5,Summer,Medium
Chestnut Fire,2013-09-07,San Mateo,41.0,37.667295,-122.427285,9,5,Fall,Medium
Morgan Fire,2013-09-08,Contra Costa,3111.0,37.90757,-121.882582,9,6,Fall,Large
Angora Fire,2013-09-08,Tulare,134.0,36.258,-118.459,9,6,Fall,Medium
Liveoak Fire,2013-09-11,San Bernardino,73.0,34.003151,-117.106075,9,2,Fall,Medium
Madre Fire,2013-09-23,Los Angeles,268.0,34.149,-117.908,9,0,Fall,Large
Davis Creek Complex,2013-09-05,Modoc,97.0,41.73325,-120.375,9,3,Fall,Medium
Tyler Fire,2013-08-31,Nevada,52.0,39.333401,-121.107022,8,5,Summer,Medium
Centerville Fire,2013-08-31,Butte,80.0,39.731878,-121.713938,8,5,Summer,Medium
Rail Fire,2013-09-07,Modoc,68.0,41.569,-120.959,9,5,Fall,Medium
Rim Fire,2013-08-17,Tuolumne,257314.0,37.857,-120.086,8,5,Summer,Large
Lyon Fire,2013-09-09,San Diego,263.0,32.710918,-116.746023,9,0,Fall,Large
Lakeshore Fire,2013-09-15,Lake,30.0,38.9777,-122.683,9,6,Fall,Small
Creek Fire,2013-09-24,San Luis Obispo,94.0,35.4393,-120.8358,9,1,Fall,Medium
Highland Fire,2013-09-28,Mendocino,98.0,38.9252,-122.966,9,5,Fall,Medium
Putah Fire,2013-10-03,Napa,376.0,38.628,-122.289,10,3,Fall,Large
Crane Fire,2013-10-04,Sonoma,159.0,38.34599,-122.6503,10,4,Fall,Large
DeLuz Fire,2013-10-05,San Diego,2236.0,33.341,-117.3092,10,5,Fall,Large
Summit Fire,2013-10-04,Butte,305.0,39.439,-121.497,10,4,Fall,Large
Baker Fire,2013-10-06,Orange,40.0,33.7655,-117.6649,10,6,Fall,Medium
Capay Fire,2013-11-04,Yolo,163.0,38.67479,-122.08725,11,0,Fall,Large
Dersch Fire,2013-11-07,Shasta,33.0,40.483662,-122.140914,11,3,Fall,Small
Toro Fire,2013-11-08,San Luis Obispo,51.0,35.457978,-120.751555,11,4,Fall,Medium
Cantwell Fire,2013-11-08,Lake,120.0,38.882214,-122.567525,11,4,Fall,Medium
Silverado Fire,2013-11-21,Napa,190.0,38.382,-122.311,11,3,Fall,Large
Wheeler Fire,2013-11-14,Ventura,64.0,34.384,-119.13249,11,3,Fall,Medium
Retek Fire,2013-11-22,Mendocino,82.0,39.0442,-123.1478,11,4,Fall,Medium
McCabe Fire,2013-11-22,Sonoma,3505.0,38.8167,-122.8498,11,4,Fall,Large
Bruner Fire,2013-11-23,Lake,50.0,39.0448,-122.7656,11,5,Fall,Medium
Dam Fire,2013-11-23,Lake,23.0,38.9289,-122.5818,11,5,Fall,Small
Grant Fire,2013-12-31,Santa Clara,40.0,37.342186,-121.717706,12,1,Winter,Medium
Campbell Fire,2014-01-02,Tehama,865.0,40.134597,-121.790183,1,3,Winter,Large
Colby Fire,2014-01-16,Los Angeles,1952.0,34.1703,-117.8816,1,3,Winter,Large
Red Fire,2014-01-04,Humboldt,333.0,40.884415,-123.773779,1,5,Winter,Large
Lake Fire,2014-01-25,Fresno,106.0,36.8266,-119.3415,1,5,Winter,Medium
Gun Fire,2014-03-08,San Diego,125.0,32.81,-116.49,3,5,Spring,Medium
Encinal Fire,2014-03-19,Monterey,400.0,36.6313,-121.4819,3,2,Spring,Large
Van Buren Fire,2014-03-28,Riverside,57.0,33.5982,-116.1985,3,4,Spring,Medium
Bridges Fire,2014-04-19,Inyo,113.0,37.399,-118.352,4,5,Spring,Medium
Etiwanda Fire,2014-04-30,San Bernardino,2143.0,34.169346,-117.547374,4,2,Spring,Large
Jacumba Fire,2014-05-05,San Diego,29.0,32.665,-116.222,5,0,Spring,Small
Bernardo Fire,2014-05-13,San Diego,1548.0,33.003,-117.133,5,1,Spring,Large
San Lucas Fire,2014-04-30,Monterey,75.0,36.103,-121.117,4,2,Spring,Medium
Miguelito Fire,2014-05-13,Santa Barbara,632.0,34.609,-120.454,5,1,Spring,Large
Tomahawk Fire,2014-05-14,San Diego,5367.0,33.3529,-117.284889,5,2,Spring,Large
San Mateo Fire,2014-05-16,San Diego,1457.0,33.417572,-117.550567,5,4,Spring,Large
Highway Fire,2014-05-14,San Diego,380.0,33.312,-117.162,5,2,Spring,Large
Fiddler Fire,2014-05-14,Shasta,50.0,40.39,-122.721,5,2,Spring,Medium
Cocos Fire,2014-05-14,San Diego,1995.0,33.1137,-117.1599,5,2,Spring,Large
Poinsettia Fire,2014-05-14,San Diego,600.0,33.1109,-117.279,5,2,Spring,Large
Indian Fire,2014-05-25,Lake,175.0,39.1647,-122.5983,5,6,Spring,Large
59 Fire,2014-06-04,Tuolumne,402.0,37.76617,-120.45087,6,2,Summer,Large
Hetch Hetchy Fire,2014-06-05,Tuolumne,269.0,37.787,-120.452,6,3,Summer,Large
Hall Fire,2014-06-11,Fresno,25.0,36.742747,-119.241493,6,2,Summer,Small
Morgan Fire,2014-06-09,Fresno,40.0,36.991825,-119.525506,6,0,Summer,Medium
Norman Fire,2014-06-12,Solano,70.0,121.999,38.453,6,3,Summer,Medium
Haigh Fire,2014-06-10,Mariposa,130.0,37.7103,-120.197,6,1,Summer,Medium
Shirley Fire,2014-06-13,Kern,3895.0,35.70683,-118.555527,6,4,Summer,Large
Tehama Fire,2014-06-13,Tehama,225.0,40.009827,-122.345078,6,4,Summer,Large
Reed Fire,2014-06-20,Calaveras,120.0,120.679019,38.178241,6,4,Summer,Medium
Oak Fire,2014-06-22,Calaveras,85.0,38.058,-120.66,6,6,Summer,Medium
Butts Fire,2014-07-01,"Napa, Lake",4300.0,38.664,-122.454,7,1,Summer,Large
Bible Fire,2014-07-09,El Dorado,30.0,38.608336,-120.703238,7,2,Summer,Small
Bully Fire,2014-07-11,Shasta,12661.0,40.4314,-122.750788,7,4,Summer,Large
Monticello Fire,2014-07-04,Yolo,6488.0,38.512,-122.104,7,4,Summer,Large
Gulch Fire,2014-07-03,Modoc,1469.0,41.489,-120.904,7,3,Summer,Large
Modoc Lightning Complex,2014-07-01,Modoc,1651.0,41.89,-120.79,7,1,Summer,Large
West Fire,2014-07-01,Trinity,15.0,40.41,-123.24,7,1,Summer,Small
Banner Fire,2014-07-03,San Diego,217.0,33.078948,-116.576454,7,3,Summer,Large
Marsh Fire,2014-07-11,Contra Costa,80.0,37.5359,-121.5118,7,4,Summer,Medium
Cassel Fire,2014-07-05,Shasta,75.0,40.5719,-121.3415,7,5,Summer,Medium
Interlake Fire,2014-07-07,San Luis Obispo,47.0,35.8218,-121.0226,7,0,Summer,Medium
Hutto Fire,2014-07-07,Nevada,38.0,39.1871,-121.2687,7,0,Summer,Medium
Dry Fire,2014-07-09,Shasta,143.0,40.6569,-122.2215,7,2,Summer,Medium
Nicolls Fire ,2014-07-11,Kern,1680.0,35.642,-118.15,7,4,Summer,Large
Wildlife Fire,2014-07-14,Butte,72.0,39.4664,-121.6129,7,0,Summer,Medium
Sand Fire,2014-07-25,"Amador, El Dorado",4240.0,38.5691,-120.7819,7,4,Summer,Large
Bald Fire,2014-07-30,Shasta,39736.0,40.901,-121.368,7,2,Summer,Large
Day Fire,2014-07-30,Modoc,13153.0,41.1336,-121.2144,7,2,Summer,Large
Oregon Gulch Fire (part of the Beaver Complex),2014-07-30,Siskiyou,35302.0,42.048,-122.345,7,2,Summer,Large
Eiler Fire,2014-07-31,Shasta,32416.0,40.72,-121.562,7,3,Summer,Large
Coffee Fire,2014-07-30,Shasta,6258.0,41.141,-122.805,7,2,Summer,Large
Little Deer Fire,2014-07-31,Siskiyou,5503.0,41.682,-122.127,7,3,Summer,Large
Leopard Fire,2014-08-29,Shasta,25.0,40.0,29.24,8,4,Summer,Small
Pines Fire,2014-08-26,Madera,10.0,37.0,18.4,8,1,Summer,Small
Junction Fire,2014-08-18,Madera,612.0,37.3433,-119.6581,8,0,Summer,Large
Little Fire,2014-08-12,Modoc,101.0,41.507,-121.266,8,1,Summer,Medium
Happy Camp Complex,2014-08-11,Siskiyou,0.0,41.796,-123.374,8,0,Summer,Small
Border Fire,2014-08-16,San Diego,20.0,32.59154,-116.89516,8,5,Summer,Small
Shoemaker Fire,2014-08-14,Los Angeles,190.0,34.235,-117.771,8,3,Summer,Large
Tecolote Fire,2014-08-17,Los Angeles,274.0,34.267,-117.867,8,6,Summer,Large
Boca Fire,2014-08-18,Nevada,84.0,39.3918,-120.0805,8,0,Summer,Medium
Way Fire,2014-08-18,Kern,4045.0,35.7206,-118.4747,8,0,Summer,Large
Oregon Fire,2014-08-24,Trinity,461.0,40.7412,-122.946,8,6,Summer,Large
Gulch Fire,2014-09-10,Shasta,1375.0,40.7101,-122.171,9,2,Fall,Large
Jackson Fire,2014-09-04,Tuolumne,70.0,37.8316,-120.3434,9,3,Fall,Medium
Bald Hill 3 Fire,2014-09-12,Humboldt,210.0,41.134,-123.753,9,4,Fall,Large
Stage Coach Fire,2014-09-11,Napa,27.0,38.695961,-122.384054,9,3,Fall,Small
Dog Rock Fire,2014-10-07,Mariposa,311.0,37.0,40.34,10,1,Fall,Large
King Fire,2014-09-13,El Dorado,97717.0,38.805437,-120.629714,9,5,Fall,Large
Stephens Fire,2015-02-24,Siskiyou,200.0,41.485,-121.851,2,1,Winter,Large
Silverado Fire,2014-09-12,Orange,968.0,33.748,-117.601,9,4,Fall,Large
Dog Bar Fire,2014-09-13,Nevada,247.0,39.113682,-120.999508,9,5,Fall,Large
Courtney Fire,2014-09-14,Madera,320.0,37.311915,-119.604124,9,6,Fall,Large
Boles Fire,2014-09-15,Siskiyou,516.0,41.42384,-122.37432,9,0,Fall,Large
Bane Fire,2014-10-16,San Bernardino,48.0,33.93869,-117.70643,10,3,Fall,Medium
Irene Fire,2014-09-14,El Dorado,94.0,38.59,-120.028,9,6,Fall,Medium
Cascade Fire,2014-09-25,El Dorado,20.0,38.9195001,-120.1140659,9,3,Fall,Small
Otay Fire,2015-06-26,San Diego,80.0,32.6449163,-116.9454387,6,4,Summer,Medium
Ward Fire,2015-04-13,Plumas,137.0,40.05083333,-120.7016667,4,0,Spring,Medium
Highway Fire,2015-04-18,Riverside,1049.0,33.884313,-117.642759,4,5,Spring,Large
Forebay Fire,2015-05-11,Merced,692.0,37.08312,-121.06963,5,0,Spring,Large
Bald Fire,2015-06-10,Humboldt,20.0,41.1513,-123.8292,6,2,Summer,Small
Saddle Fire ,2015-06-10,Trinity,1542.0,40.924,-123.168,6,2,Summer,Large
Pass Fire,2015-06-15,Kern,67.0,35.77937,-120.19482,6,0,Summer,Medium
Chiles Fire,2015-06-16,Napa,38.0,38.5287,-122.3415,6,1,Summer,Medium
North Fire,2015-06-16,Amador,60.0,38.260777,-121.135426,6,1,Summer,Medium
Fork Fire,2015-06-17,Tehama,55.0,40.0133,-122.552,6,2,Summer,Medium
Wildcat Fire,2015-06-17,San Diego,171.0,32.9421,-116.8534,6,2,Summer,Large
Lake Fire,2015-06-17,San Bernardino,31359.0,34.16027778,-116.8927778,6,2,Summer,Large
Cook Fire,2015-06-18,Yuba,158.0,39.2688,-121.26471,6,3,Summer,Large
Corrine Fire,2015-06-18,Madera,920.0,37.165767,-119.523943,6,3,Summer,Large
Red Fire,2015-06-21,Madera,135.0,37.072561,-119.6958,6,6,Summer,Medium
Dixie Fire,2015-06-19,Lassen,60.0,40.875667,-121.033667,6,4,Summer,Medium
Washington Fire,2015-06-19,Alpine,0.0,38.598056,-119.751944,6,4,Summer,Small
Calgrove Fire ,2015-06-24,Los Angeles,415.0,34.361007,-118.535793,6,2,Summer,Large
Sterling Fire,2015-06-25,San Bernardino,100.0,34.165974,-117.243878,6,3,Summer,Medium
Pleasure Fire,2015-06-27,Napa,19.0,38.519132,-122.181878,6,5,Summer,Small
Covelo Fire,2015-06-28,Mendocino,35.0,39.7806004,-123.248214,6,6,Summer,Small
Black Fire,2015-07-04,Tehama,170.0,39.8448,-122.3638,7,5,Summer,Large
Soda Fire,2015-07-04,Mendocino,23.0,39.0263,-123.303,7,5,Summer,Small
Sky Fire,2015-07-06,Solano,150.0,38.4113,-122.0789,7,0,Summer,Medium
Ascot Fire,2015-07-10,Solano,40.0,38.1029,-122.1578,7,4,Summer,Medium
Keswick Fire,2015-07-07,Shasta,18.0,40.5953,-122.4397,7,1,Summer,Small
Mill 2 Fire,2015-07-12,San Bernardino,54.0,34.0783472,-117.0487863,7,6,Summer,Medium
Deer Fire,2015-07-10,San Luis Obispo,95.0,35.7183,-121.0157,7,4,Summer,Medium
Spider Fire,2015-07-12,Riverside,21.0,33.986204,-117.43942,7,6,Summer,Small
241 Fire,2015-07-13,Orange,214.0,33.7626,-117.7274,7,0,Summer,Large
Cooley Fire,2015-07-13,Siskiyou,181.0,41.8048,-122.5029,7,0,Summer,Large
Lake Fire,2015-07-16,San Diego,25.0,33.21407,-116.73472,7,3,Summer,Small
North Fire,2015-07-17,San Bernardino,4250.0,34.339,-117.478,7,4,Summer,Large
Pines Fire ,2015-07-17,Los Angeles,200.0,34.367,-117.683,7,4,Summer,Large
Betabel Fire,2015-07-20,San Benito,25.0,36.8727,-121.5681,7,0,Summer,Small
Triple Fire,2015-07-21,Tulare,430.0,36.085212,-118.824235,7,1,Summer,Large
Dorris Fire,2015-07-21,Siskiyou,24.0,41.999341,-121.891226,7,1,Summer,Small
Wragg Fire,2015-07-22,Napa,8051.0,38.4994,-122.1145,7,2,Summer,Large
Creek Fire,2016-10-10,Napa,65.0,38.40958,-122.43172,10,0,Fall,Medium
Baxter Fire,2015-07-22,Placer,26.0,38.9361,-121.1548,7,2,Summer,Small
Kyburz Fire,2015-07-23,El Dorado,75.0,38.776,-120.404,7,3,Summer,Medium
3-11 Fire,2015-07-23,Modoc,116.0,41.29226,-121.172117,7,3,Summer,Medium
3-12 Fire,2015-07-23,Modoc,77.0,40.856422,-121.101623,7,3,Summer,Medium
Cutca Fire,2015-07-24,San Diego,167.0,33.383889,-116.868611,7,4,Summer,Large
Park Fire,2015-07-24,San Diego,25.0,32.682547,-116.51684,7,4,Summer,Small
Lowell Fire,2015-07-25,Nevada,2304.0,39.192088,-120.882313,7,5,Summer,Large
Queen Fire,2015-07-24,Humboldt,158.0,41.295667,-123.784067,7,4,Summer,Large
Willow Fire,2015-07-25,Madera,5702.0,37.279722,-119.50014,7,5,Summer,Large
Mark Fire,2015-08-13,Calaveras,114.0,38.052,-120.5577,8,3,Summer,Medium
Sullivan Fire,2015-07-28,Stanislaus,40.0,37.24523,-121.20324,7,1,Summer,Medium
Buck Fire,2015-07-28,Humboldt,16.0,40.1093,-123.774,7,1,Summer,Small
Cabin Fire,2015-07-19,Tulare,6980.0,36.24,-118.54,7,6,Summer,Large
Swedes Fire,2015-07-29,Butte,400.0,39.43963,-121.38794,7,2,Summer,Large
Rocky Fire,2015-07-29,Lake,69636.0,38.8863538,-122.4762475,7,2,Summer,Large
Mallard Fire,2015-07-29,Shasta,75.0,40.509552,-122.199227,7,2,Summer,Medium
China Fire,2015-07-29,Shasta,212.0,40.415108,-122.439939,7,2,Summer,Large
Big Creek Fire,2015-07-29,Tuolumne,204.0,37.823,-120.15644,7,2,Summer,Large
Tulloch Fire,2015-08-15,Tuolumne,112.0,37.83618,-120.61691,8,5,Summer,Medium
Vasco Fire,2015-07-30,Contra Costa,195.0,37.81629,-121.68113,7,3,Summer,Large
Sprig Fire,2015-07-30,Shasta,90.0,40.49865,-122.20109,7,3,Summer,Medium
Advance Fire,2015-07-30,Tulare,86.0,36.49845,-118.9009,7,3,Summer,Medium
Mendocino Lightning Fires,2015-07-30,Mendocino,50.0,39.43301,-123.36316,7,3,Summer,Medium
Anza Fire,2015-08-10,Riverside,500.0,33.5736,-116.5387,8,0,Summer,Large
Frog Fire,2015-07-30,Modoc,4863.0,41.399,-121.392,7,3,Summer,Large
Fern Fire,2015-08-02,Shasta,75.0,40.67868,-121.93244,8,6,Summer,Medium
White Fire,2015-08-01,Santa Barbara,52.0,34.9522,-120.2903,8,5,Summer,Medium
Francis Fire,2015-08-03,Yuba,30.0,39.33303,-121.18735,8,0,Summer,Small
Point Fire,2015-08-03,Shasta,59.0,40.3929,-122.40546,8,0,Summer,Medium
Dodge Fire,2015-08-03,Lassen,10570.0,40.938,-120.105,8,0,Summer,Large
De Luz Fire,2015-08-09,San Diego,55.0,33.4115972,-117.2886249,8,6,Summer,Medium
36 Fire,2015-08-08,Tehama,110.0,40.3506868,-121.7786799,8,5,Summer,Medium
Jerusalem Fire,2015-08-09,"Lake, Napa",25118.0,38.8142503,-122.4867319,8,6,Summer,Large
Cuesta Fire,2015-08-16,San Luis Obispo,2446.0,35.3477,-120.6269,8,6,Summer,Large
Horse Fire,2015-08-18,Humboldt,146.0,40.1058823,-124.0720419,8,1,Summer,Medium
Tesla Fire,2015-08-19,Alameda,2850.0,37.3845,-121.3732,8,2,Summer,Large
Grade Fire,2015-08-24,Lake,22.0,38.831478,-122.53428,8,0,Summer,Small
Peterson Fire,2015-08-22,Lake,215.0,38.925764,-122.879272,8,5,Summer,Large
Summit Fire,2015-08-23,San Bernardino,55.0,34.23,-116.883,8,6,Summer,Medium
Democrat Fire,2015-08-25,Trinity,128.0,40.724898,-122.96174,8,1,Summer,Medium
Elk Fire,2015-09-02,Lake,673.0,55.23,-122.0,9,2,Fall,Large
Olive Fire,2015-09-02,Butte,72.0,26.42,-121.0,9,2,Fall,Medium
Kramer Fire ,2015-08-29,Lassen,30.0,41.12362,-121.194256,8,5,Summer,Small
Oak Fire,2015-09-08,Tuolumne,108.0,38.04684,-120.30188,9,1,Fall,Medium
Browns Fire,2015-09-08,Trinity,35.0,40.0,41.46,9,1,Fall,Small
Center Fire,2015-09-09,Lassen,40.0,40.400196,-120.553075,9,2,Fall,Medium
Creek Fire,2015-09-09,Fresno,170.0,40.400196,-120.553075,9,2,Fall,Large
Butte Fire,2015-09-09,Butte,70868.0,38.32974,-120.70418,9,2,Fall,Large
Lumpkin Fire,2015-09-11,Butte,1040.0,39.5218,-121.3363,9,4,Fall,Large
Walker Fire,2015-09-11,Shasta,109.0,40.47512,-122.52541,9,4,Fall,Medium
Munjar Fire,2015-10-02,Butte,104.0,39.8707,-121.8938,10,4,Fall,Medium
Rough Fire ,2015-07-31,Fresno,151623.0,36.874,-118.905,7,4,Summer,Large
Taglio Fire,2016-04-24,Merced,30.0,37.2171,-121.08036,4,6,Spring,Small
Potrero Fire,2015-11-07,Ventura,50.0,34.15,-118.879444,11,5,Fall,Medium
Cienega Fire,2015-10-12,San Benito,690.0,36.70854,-121.32734,10,0,Fall,Large
Gibraltar Fire,2015-10-29,Santa Barbara,21.0,34.4828,-119.63216,10,3,Fall,Small
McCourtney Fire,2015-09-22,Nevada,30.0,39.081,-121.194,9,1,Fall,Small
Tassajara Fire,2015-09-19,Monterey,1086.0,36.3699644,-121.589554,9,5,Fall,Large
Laureles Fire,2015-09-19,Monterey,95.0,36.5696373,-121.7556029,9,5,Fall,Medium
Gorman Fire,2016-04-19,Los Angeles,0.0,34.6888731,-118.7892593,4,1,Spring,Small
Tulloch Fire,2016-05-30,Tuolumne,85.0,37.927613,-120.528836,5,0,Spring,Medium
Metz Fire,2016-05-22,Monterey,3876.0,36.38123,-121.20059,5,6,Spring,Large
Wheatland Fire,2016-05-23,Los Angeles,156.0,34.276,-118.354,5,0,Spring,Large
DeWolf Fire,2016-05-25,Fresno,278.0,36.88286,-119.654,5,2,Spring,Large
Coe Fire,2016-06-07,Stanislaus,120.0,37.17072,-121.42238,6,1,Summer,Medium
Dunstone Fire,2016-05-27,Butte,91.0,39.33035,-121.78973,5,4,Spring,Medium
70 Fire,2016-05-29,Butte,30.0,39.624017,-121.595093,5,6,Spring,Small
Shedd Fire,2016-05-10,San Luis Obispo,150.0,35.61961,-120.39993,5,1,Spring,Medium
Bryson Fire,2016-05-12,Monterey,25.0,35.8378273,-121.0381507,5,3,Spring,Small
Avocado Fire,2016-05-15,Fresno,132.0,36.78769,-119.38248,5,6,Spring,Medium
Athens Fire,2016-05-17,Placer,169.0,38.8390117,-121.3090268,5,1,Spring,Large
Pala Fire,2016-05-31,San Diego,70.0,33.41639,-117.08829,5,1,Spring,Medium
Chimney Fire,2016-06-01,Tulare,0.0,35.84883,-118.08591,6,2,Summer,Small
Coal Fire,2016-06-20,Butte,112.0,39.595,-121.6008,6,0,Summer,Medium
Frazier Fire,2016-06-27,San Luis Obispo,86.0,35.70821,-120.82266,6,0,Summer,Medium
Campo Fire,2016-06-27,Calaveras,33.0,38.22017,-120.8678,6,0,Summer,Small
Paskenta Fire,2016-06-21,Tehama,43.0,39.93965,-122.40142,6,1,Summer,Medium
Moore Fire,2016-06-21,Placer,88.0,38.86804,-121.37704,6,1,Summer,Medium
Aukum Fire,2016-06-03,El Dorado,25.0,38.64107,-120.6955,6,4,Summer,Small
Hidden Fire,2016-06-03,San Benito,30.0,36.80296,-121.40304,6,4,Summer,Small
Clay Fire,2016-06-03,Sacramento,32.0,38.3131,-121.06452,6,4,Summer,Small
Temecula Fire,2016-06-04,Riverside,139.0,33.476894,-117.140883,6,5,Summer,Medium
Coleman Fire,2016-06-04,Monterey,2520.0,36.01542,-121.25029,6,5,Summer,Large
Soda Fire,2016-06-04,San Luis Obispo,0.0,35.01382,-119.58206,6,5,Summer,Small
Keswick Fire,2016-06-11,Shasta,24.0,40.61388,-122.46777,6,5,Summer,Small
Camanche Fire,2016-06-17,Amador,210.0,38.26874,-120.90265,6,4,Summer,Large
Border Fire,2016-06-19,San Diego,7609.0,32.60729,-116.63028,6,6,Summer,Large
Arroyo Fire,2016-06-18,Monterey,70.0,36.2833,-121.3306,6,5,Summer,Medium
Hoag Fire,2016-06-11,Tehama,80.0,39.7947,-121.857,6,5,Summer,Medium
Cotton Fire,2016-06-11,Kern,61.0,35.77135,-120.251,6,5,Summer,Medium
Old Fire,2016-06-12,San Benito,83.0,36.49914,-121.04993,6,6,Summer,Medium
Pony Fire,2016-06-07,Siskiyou,2860.0,41.623,-123.557,6,1,Summer,Large
Sherpa Fire,2016-06-15,Santa Barbara,7474.0,34.776,-119.643,6,2,Summer,Large
Creek Fire,2016-06-26,Yolo,277.0,38.69971,-122.15457,6,6,Summer,Large
70 Fire,2016-06-21,Butte,49.0,39.43351,-121.6051,6,1,Summer,Medium
Erskine Fire,2016-06-23,Kern,48019.0,35.6115,-118.45628,6,3,Summer,Large
Lowe Fire,2016-06-23,Monterey,52.0,36.1934,-120.9293,6,3,Summer,Medium
Dinosaur Fire,2016-06-25,Merced,1246.0,37.07147,-121.20155,6,5,Summer,Large
Laguna Fire,2016-06-26,Orange,47.0,33.57872,-117.77395,6,6,Summer,Medium
Grant Fire,2016-06-25,Alameda,211.0,37.74369,-121.58677,6,5,Summer,Large
Marina Fire,2016-06-25,Mono,650.0,37.97,-119.14,6,5,Summer,Large
Reservoir Fire,2016-06-26,Lake,215.0,39.12366,-122.50373,6,6,Summer,Large
Trailhead Fire,2016-06-28,"El Dorado, Placer",5645.0,38.96741,-120.9375,6,1,Summer,Large
Rancho Fire,2016-06-28,Amador,372.0,38.385,-121.003611,6,1,Summer,Large
Big Fire,2016-07-11,Fresno,188.0,36.92244,-119.39619,7,0,Summer,Large
Sage Fire,2016-07-09,Los Angeles,1100.0,34.36763,-118.57245,7,5,Summer,Large
Mercury Fire,2016-07-09,San Benito,95.0,5487.0,-120.841536,7,5,Summer,Medium
Fort Fire,2016-07-08,Kern,554.0,34.913,118.9082,7,4,Summer,Large
Fiddler Fire,2016-07-08,Shasta,303.0,40.36873,-122.72913,7,4,Summer,Large
Colyear Fire,2016-06-30,Tehama,464.0,40.0353,-122.56939,6,3,Summer,Large
Deer Fire,2016-07-01,Kern,1785.0,35.20993,-118.72272,7,4,Summer,Large
Pine Fire,2016-06-30,Ventura,2304.0,34.701,-119.144,6,3,Summer,Large
Flores Fire,2016-07-01,Tehama,88.0,40.07846,-122.2071,7,4,Summer,Medium
Curry Fire,2016-07-01,Fresno,2944.0,36.0749,-120.452041,7,4,Summer,Large
Lone Pine Fire,2016-07-01,Inyo,30.0,36.58972,-118.15589,7,4,Summer,Small
Appaloosa Fire,2016-07-02,Calaveras,310.0,38.02845,-120.61153,7,5,Summer,Large
Scott Fire,2016-07-10,Sacramento,87.0,38.517772,-121.103642,7,6,Summer,Medium
Frame Fire,2016-07-04,Fresno,145.0,36.14161,-120.62048,7,0,Summer,Medium
Broken Fire,2016-07-04,Madera,103.0,37.25601,-119.65776,7,0,Summer,Medium
Kuehner Fire,2016-07-01,Ventura,45.0,34.27619,-118.63264,7,4,Summer,Medium
Shelter Fire,2016-07-11,Ventura,15.0,33.11645,-116.58542,7,0,Summer,Small
Pacheco Fire,2016-07-12,Calaveras,341.0,38.08056,-120.81394,7,1,Summer,Large
Stagecoach Fire,2016-07-12,Calaveras,35.0,37.96311,-120.67335,7,1,Summer,Small
Dunnigan Fire,2016-07-15,Yolo,84.0,38.8866,-122.04726,7,4,Summer,Medium
Onyx Fire,2016-07-13,Kern,221.0,35.68313,-118.21793,7,2,Summer,Large
Sherwood Fire,2016-07-13,Ventura,78.0,36.92244,-119.39619,7,2,Summer,Medium
Famoso Fire,2016-07-15,Kern,138.0,35.60748,-118.94811,7,4,Summer,Medium
Green Fire,2016-07-15,Fresno,123.0,37.0099,-119.5792,7,4,Summer,Medium
Feather Fire,2016-07-18,San Diego,100.0,32.9612,-116.7945,7,0,Summer,Medium
Foothill Fire,2016-07-19,Lake,69.0,39.0863,-122.7891,7,1,Summer,Medium
Bailey Fire,2016-07-19,Siskiyou,26.0,41.96191,-122.59328,7,1,Summer,Small
Goose Fire,2016-07-30,Fresno,2241.0,37.01591,-119.50507,7,5,Summer,Large
Baker Fire,2016-07-21,Calaveras,57.0,37.98171,-120.64241,7,3,Summer,Medium
Oak Fire,2016-07-22,Solano,57.0,38.33475,-122.02564,7,4,Summer,Medium
Roblar Fire,2016-07-21,San Diego,1245.0,33.393,-117.35093,7,3,Summer,Large
Table Fire,2016-07-21,Siskiyou,23.0,41.71847,-122.36924,7,3,Summer,Small
Bradley Fire,2016-07-22,Monterey,100.0,35.85093,-120.81081,7,4,Summer,Medium
Soberanes Fire,2016-07-22,Monterey,132127.0,36.45994,-121.89938,7,4,Summer,Large
Holy Fire,2016-08-31,Orange,150.0,33.6542,-117.5221,8,2,Summer,Medium
Ken Fire,2016-09-03,San Bernardino,20.0,34.25858,-117.4415,9,5,Fall,Small
Saddle Fire,2016-09-05,Butte,800.0,39.6871,-121.571,9,0,Fall,Large
Ruff Fire ,2016-09-10,Mendocino,50.0,39.7299,-123.5044,9,5,Fall,Medium
Spring Fire,2016-09-07,San Bernardino,50.0,34.3183,-117.3189,9,2,Fall,Medium
Phoenix Fire,2016-09-07,Nevada,38.0,39.39051,-120.51887,9,2,Fall,Medium
Lake Fire,2016-09-10,Shasta,75.0,40.68192,-122.4096,9,5,Fall,Medium
Storksbill Fire,2016-07-22,El Dorado,50.0,38.79549,-121.00299,7,4,Summer,Medium
Rock Fire,2016-07-22,San Diego,28.0,33.00056,-116.9571,7,4,Summer,Small
Franklin Fire,2016-07-24,Contra Costa,40.0,38.01264,-122.1885,7,6,Summer,Medium
Fork Fire,2016-07-29,Madera,38.0,37.24006,-119.4741,7,4,Summer,Medium
Frymire Fire,2016-07-30,Tuolumne,32.0,37.81434,-120.69521,7,5,Summer,Small
Sierra Fire,2016-07-30,Santa Clara,114.0,37.41896,-121.79669,7,5,Summer,Medium
Gopher Fire,2016-08-10,San Diego,35.0,33.22558,-117.14547,8,2,Summer,Small
Baker Fire,2016-08-03,Tehama,80.0,40.19611,-122.26736,8,2,Summer,Medium
99 Fire,2016-08-02,Butte,520.0,39.6708,-121.7192,8,1,Summer,Large
Cold Fire,2016-08-02,Yolo,5731.0,38.52513,-122.06788,8,1,Summer,Large
Hart Fire,2016-08-04,Kern,100.0,35.24504,-118.60344,8,3,Summer,Medium
Grub Fire,2016-08-04,Madera,85.0,37.3228,-119.7738,8,3,Summer,Medium
Deer Fire,2016-08-05,Amador,26.0,38.2581,-120.8657,8,4,Summer,Small
Oak Fire,2016-08-12,Santa Clara,25.0,37.06531,-121.68577,8,4,Summer,Small
Pilot Fire,2016-08-07,San Bernardino,8110.0,34.28771,-117.27338,8,6,Summer,Large
Kugelman Fire,2016-08-09,Lake,45.0,36.09974,-120.51057,8,1,Summer,Medium
Knoxville Fire,2016-08-09,Lake,36.0,38.68403,-122.26015,8,1,Summer,Medium
Mineral Fire,2016-08-08,Fresno,7050.0,36.09974,-120.51057,8,0,Summer,Large
Blue Cut Fire,2016-08-16,San Bernardino,36274.0,34.30372,-117.49342,8,1,Summer,Large
Mountain Fire,2016-08-09,Shasta,35.0,40.61213,-122.47091,8,1,Summer,Small
Summit Fire,2016-08-12,Humboldt,21.0,40.9878,-123.77832,8,4,Summer,Small
Chimney Fire,2016-08-13,San Luis Obispo,46235.0,35.70595,-120.98316,8,5,Summer,Large
Clayton Fire,2016-08-13,Lake,3929.0,38.89741,-122.60664,8,5,Summer,Large
Cedar Fire,2016-08-16,Kern,29322.0,35.7506,-118.5678,8,1,Summer,Large
Stafford Fire,2016-08-11,Humboldt,23.0,40.4572,-124.05804,8,3,Summer,Small
Boys Fire,2016-09-11,Sacramento,40.0,38.558,-121.1309,9,6,Fall,Medium
Mokelumne Fire,2016-08-18,Alpine,0.0,38.57554,-120.00606,8,3,Summer,Small
Sunny Fire,2016-09-03,Fresno,158.0,36.84479,-119.34487,9,5,Fall,Large
Oak Fire,2016-09-01,Santa Clara,25.0,37.11831,-121.69784,9,3,Fall,Small
Beale Fire,2016-08-18,Yuba,389.0,36.16965,-121.38775,8,3,Summer,Large
Mina Fire,2016-08-30,Mendocino,36.0,39.8748511,-123.4267011,8,1,Summer,Medium
Havilah Fire,2016-08-28,Kern,304.0,35.4976,-118.5097,8,6,Summer,Large
Gap Fire,2016-08-27,Siskiyou,33867.0,41.851,-123.118,8,5,Summer,Large
Bird Fire,2016-08-20,San Joaquin,147.0,37.62215,-121.36665,8,5,Summer,Medium
Tully Fire,2016-08-22,Humboldt,599.0,41.28486,-123.82268,8,0,Summer,Large
Willard Fire,2016-09-11,Lassen,2575.0,40.3915,-120.7845,9,6,Fall,Large
Santos Fire,2016-08-26,Butte,88.0,39.79547,-121.71662,8,4,Summer,Medium
Willow Fire,2016-08-28,Calaveras,450.0,38.1874,-120.6381,8,6,Summer,Large
Tule Fire,2016-08-22,Tulare,395.0,36.1648,-118.73906,8,0,Summer,Large
Grade Fire,2016-08-24,Siskiyou,710.0,41.7813,-122.611,8,2,Summer,Large
Howard Fire,2016-09-11,Modoc,380.0,41.4657,-120.9066,9,6,Fall,Large
Range Fire,2016-08-26,Kern,600.0,35.2013,-118.7212,8,4,Summer,Large
Mockingbird Fire,2016-08-30,Lake,20.0,39.1408865,-122.9148951,8,1,Summer,Small
Moffett Fire,2016-09-12,Siskiyou,32.0,41.6314,-122.7933,9,0,Fall,Small
Old Fire,2016-09-16,Butte,30.0,39.8851,-121.6998,9,4,Fall,Small
Hog Fire,2016-09-13,Tehama,321.0,40.30594,-122.1295,9,1,Fall,Large
Old Fire,2016-09-13,Del Norte,150.0,37.75972,-120.029626,9,1,Fall,Medium
Auburn Fire,2016-09-17,Nevada,47.0,39.20427,-121.05948,9,5,Fall,Medium
Owens River Fire,2016-09-17,Inyo,5443.0,37.75985,-118.95309,9,5,Fall,Large
Soup Complex,2016-09-17,Modoc,2652.0,41.2649,-120.3178,9,5,Fall,Large
Canyon Fire,2016-09-17,Santa Barbara,12518.0,34.63445,-120.54421,9,5,Fall,Large
Washington Fire,2016-09-22,Santa Barbara,215.0,34.75134,-120.55297,9,3,Fall,Large
Bangor Fire,2016-09-22,Butte,130.0,39.4403,-121.42647,9,3,Fall,Medium
Butte Fire,2016-09-20,Sutter,300.0,39.188321,-121.78003,9,1,Fall,Large
Bell Fire,2016-09-23,Amador,45.0,38.5212,-120.8416,9,4,Fall,Medium
Marshes Fire,2016-09-26,Tuolumne,1080.0,37.79635,-120.32484,9,0,Fall,Large
Newmark Fire,2016-09-23,Fresno,70.0,36.6543,-119.5327,9,4,Fall,Medium
Cow Fire,2016-09-25,Shasta,100.0,40.0,-121.93923,9,6,Fall,Medium
Sawmill Fire,2016-09-25,Sonoma,1547.0,38.80017,-122.82895,9,6,Fall,Large
Tobin Fire,2016-09-26,Plumas,248.0,39.92,-121.32,9,0,Fall,Large
Loma Fire,2016-09-26,Santa Clara,4474.0,37.10632,-121.85318,9,0,Fall,Large
Sacata Fire,2016-10-11,Fresno,2100.0,36.94536,-119.25959,10,1,Fall,Large
Emerald Fire,2016-10-14,El Dorado,176.0,38.93449,-120.10744,10,4,Fall,Large
Gopher Fire,2016-11-13,San Diego,28.0,33.254355,-117.158475,11,6,Fall,Small
Marek Fire,2016-11-14,Los Angeles,4824.0,34.31,-118.335,11,0,Fall,Large
Jacobson Fire,2016-10-20,Tulare,10.0,36.217,-118.551,10,3,Fall,Small
Meadow Fire,2016-10-29,Tulare,4347.0,35.984,-118.551,10,5,Fall,Large
Aqueduct Fire,2018-04-12,Fresno,30.0,35.92436,-119.94083,4,3,Spring,Small
Oroville Spillway ,2017-02-07,Butte,0.0,39.51158,-121.55633,2,1,Winter,Small
Grace Fire,2017-04-03,Shasta,45.0,40.48712,-121.85645,4,0,Spring,Medium
West Fire,2017-04-03,Modoc,380.0,41.16716,-120.58342,4,0,Spring,Large
66 Fire,2017-04-13,Riverside,15.0,33.56777,-116.08003,4,3,Spring,Small
Jayne Fire,2017-04-20,Fresno,4532.0,36.07228,-120.26561,4,3,Spring,Large
Soledad Fire,2017-04-24,Monterey,10.0,36.44141,-121.34695,4,0,Spring,Small
El Dorado Fire,2017-04-28,Fresno,750.0,36.530836,-120.206592,4,4,Spring,Large
Tumey Fire,2017-04-29,Fresno,126.0,36.5355,-120.6585,4,5,Spring,Medium
Tower Fire,2017-04-30,San Bernardino,150.0,34.30104,-117.45646,4,6,Spring,Medium
Opera Fire,2017-04-30,Riverside,1350.0,34.00566,-117.30693,4,6,Spring,Large
Jameson Fire,2017-04-30,Riverside,12.0,33.7866,-117.5048,4,6,Spring,Small
Fay Fire,2017-05-01,Kern,19.0,35.71704,-118.30601,5,0,Spring,Small
Olive Fire,2017-05-02,San Luis Obispo,130.0,35.78286,-120.22647,5,1,Spring,Medium
Shandon Fire,2017-05-07,San Luis Obispo,12.0,35.6879,-120.3317,5,6,Spring,Small
Sonoma Fire,2017-05-10,Fresno,400.0,36.45491,-120.2445,5,2,Spring,Large
Hub Fire,2017-05-12,Kern,31.0,35.60001,-118.4683,5,4,Spring,Small
Wright Fire,2017-05-12,Merced,1733.0,36.96655,-120.89261,5,4,Spring,Large
Nacimiento Fire,2017-05-14,Monterey,20.0,35.77082,-120.92482,5,6,Spring,Small
Canyon Fire,2017-05-14,Riverside,17.0,33.88466,-116.99229,5,6,Spring,Small
Feed Fire,2017-05-14,Kern,41.0,35.05076,-118.90004,5,6,Spring,Medium
Arrow Fire,2017-05-15,San Luis Obispo,225.0,35.21177,-119.87525,5,0,Spring,Large
Bravo Fire,2017-05-15,Kern,288.0,35.41283,-118.84466,5,0,Spring,Large
Pine Fire,2017-05-16,Monterey,18.0,36.1727,-120.86682,5,1,Spring,Small
Lonoak Fire,2017-05-17,Monterey,17.0,36.2771,-120.94328,5,2,Spring,Small
41 Fire,2017-05-17,Madera,150.0,36.90967,-119.79315,5,2,Spring,Medium
Camp Fire,2017-05-18,San Luis Obispo,225.0,35.34541,-120.76464,5,3,Spring,Large
Elm Fire,2017-05-18,Fresno,10000.0,36.12089,-120.37116,5,3,Spring,Large
City Fire,2017-05-18,Kings,20.0,35.983,-119.91508,5,3,Spring,Small
Moraga Fire,2017-05-18,Riverside,14.0,33.97155,-117.44148,5,3,Spring,Small
Manning Fire,2017-05-19,Fresno,70.0,36.60736,-120.5828,5,4,Spring,Medium
Taglio Fire,1969-12-31,Merced,12.0,37.21812,-121.07761,12,2,Winter,Small
Range Fire,2017-05-19,San Luis Obispo,0.0,35.85253,-120.80411,5,4,Spring,Small
Deluz Fire,2017-05-19,San Diego,486.0,33.3906,-117.32348,5,4,Spring,Large
Gate Fire,2017-05-20,San Diego,2056.0,32.65597,-116.80527,5,5,Spring,Large
Rocky Fire,2017-05-20,San Luis Obispo,17.0,35.556667,-120.474,5,5,Spring,Small
Ming Fire,2017-05-20,Kern,506.0,35.4605,-118.85896,5,5,Spring,Large
Moreno Fire,2017-05-23,Riverside,10.0,33.94673,-117.17773,5,1,Spring,Small
Wasioja Fire,2017-05-20,Santa Barbara,190.0,34.9465,-119.8036,5,5,Spring,Large
Ribbonwood Fire,2017-05-24,San Diego,25.0,32.679,-116.29296,5,2,Spring,Small
Bitterwater Fire,2017-05-22,San Benito,21.0,36.35578,-120.99552,5,0,Spring,Small
Smiley Fire,2017-05-21,Riverside,35.0,33.96419,-117.20507,5,6,Spring,Small
Range Fire,2017-05-25,San Diego,1000.0,33.34988,-117.39818,5,3,Spring,Large
Lamb Fire,2017-05-25,Riverside,120.0,33.88287,-116.99651,5,3,Spring,Medium
Champagne Fire,2017-05-28,Kern,10.0,34.87128,-118.35296,5,6,Spring,Small
Rusty Fire,2017-05-28,Fresno,16.0,36.96642,-119.58292,5,6,Spring,Small
Serenas Fire,2017-05-28,Riverside,48.0,33.58577,-116.07429,5,6,Spring,Medium
Lombardi Fire,2017-05-28,Calaveras,15.0,38.19906,-120.83484,5,6,Spring,Small
Panoche Fire,2017-05-28,Fresno,18.0,36.61332,-120.7109,5,6,Spring,Small
Matz Fire,2017-05-29,San Bernardino,16.0,34.04412,-116.55326,5,0,Spring,Small
Fountain Fire ,2017-05-31,Tulare,79.0,35.89423,-119.00334,5,2,Spring,Medium
Twenty Fire,2017-05-29,Yuba,10.0,39.23205,-121.376,5,0,Spring,Small
Clay Fire,2017-06-01,Sacramento,68.0,38.33707,-121.11113,6,3,Summer,Medium
Fairview Fire,2017-06-01,Riverside,26.0,33.94788,-116.59719,6,3,Summer,Small
Elk Fire,2017-06-02,Kern,16.0,35.188,-119.2877,6,4,Summer,Small
Jones Fire,2017-06-03,Modoc,42.0,41.38247,-120.53443,6,5,Summer,Medium
Vernon Fire,2017-06-03,Riverside,27.0,33.82165,-116.96079,6,5,Summer,Small
5 Fire,2017-06-03,Los Angeles,25.0,34.29931,-118.37539,6,5,Summer,Small
Creek Fire ,2017-06-04,Kern,33.0,35.60633,-118.4642,6,6,Summer,Small
Spring Fire ,2017-06-04,Tehama,78.0,40.38944,-122.13088,6,6,Summer,Medium
River Fire,2017-06-04,Lassen,67.0,40.03392,-120.1064,6,6,Summer,Medium
Shirleon Fire ,2017-06-04,Riverside,10.0,33.87107,-116.88097,6,6,Summer,Small
Fish Fire,2017-06-05,Contra Costa,20.0,37.86549,-122.2102,6,0,Summer,Small
Pine Fire,2017-06-05,Kern,10.0,35.564124,-118.796513,6,0,Summer,Small
Wilbur Fire,2017-06-06,Butte,91.0,39.52499,-121.64897,6,1,Summer,Medium
Whitepine Fire,2017-06-06,Siskiyou,46.0,41.8721,-122.4571,6,1,Summer,Medium
Dinely Fire,2017-06-07,Tulare,339.0,36.45809,-118.87676,6,2,Summer,Large
26 Fire,2017-06-07,Madera,157.0,37.12759,-120.0193,6,2,Summer,Large
Bodfish Fire,2017-06-10,Kern,206.0,35.59804,-118.47939,6,5,Summer,Large
Breckenridge Fire,2017-06-09,Kern,35.0,35.37351,-118.84134,6,4,Summer,Small
Hog Fire,2017-06-09,Monterey,14.0,35.80375,-120.52508,6,4,Summer,Small
Oakwood Fire,2017-06-10,Madera,1417.0,37.0825,-119.8011,6,5,Summer,Large
Wild Fire,2017-06-11,Fresno,186.0,36.704679,-120.405077,6,6,Summer,Large
Refuge Fire,2017-06-13,Napa,22.0,38.68347,-122.2654,6,1,Summer,Small
Pleyto Fire,2017-06-11,Monterey,32.0,35.902149,-120.983684,6,6,Summer,Small
Monterey Fire,2017-06-11,Fresno,450.0,36.616986,-120.369347,6,6,Summer,Large
Tivy Fire,2017-06-11,Fresno,76.0,36.8005,-119.35901,6,6,Summer,Medium
Red Fire,2017-06-11,Tuolumne,38.0,37.85137,-120.45268,6,6,Summer,Medium
Valley Fire,2017-06-13,Riverside,33.0,33.584036,-116.972036,6,1,Summer,Small
Douglas Fire,2017-06-13,San Diego,50.0,33.23281,-117.29509,6,1,Summer,Medium
King Fire,2017-06-13,Tulare,135.0,35.8556,-118.74542,6,1,Summer,Medium
Reed Fire,2017-06-13,Riverside,20.0,33.52584,-116.85226,6,1,Summer,Small
Lucy Fire,2017-06-14,San Luis Obispo,150.0,35.6871,-120.3187,6,2,Summer,Medium
Westfall Fire,2017-06-15,Mariposa,63.0,37.36914,-120.0088,6,3,Summer,Medium
Canyon Fire,2017-06-15,Riverside,105.0,33.950382,-116.884446,6,3,Summer,Medium
Nuevo Fire,2017-06-15,Riverside,28.0,33.79925,-117.11659,6,3,Summer,Small
Skyway Fire,2017-06-16,Butte,134.0,39.69717,-121.75417,6,4,Summer,Medium
Springs Fire,2017-06-16,Riverside,10.0,117.138741,33.939428,6,4,Summer,Small
Shore Fire,2017-06-16,Monterey,32.0,35.90092,-120.93371,6,4,Summer,Small
Lake Fire,2017-06-17,Los Angeles,850.0,34.55607,-118.60703,6,5,Summer,Large
Bolla Fire,2017-06-18,Tehama,60.0,40.32063,-122.83208,6,6,Summer,Medium
Lambs Fire,2017-06-18,Riverside,10.0,33.90965,-116.9669,6,6,Summer,Small
Smiley Fire,2017-06-18,Riverside,153.0,33.98639,-117.21314,6,6,Summer,Medium
Road Fire,2017-06-18,Madera,25.0,37.02081,-119.95136,6,6,Summer,Small
Highway Fire,2017-06-18,Kern,1522.0,35.53456,-118.66733,6,6,Summer,Large
Trellis Fire,2017-06-18,Riverside,26.0,33.71025,-117.31924,6,6,Summer,Small
Bogus Fire,2017-06-18,Siskiyou,56.0,41.93006,-122.36545,6,6,Summer,Medium
Toll Fire,2017-06-22,Solano,39.0,38.07481,-122.23004,6,3,Summer,Medium
Holcomb Fire,2017-06-19,San Bernardino,1503.0,34.2976,-116.826,6,0,Summer,Large
Evans Fire,2017-06-19,Sierra,168.0,39.71101,-120.02325,6,0,Summer,Large
Orange Fire,2017-06-21,Stanislaus,65.0,37.82934,-120.68992,6,2,Summer,Medium
Quimby Fire,2017-06-21,Santa Clara,54.0,37.33454,-121.76323,6,2,Summer,Medium
Highway Fire,2017-06-22,Butte,21.0,39.364,-121.4143,6,3,Summer,Small
Lone Fire,2017-06-22,Butte,111.0,39.38416,-121.5786,6,3,Summer,Medium
Creek Fire,2017-06-23,Fresno,357.0,36.27306,-120.65185,6,4,Summer,Large
Paskenta Fire,2017-06-24,Tehama,42.0,40.10282,-122.27379,6,5,Summer,Medium
King Incident,2017-06-23,Tulare,0.0,36.51912,-119.50606,6,4,Summer,Small
Placerita Fire,2017-06-25,Los Angeles,760.0,34.37443,-118.49343,6,6,Summer,Large
Black Fire,2017-06-25,San Diego,36.0,33.1683,-116.77342,6,6,Summer,Medium
Manzanita Fire,2017-06-26,Riverside,6309.0,33.530045,-116.594422,6,0,Summer,Large
King Fire,2017-06-26,Siskiyou,19.0,40.703775,-122.645079,6,0,Summer,Small
Hill Fire,2017-06-26,San Luis Obispo,1626.0,35.4025,-120.4992,6,0,Summer,Large
Latrobe Fire,2017-06-27,Sacramento,35.0,38.45822,-120.92162,6,1,Summer,Small
Pine Fire,2017-06-27,Marin,38.0,37.9775,-122.65749,6,1,Summer,Medium
Sloane Fire,2017-06-27,San Diego,25.0,32.7789,-116.8516,6,1,Summer,Small
Mart Fire,2017-06-27,San Bernardino,670.0,34.14575,-117.17813,6,1,Summer,Large
Shore Fire,2017-06-26,Del Norte,28.0,41.93323,-124.19629,6,0,Summer,Small
Ranch Fire,2017-06-29,Santa Clara,85.0,37.3344,-121.71752,6,3,Summer,Medium
Alvarado Fire,2017-06-28,Monterey,15.0,35.947,-120.87492,6,2,Summer,Small
Battle Fire,2017-06-28,Modoc,562.0,41.85763,-121.29581,6,2,Summer,Large
Ben Fire,2017-06-28,Mariposa,558.0,37.3762,-119.9646,6,2,Summer,Large
 Cristianitos Fire,2017-06-28,San Diego,0.0,33.43513,-117.58252,6,2,Summer,Small
Tarina Fire ,2017-06-30,Kern,1200.0,35.38298,-118.80123,6,4,Summer,Large
Lockwood Fire,2017-06-29,Monterey,42.0,35.96275,-121.08753,6,3,Summer,Medium
Topanga Fire,2017-06-29,Los Angeles,55.0,34.03941,-118.58624,6,3,Summer,Medium
Stokes Fire,2017-06-29,Los Angeles,41.0,34.10446,-118.70294,6,3,Summer,Medium
Oak Fire,2017-07-01,Shasta,128.0,40.69554,-122.0122,7,5,Summer,Medium
Brewer Fire,2017-07-02,Nevada,10.0,39.08382,-121.06656,7,6,Summer,Small
Lisa Fire,2017-07-02,Riverside,11.0,33.913089,-117.096233,7,6,Summer,Small
Desabla Fire,2017-07-02,Butte,14.0,39.8629,-121.6268,7,6,Summer,Small
Spring Fire,2017-07-02,Mariposa,225.0,37.4591,-119.921,7,6,Summer,Large
Derrick Fire,2017-07-02,Fresno,1562.0,36.269125,-120.620791,7,6,Summer,Large
Timber Fire,2017-07-03,Riverside,30.0,33.96896,-117.25411,7,0,Summer,Small
Canyon Fire,2017-07-03,Riverside,10.0,33.91806,-116.99321,7,0,Summer,Small
Lago Fire,2017-07-03,Riverside,50.0,33.87739,-117.16215,7,0,Summer,Medium
Valley Fire,2017-07-04,San Benito,34.0,36.85596,-121.30983,7,1,Summer,Small
Silver Fire,2017-07-04,San Bernardino,13.0,34.304722,-117.3125,7,1,Summer,Small
Freedom Fire,2017-07-04,Fresno,57.0,36.81476,-119.51592,7,1,Summer,Medium
Jurupa Fire,2017-07-04,Riverside,35.0,33.99316,-117.48405,7,1,Summer,Small
Lakeland Fire,2017-07-04,Butte,18.0,39.53944,-121.54722,7,1,Summer,Small
Grade Fire,2017-07-04,Ventura,50.0,34.20599,-118.98603,7,1,Summer,Medium
Klamath Fire,2017-07-04,Siskiyou,0.0,41.86609,-122.73031,7,1,Summer,Small
Eagle Fire,2017-07-04,Riverside,205.0,33.85323,-117.48195,7,1,Summer,Large
Globe Fire,2017-07-05,Tulare,21.0,36.10858,-118.81979,7,2,Summer,Small
Fay Fire,2017-07-05,Siskiyou,496.0,41.3975,-122.8428,7,2,Summer,Large
Axel Fire,2017-07-08,El Dorado,74.0,38.7803,-120.97111,7,5,Summer,Medium
Lake Fire,2017-07-08,Stanislaus,62.0,37.64898,-120.4925,7,5,Summer,Medium
Auberry Fire,2017-07-05,Fresno,91.0,36.95104,-119.65621,7,2,Summer,Medium
Gold Fire,2017-07-05,Calaveras,22.0,38.20176,-120.67848,7,2,Summer,Small
Winters Fire,2017-07-06,Yolo,1700.0,38.49521,-122.0251,7,3,Summer,Large
Quail Fire,2017-07-06,Kern,1626.0,35.59904,-119.08312,7,3,Summer,Large
Alamo Fire,2017-07-06,San Luis Obispo,28687.0,35.0179,-120.3223,7,3,Summer,Large
Antelope Fire,2017-07-06,Lassen,0.0,40.6361,-120.9643,7,3,Summer,Small
Hawk Fire,2017-07-07,Kern,2940.0,35.77896,-118.89627,7,4,Summer,Large
Salmon-August Complex ,2017-06-25,Siskiyou,0.0,41.841,-123.474,6,6,Summer,Small
Daulton Fire,2017-07-07,Madera,90.0,37.09773,-120.02027,7,4,Summer,Medium
Christmas Fire,2017-07-07,Riverside,33.0,33.763304,-117.314994,7,4,Summer,Small
Wall Fire,2017-07-07,Butte,6033.0,39.45352,-121.41222,7,4,Summer,Large
Bryant Fire,2017-07-07,San Bernardino,74.0,34.07612,-117.06765,7,4,Summer,Medium
Tower Fire,2017-07-07,San Luis Obispo,58.0,35.346,-120.62825,7,4,Summer,Medium
Banderilla Fire,2017-07-07,Mariposa,36.0,37.65963,-120.34802,7,4,Summer,Medium
Deer Complex,2017-07-08,Contra Costa,231.0,37.87808,-121.78677,7,5,Summer,Large
North Fire,2017-07-15,Shasta,10.0,40.48972,-122.38619,7,5,Summer,Small
Whittier Fire,2017-07-08,Santa Barbara,18430.0,34.55096,-119.9494,7,5,Summer,Large
Dode Fire,2017-07-13,Modoc,410.0,41.72163,-121.30451,7,3,Summer,Large
Orleans Complex,2017-07-26,Siskiyou,27276.0,41.59,-123.501,7,2,Summer,Large
Stone Fire,2017-07-09,San Luis Obispo,340.0,35.42433,-120.47322,7,6,Summer,Large
Willow Fire,2017-07-08,Contra Costa,370.0,38.02929,-122.25544,7,5,Summer,Large
West Fire,2017-07-08,Yuba,50.0,39.06308,-121.303,7,5,Summer,Medium
Rosado Fire,2017-07-12,El Dorado,13.0,38.67474,-121.06088,7,2,Summer,Small
Parkfield Fire,2017-07-08,"Monterey, San Luis Obispo",1816.0,35.86949,-120.57894,7,5,Summer,Large
Benson Fire,2017-07-08,Tehama,29.0,40.29118,-122.42606,7,5,Summer,Small
Garza Fire,2017-07-09,Kings,48660.0,35.93273,-120.20014,7,6,Summer,Large
Honcut Fire,2017-07-10,Butte,166.0,39.37192,-121.53865,7,0,Summer,Large
Farad Fire,2017-07-10,Sierra,747.0,39.439722,-120.027222,7,0,Summer,Large
Felipe Fire,2017-07-10,Santa Clara,70.0,37.25014,-121.68562,7,0,Summer,Medium
Rebie Fire,2017-07-12,Butte,10.0,39.50475,-121.33785,7,2,Summer,Small
Mesa Fire,2017-07-17,Santa Barbara,50.0,34.72379,-120.13249,7,0,Summer,Medium
Bridge Fire,2017-07-14,San Bernardino,460.0,34.09773,-117.10567,7,4,Summer,Large
Jennings Fire,2017-07-11,San Diego,400.0,32.84796,-116.85396,7,1,Summer,Large
Long Valley Fire,2017-07-11,Lassen,83733.0,40.07045,-120.14013,7,1,Summer,Large
Lariat Fire,2017-07-11,Santa Clara,101.0,37.39801,-121.8179,7,1,Summer,Medium
Quail Fire,2017-07-12,Calaveras,59.0,38.18303,-120.85322,7,2,Summer,Medium
Washington Fire,2017-07-13,Riverside,32.0,33.62613,-117.07975,7,3,Summer,Small
Hidden Fire,2017-07-12,San Bernardino,46.0,34.149,-117.189,7,2,Summer,Medium
Spaletta Fire,2017-07-12,Marin,35.0,38.08055,-122.77846,7,2,Summer,Small
Navajo Fire,2017-07-13,Riverside,10.0,33.77896,-117.24091,7,3,Summer,Small
Reservation Fire,2017-07-16,Monterey,40.0,36.66684,-121.74826,7,6,Summer,Medium
Grade Fire,2017-07-16,Mendocino,900.0,39.30125,-123.28825,7,6,Summer,Large
Detwiler Fire,2017-07-16,Mariposa,81826.0,37.61757,-120.21321,7,6,Summer,Large
Range Fire,2017-07-17,Mendocino,20.0,39.13207,-123.10227,7,0,Summer,Small
Park Fire,2017-07-17,Fresno,1649.0,35.95911,-120.55579,7,0,Summer,Large
Sand Fire,2017-07-17,Colusa,70.0,39.01224,-122.20127,7,0,Summer,Medium
Maria Fire,2017-07-17,Calaveras,117.0,38.29113,-120.62177,7,0,Summer,Medium
Centerville Fire,2017-07-17,Modoc,15.0,41.45589,-120.56933,7,0,Summer,Small
Murphy Fire,2017-07-17,Lake,40.0,38.86056,-122.62382,7,0,Summer,Medium
Fox Fire,2017-07-17,Tulare,59.0,36.18815,-118.78928,7,0,Summer,Medium
I-5 Fire,2017-08-24,Kings,2312.0,36.05187,-120.05404,8,3,Summer,Large
Sway Fire,2017-08-01,Humboldt,19.0,40.39799,-123.57562,8,1,Summer,Small
Hudson Fire,2017-07-18,Kern,1083.0,34.94373,-119.44751,7,1,Summer,Large
Laverne Fire,2017-07-18,Shasta,180.0,40.47106,-122.43608,7,1,Summer,Large
Ellis Fire,2017-07-18,Riverside,72.0,33.75526,-117.25075,7,1,Summer,Medium
Hogback Fire,2017-07-18,Tulare,58.0,36.64404,-118.99944,7,1,Summer,Medium
Creek Fire,2017-07-19,Glenn,0.0,39.75425,-122.17657,7,2,Summer,Small
Roadrunner Fire,2017-07-30,Tulare,2289.0,36.0226,-118.94252,7,6,Summer,Large
Clear Complex (merged into Eclipse Complex),2017-07-25,Siskiyou,0.0,41.702,-123.508,7,1,Summer,Small
Twist Fire,2017-07-30,Tuolumne,124.0,37.90014,-120.36005,7,6,Summer,Medium
Gorman Fire,2017-07-28,Los Angeles,135.0,34.792882,-118.851943,7,4,Summer,Medium
Placentia Fire,2017-07-28,Riverside,63.0,33.81976,-117.18552,7,4,Summer,Medium
Willms Fire,2017-07-18,Stanislaus,19.0,37.81827,-120.65764,7,1,Summer,Small
Humboldt Fire,2017-07-19,Butte,103.0,39.76243,-121.74121,7,2,Summer,Medium
Minerva Fire,2017-07-29,Plumas,4310.0,39.9034,-120.9761,7,5,Summer,Large
Jacksonville Fire,2017-07-29,Tuolumne,675.0,37.905545,-120.408135,7,5,Summer,Large
Zenon Fire,2017-07-20,San Luis Obispo,47.0,35.06472,-120.5634,7,3,Summer,Medium
Grizzly Fire,2017-07-21,Nevada,10.0,39.36902,-120.97586,7,4,Summer,Small
Ranch Fire,2017-07-26,El Dorado,140.0,38.559707,-120.70013,7,2,Summer,Medium
Elephant Fire,2017-07-20,Tulare,416.0,36.22265,-119.06598,7,3,Summer,Large
Latrobe Fire,2017-07-26,Sacramento,1268.0,38.5181,-121.104,7,2,Summer,Large
Weller Fire,2017-07-26,Santa Clara,51.0,37.44485,-121.84108,7,2,Summer,Medium
Marble Fire,2017-07-19,Del Norte,319.0,41.478,-123.506,7,2,Summer,Large
Dollar Fire,2017-07-22,San Bernardino,85.0,34.20152,-117.14466,7,5,Summer,Medium
Lost Fire,2017-07-22,San Diego,255.0,33.34659,-116.66107,7,5,Summer,Large
Seine Fire,2017-07-22,San Bernardino,20.0,34.139,-117.199,7,5,Summer,Small
Woodland Fire,2017-07-25,El Dorado,13.0,38.69775,-120.73757,7,1,Summer,Small
Olive Fire,2017-07-24,San Luis Obispo,150.0,35.7751,-120.23656,7,0,Summer,Medium
Spenceville Fire,2017-07-24,Yuba,39.0,39.06522,-121.3519,7,0,Summer,Medium
Castro Fire,2017-07-23,Santa Clara,78.0,36.96607,-121.55552,7,6,Summer,Medium
High Fire,2017-07-23,San Bernardino,170.0,34.41204,-117.03031,7,6,Summer,Large
Live Fire,2017-07-28,Tehama,57.0,40.1583,-122.3209,7,4,Summer,Medium
Greenhorn Fire,2017-07-27,Nevada,15.0,39.16826,-120.95498,7,3,Summer,Small
Falls Fire,2017-08-01,Tuolumne,20.0,37.65986,-120.31157,8,1,Summer,Small
Sky Fire,2017-07-29,Shasta,17.0,40.69259,-122.17384,7,5,Summer,Small
Hill Fire,2017-07-29,Siskiyou,155.0,41.9808,-121.9741,7,5,Summer,Medium
Largo Fire,2017-07-30,El Dorado,236.0,38.538332,-121.039267,7,6,Summer,Large
Garden Fire,2017-07-30,Kern,1350.0,35.543,-118.654,7,6,Summer,Large
Independence Fire,2017-07-31,Sonoma,11.0,38.70289,-122.90217,7,0,Summer,Small
Mile Fire,2017-07-31,San Bernardino,100.0,34.19076,-117.26969,7,0,Summer,Medium
Rose Fire,2017-07-31,Riverside,200.0,33.689092,-117.396404,7,0,Summer,Large
Sandy Fire,2017-08-02,Trinity,32.0,40.79902,-123.39253,8,2,Summer,Small
Camatta Fire,2017-08-02,San Luis Obispo,70.0,35.4403,-120.2913,8,2,Summer,Medium
Red Fire,2017-08-02,San Luis Obispo,460.0,35.40357,-120.28037,8,2,Summer,Large
Warner Mountain Lightning,2017-07-23,Modoc,0.0,41.338,-120.304,7,6,Summer,Small
Saw Fire,2017-08-03,Humboldt,85.0,40.11794,-123.76099,8,3,Summer,Medium
Bryant Fire,2017-08-03,San Bernardino,325.0,34.08492,-117.03826,8,3,Summer,Large
Rincon Fire,2017-08-03,Los Angeles,10.0,34.23925,-117.85182,8,3,Summer,Small
Blocksburg Fire,2017-08-03,Humboldt,30.0,40.27582,-123.64281,8,3,Summer,Small
Bottle Fire,2017-08-08,Lake,62.0,38.94599,-122.81135,8,1,Summer,Medium
Stewart Fire,2017-08-04,Riverside,122.0,34.009026,-117.239099,8,4,Summer,Medium
Calgary Fire,2017-08-05,Kern,50.0,35.70639,-118.47307,8,5,Summer,Medium
Chilcoot Fire,2017-08-06,Plumas,1020.0,39.75371,-120.1397,8,6,Summer,Large
W-2 Fire,2017-08-06,Lassen,530.0,41.11989,-120.74968,8,6,Summer,Large
Poslin Fire,2017-08-06,Lassen,859.0,39.888,-120.066,8,6,Summer,Large
Reed Fire,2017-08-07,Riverside,92.0,33.57139,-116.8247,8,0,Summer,Medium
Country Fire,2017-08-07,Monterey,82.0,35.86596,-120.64584,8,0,Summer,Medium
Ruth Complex,2017-08-07,Trinity,4736.0,40.17598,-123.36882,8,0,Summer,Large
Rose Fire,2017-08-10,Kern,338.0,34.92907,-118.9267,8,3,Summer,Large
Tilton Fire,2017-08-11,Santa Clara,100.0,37.14653,-121.68165,8,4,Summer,Medium
Paskenta Fire ,2017-08-10,Tehama,15.0,39.87983,-122.5415,8,3,Summer,Small
Canyon Fire,2017-08-11,Napa,114.0,38.49336,-122.2483,8,4,Summer,Medium
Nuevo Fire,2017-08-13,Riverside,19.0,33.797216,-117.124538,8,6,Summer,Small
Yankee Fire,2017-08-11,San Luis Obispo,775.0,35.7908,-120.77485,8,4,Summer,Large
Ward Fire,2017-08-13,Siskiyou,41.0,41.99279,-122.9401,8,6,Summer,Medium
Blaine Fire,2017-08-13,Riverside,1500.0,33.98212,-117.30819,8,6,Summer,Large
Coronado Fire,2017-08-13,Mariposa,125.0,37.62823,-120.30046,8,6,Summer,Medium
Empire Fire,2017-08-01,Mariposa,8094.0,37.644,-119.618,8,1,Summer,Large
South Fork Fire,2017-08-14,Mariposa,7000.0,37.538,-119.598,8,0,Summer,Large
Mias Fire,2017-08-14,Riverside,600.0,33.95036,-116.88066,8,0,Summer,Large
Corner Fire,2017-08-17,Shasta,17.0,40.92602,-121.5935,8,3,Summer,Small
Hills Fire,2017-08-19,Riverside,168.0,33.87679,-117.00258,8,5,Summer,Large
Beale Fire,2017-08-20,Yuba,867.0,39.1234,-121.32957,8,6,Summer,Large
Toll Fire,2017-08-20,Plumas,186.0,39.9864,-120.89746,8,6,Summer,Large
Eclipse Complex,2017-08-15,Siskiyou,78698.0,41.841,-123.474,8,1,Summer,Large
Indian Fire,2017-08-02,Tulare,2295.0,36.257,-118.296,8,2,Summer,Large
Eclipse Fire,2017-08-21,San Diego,200.0,32.65003,-116.42907,8,0,Summer,Large
Young Fire,2017-08-07,Siskiyou,3142.0,41.853,-123.676,8,0,Summer,Large
Parker 2 Fire,2017-08-03,Modoc,7697.0,41.466,-120.321,8,3,Summer,Large
Range Fire,2017-08-22,Alameda,200.0,37.72543,-121.90516,8,1,Summer,Large
Juniper Fire,2017-08-23,Fresno,31.0,36.099681,-120.443545,8,2,Summer,Small
Montezuma Fire,2017-08-26,San Diego,62.0,33.20988,-116.46989,8,5,Summer,Medium
Peg Fire,2017-08-26,Lassen,157.0,40.80968,-120.48641,8,5,Summer,Large
Vestal Fire,2017-08-26,Tehama,40.0,40.29831,-122.70449,8,5,Summer,Medium
Flat Fire,2017-08-26,Fresno,111.0,36.93332,-119.43376,8,5,Summer,Medium
Mines Fire,2017-08-27,Alameda,44.0,37.56181,-121.56425,8,6,Summer,Medium
Bodega Fire,2017-08-27,Sonoma,18.0,38.26294,-122.71998,8,6,Summer,Small
Canyon Fire,2017-08-27,Riverside,46.0,33.6444,-117.3968,8,6,Summer,Medium
Hill Fire,2017-08-27,Fresno,69.0,36.7279,-119.28241,8,6,Summer,Medium
Translator Fire,2017-08-28,Humboldt,40.0,41.02705,-123.63721,8,0,Summer,Medium
Sandra Fire,2017-08-28,Amador,10.0,38.34421,-120.72274,8,0,Summer,Small
Pier Fire,2017-08-29,Tulare,36556.0,36.15356,-118.74103,8,1,Summer,Large
Bradley Fire,2017-08-28,Siskiyou,54.0,41.222,-122.27499,8,0,Summer,Medium
Ponderosa Fire,2017-08-29,Butte,4016.0,39.57701,-121.30209,8,1,Summer,Large
Railroad Fire,2017-08-29,Madera,12407.0,37.44663,-119.64622,8,1,Summer,Large
Mud Fire,2017-08-29,Lassen,6042.0,40.43962,-120.22215,8,1,Summer,Large
Owens Fire,2017-08-29,Siskiyou,55.0,41.99483,-121.90077,8,1,Summer,Medium
Slinkard Fire,2017-08-29,Mono,8925.0,38.655,-119.55425,8,1,Summer,Large
4-4 Fire,2017-08-30,Modoc,28.0,41.4844,-120.36659,8,2,Summer,Small
Pleasant Fire,2017-08-30,Nevada,392.0,39.34292,-121.12004,8,2,Summer,Large
4-10 Fire,2017-08-30,Modoc,27.0,41.64469,-120.31814,8,2,Summer,Small
Coalinga Fire,2017-08-30,Fresno,102.0,36.36113,-120.32685,8,2,Summer,Medium
Miller Fire,2017-08-31,Humboldt,34.0,40.03697,-123.64214,8,3,Summer,Small
Helena - Fork Fire,2017-08-30,Trinity,21846.0,40.76025,-123.10003,8,2,Summer,Large
Marlborough Fire,2017-08-31,Riverside,85.0,117.337331,34.015742,8,3,Summer,Medium
Castaic Fire,2017-08-31,Los Angeles,30.0,34.52055,-118.62882,8,3,Summer,Small
Border Fire,2017-09-01,San Diego,130.0,32.6001,-116.76997,9,4,Fall,Medium
Summit Complex,2017-07-31,Stanislaus,5247.0,38.329,-119.782,7,0,Summer,Large
Ellie Fire,2017-09-10,Riverside,34.0,33.73547,-117.33364,9,6,Fall,Small
Creek Fire,2017-09-03,Stanislaus,1749.0,38.12,-119.941,9,6,Fall,Large
Hopper Fire,2017-09-01,Shasta,25.0,40.71923,-122.02525,9,4,Fall,Small
Caldwell Fire,2017-09-01,Kern,1319.0,35.76,-118.406,9,4,Fall,Large
La Tuna Fire ,2017-09-01,Los Angeles,7194.0,34.22957,-118.2674,9,4,Fall,Large
Mission Fire,2017-09-03,Madera,1037.0,37.21616,-119.48067,9,6,Fall,Large
Parkfield Fire,2017-09-03,Fresno,100.0,36.09486,-120.52189,9,6,Fall,Medium
Palmer Fire,2017-09-02,Riverside,3800.0,33.97471,-117.09984,9,5,Fall,Large
Margarita Fire,2017-09-03,San Luis Obispo,120.0,35.31886,-120.50886,9,6,Fall,Medium
Mule Fire,2017-09-05,Lake,21.0,39.01748,-122.49327,9,1,Fall,Small
Mills File,2017-09-03,Plumas,79.0,40.13278,-120.9204,9,6,Fall,Medium
Bally Fire,2017-09-03,Santa Clara,100.0,36.99092,-121.59899,9,6,Fall,Medium
Peak Fire,2017-09-03,Mariposa,680.0,37.37397,-119.83556,9,6,Fall,Large
R-4 Fire,2017-08-30,Lassen,18618.0,40.69573,-119.93499,8,2,Summer,Large
Cove Fire,2017-09-23,San Luis Obispo,25.0,35.76343,-121.04445,9,5,Fall,Small
Bradley Fire,2017-08-28,Siskiyou,54.0,41.222,-122.292,8,0,Summer,Medium
Sandy Fire,2017-08-02,Trinity,32.0,40.804,-123.375,8,2,Summer,Small
Table Fire,2017-09-19,Tuolumne,39.0,37.896778,-120.504134,9,1,Fall,Medium
Border 9 Fire,2017-09-07,San Diego,25.0,32.59252,-116.61609,9,3,Fall,Small
Rattlesnake Fire,2017-09-07,Mariposa,0.0,37.73596,-119.78256,9,3,Fall,Small
Linne Fire,2017-09-26,San Luis Obispo,74.0,35.5956,-120.56068,9,1,Fall,Medium
Pine Fire,2017-09-11,Monterey,43.0,36.17297,-120.87609,9,0,Fall,Medium
Eureka Fire,2017-09-05,Plumas,2575.0,39.75312,-120.75485,9,1,Fall,Large
Shaver Fire,2017-09-11,Fresno,10.0,37.10067,-119.32109,9,0,Fall,Small
Skeleton Fire,2017-09-12,Lake,200.0,39.44543,-122.85194,9,1,Fall,Large
Soda Fire,2017-09-28,Butte,143.0,40.07613,-121.56858,9,3,Fall,Medium
Miller Complex,2017-08-14,Siskiyou,39715.0,42.039,-123.218,8,0,Summer,Large
Skeggs Fire,2017-09-11,San Mateo,50.0,37.41591,-122.3001,9,0,Fall,Medium
Berry Fire,2017-09-11,Shasta,900.0,40.98352,-121.81623,9,0,Fall,Large
Hole Fire,2017-09-12,Del Norte,40.0,41.98128,-124.01168,9,1,Fall,Medium
Pacific Fire,2017-09-12,Butte,12.0,39.44257,-121.60683,9,1,Fall,Small
Slides Fire,2017-09-12,Lake,58.0,39.42604,-123.03344,9,1,Fall,Medium
Buck Fire,2017-09-12,Trinity,13417.0,40.2275,-123.03583,9,1,Fall,Large
French Fire,2017-09-17,El Dorado,136.0,38.5758,-120.915,9,6,Fall,Medium
Eastman Fire,2017-09-18,Madera,483.0,37.14624,-120.015509,9,0,Fall,Large
Grape Fire,2017-09-19,Mendocino,146.0,39.02482,-123.1362,9,1,Fall,Medium
Corral Fire,2017-09-19,Alameda,155.0,37.63358,-121.49925,9,1,Fall,Medium
Murphy Fire,2017-09-19,Fresno,237.0,36.24653,-120.31598,9,1,Fall,Large
Power Fire,2017-09-20,Madera,48.0,36.94652,-120.90462,9,2,Fall,Medium
Huasna Fire,2017-09-20,San Luis Obispo,245.0,35.12269,-120.39387,9,2,Fall,Large
Dexter Fire,2017-09-20,Mariposa,10.0,37.76888,-120.15846,9,2,Fall,Small
32 Fire,2017-09-25,Butte,28.0,39.8255,-121.7127,9,0,Fall,Small
Estate Fire,2017-09-23,Solano,55.0,38.4446,-122.0041,9,5,Fall,Medium
Jasper Fire,2017-09-26,Yuba,26.0,39.03168,-121.40947,9,1,Fall,Small
Edwards Fire,2017-09-26,Alameda,22.0,37.77982,-122.169,9,1,Fall,Small
Poly Fire,2017-09-26,San Luis Obispo,105.0,35.3024,-120.65279,9,1,Fall,Medium
Canyon Fire,2017-09-25,Orange,2662.0,33.8668,-117.68598,9,0,Fall,Large
Lion Fire,2017-09-27,Tulare,18900.0,36.27138,-118.48555,9,2,Fall,Large
Rucker Fire,2017-09-29,Santa Barbara,444.0,34.67403,-120.4393,9,4,Fall,Large
Lakewood Fire,2017-09-29,Kern,40.0,35.59302,-118.46734,9,4,Fall,Medium
Melba Fire,2017-09-29,Riverside,35.0,33.74925,-117.10301,9,4,Fall,Small
Timm Fire,2017-10-02,Solano,100.0,38.43658,-121.97233,10,0,Fall,Medium
Ramblin Fire,2017-10-03,Mariposa,17.0,37.41231,-119.87465,10,1,Fall,Small
36 Fire,2017-10-03,Tehama,20.0,40.20077,-122.24731,10,1,Fall,Small
Ridge Fire,2017-10-06,Lake,87.0,39.15016,-122.576,10,4,Fall,Medium
Jones Fire,2017-10-08,Shasta,40.0,40.70627,-122.24199,10,6,Fall,Medium
Fort Fire,2017-10-07,Sonoma,20.0,38.51937,-123.24713,10,5,Fall,Small
Freeway Fire,2017-10-08,Tehama,10.0,40.24789,-122.255,10,6,Fall,Small
Blue Fire,2017-10-08,Humboldt,20.0,40.88516,-123.96844,10,6,Fall,Small
Cherokee Fire,2017-10-08,Butte,8500.0,39.62496,-121.52966,10,6,Fall,Large
Atlas Fire (Southern LNU Complex),2017-10-09,"Napa, Solano",51624.0,38.39206,-122.24367,10,0,Fall,Large
Tubbs Fire (Central LNU Complex),2017-10-08,"Napa, Sonoma",36807.0,38.60895,-122.62879,10,6,Fall,Large
Nuns / Adobe / Norrbom/ Pressley / Partrick Fires / Oakmont (Central LNU Complex),2017-10-09,"Napa, Sonoma",44573.0,38.4041,-122.5209,10,0,Fall,Large
Partrick Fire (Central LNU Complex),2017-10-08,Napa,8283.0,38.31802,-122.39052,10,6,Fall,Large
LaPorte Fire (Wind Complex),2017-10-09,Butte,6151.0,39.39455,-121.40613,10,0,Fall,Large
Cascade Fire (Wind Complex),2017-10-08,Yuba,9989.0,39.32198,-121.4021,10,6,Fall,Large
McCourtney Fire (Wind Complex),2017-10-09,Nevada,76.0,39.19325,-121.08406,10,0,Fall,Medium
Redwood Valley Fire (Mendocino Lake Complex),2017-10-08,Mendocino,36523.0,39.24873,-123.16635,10,6,Fall,Large
Point Fire,2017-10-09,Calaveras,130.0,38.40234,-120.52953,10,0,Fall,Medium
37 Fire,2017-10-09,Sonoma,1660.0,38.14242,-122.47301,10,0,Fall,Large
Pozo Fire,2017-10-09,San Luis Obispo,45.0,35.28738,-120.44448,10,0,Fall,Medium
Tank Fire,2017-10-26,Kern,50.0,35.21556,-118.56578,10,3,Fall,Medium
Sulphur Fire (Mendocino Lake Complex),2017-10-09,Lake,2207.0,39.01387,-122.64543,10,0,Fall,Large
Lobo Fire (Wind Complex),2017-10-08,Nevada,821.0,39.24549,-121.12792,10,6,Fall,Large
Honey Fire,2017-10-09,Butte,150.0,39.74679,-121.67261,10,0,Fall,Medium
Canyon 2 Fire,2017-10-09,Orange,9217.0,33.87041,-117.70975,10,0,Fall,Large
Wildomar Fire,2017-10-26,Riverside,866.0,33.60247,-117.34192,10,3,Fall,Large
Tehama Fire,2017-10-26,Tehama,194.0,40.02261,-121.91425,10,3,Fall,Large
Silver Fire,2017-10-11,Fresno,58.0,36.7528,-119.2288,10,2,Fall,Medium
Pocket Fire (Central LNU Complex),2017-10-09,Sonoma,17357.0,38.76549,-122.90939,10,0,Fall,Large
Bear Fire,2017-10-16,Santa Cruz,391.0,37.18356,-122.07012,10,0,Fall,Large
Wilson Fire,2017-10-17,Los Angeles,50.0,34.22551,-118.05545,10,1,Fall,Medium
River Fire,2017-10-14,Trinity,148.0,40.46836,-123.51619,10,5,Fall,Medium
Quarry Fire,2017-10-12,Kern,183.0,35.19008,-118.76152,10,3,Fall,Large
Wilson Fire,2017-10-15,San Diego,25.0,33.18716,-116.50897,10,6,Fall,Small
Garden Fire,2017-10-10,Nevada,19.0,39.06414,-121.13737,10,1,Fall,Small
Ice Fire,2017-10-10,El Dorado,29.0,38.77921,-120.46234,10,1,Fall,Small
Portola Fire,2017-10-10,Riverside,23.0,33.50488,-117.02132,10,1,Fall,Small
Meyers Fire,2017-12-05,San Bernardino,34.0,34.21829,-117.40625,12,1,Winter,Small
Little Mountain Fire,2017-12-05,San Bernardino,260.0,34.16564,-117.33334,12,1,Winter,Large
Extension Fire,2017-10-23,Riverside,50.0,33.8826,-117.00589,10,0,Fall,Medium
Freeway Fire,2017-10-24,San Bernardino,40.0,34.13534,-117.4982,10,1,Fall,Medium
Rolling Fire,2017-10-15,Kern,184.0,35.3091,-118.701,10,6,Fall,Large
Lynch Fire,2017-10-13,San Luis Obispo,73.0,35.78616,-120.96514,10,4,Fall,Medium
Table Fire,2017-10-13,El Dorado,426.0,38.848,-120.287,10,4,Fall,Large
Long Fire,2017-10-14,Lake,100.0,39.0199,-122.57487,10,5,Fall,Medium
Oakmont Fire (Central LNU Complex),2017-10-14,Sonoma,100.0,38.46123,-122.58152,10,5,Fall,Medium
Pressley Fire (Central LNU Complex),2017-10-09,Sonoma,0.0,38.36685,-122.64001,10,0,Fall,Small
York Fire,2017-10-15,Monterey,31.0,36.5858,-121.80377,10,6,Fall,Small
Fallon Fire,2017-10-17,Alameda,116.0,37.7393,-121.85663,10,1,Fall,Medium
Buffalo Fire,2017-10-17,San Diego,1088.0,33.402411,-117.402445,10,1,Fall,Large
Milton Fire,2017-10-18,Stanislaus,13.0,37.89532,-120.84748,10,2,Fall,Small
Rye Fire,2017-12-05,Los Angeles,6049.0,34.45283,-118.58188,12,1,Winter,Large
Creek Fire,2017-12-05,Los Angeles,15619.0,34.31283,-118.35863,12,1,Winter,Large
Thomas Fire,2017-12-04,"Santa Barbara, Ventura",281893.0,34.41521,-119.09124,12,0,Winter,Large
Riverdale Fire,2017-12-04,Riverside,40.0,33.96514,-117.4764,12,0,Winter,Medium
Roser Fire,2017-11-02,Tehama,43.0,39.81517,-122.28165,11,3,Fall,Medium
Chris Fire,2017-11-13,Mono,370.0,38.46111,-119.48284,11,0,Fall,Large
Loma Fire,2017-10-13,San Diego,81.0,33.38613,-117.46709,10,4,Fall,Medium
Palm Fire,2017-11-14,Riverside,40.0,33.90327,-116.50151,11,1,Fall,Medium
Vista Fire,2017-10-24,Ventura,86.0,34.34949,-119.30918,10,1,Fall,Medium
Soda Fire,2017-10-20,San Luis Obispo,21.0,35.41112,-120.00353,10,4,Fall,Small
Bitterwater Fire,2017-11-25,San Benito,47.0,36.38109,-121.00391,11,5,Fall,Medium
Church Fire,2017-10-21,San Diego,100.0,32.64962,-116.37345,10,5,Fall,Medium
Oak Fire,2017-11-29,San Bernardino,99.0,34.035344,-116.940661,11,2,Fall,Medium
Lilac Fire,2017-12-07,San Diego,4088.0,33.3237,-117.163,12,3,Winter,Large
Liberty Fire,2017-12-07,Riverside,300.0,33.59257,-117.14979,12,3,Winter,Large
Longhorn Fire,2017-12-13,Riverside,19.0,33.88994,-116.91023,12,2,Winter,Small
Skirball Fire,2017-12-06,Los Angeles,422.0,34.09454,-118.48178,12,2,Winter,Large
Drum Fire,2017-12-16,Santa Barbara,14.0,34.71796,-120.27077,12,5,Winter,Small
Coast Fire,2017-12-14,Santa Barbara,14.0,34.605358,-120.414875,12,3,Winter,Small
Riverbottom Fire,2017-12-21,Riverside,45.0,33.9885,-117.38417,12,3,Winter,Medium
Holiday Fire,2017-12-28,El Dorado,80.0,38.869036,-119.61865,12,3,Winter,Medium
Haycamp Fire,2018-02-07,Monterey,50.0,35.96689,-121.28185,2,2,Winter,Medium
Pleasant Fire,2018-02-18,Inyo,2070.0,37.40208,-118.50235,2,6,Winter,Large
Grant Fire,2018-05-14,Alameda,12.0,37.73835,-121.6039,5,0,Spring,Small
Patterson Fire,2018-05-17,Riverside,1261.0,33.62924,-117.05992,5,3,Spring,Large
Tyler Fire,2018-04-15,Riverside,15.0,33.711263,-116.164058,4,6,Spring,Small
Santa Cruz Fire,2018-03-27,Santa Barbara,258.0,34.0232,-119.76576,3,1,Spring,Large
Rock Fire,2018-03-27,Shasta,11.0,40.4635,-121.77419,3,1,Spring,Small
Meadow Fire,2018-04-09,Riverside,21.0,33.86439,-117.48144,4,0,Spring,Small
Volcan Fire,2018-05-10,San Diego,12.0,33.12213,-116.58759,5,3,Spring,Small
Shastina Fire,2018-05-09,Siskiyou,127.0,41.65935,-122.48556,5,2,Spring,Medium
Lago Fire,2018-04-22,Riverside,18.0,33.88744,-117.16232,4,6,Spring,Small
French Fire,2018-04-26,Plumas,20.0,39.89075,-120.18499,4,3,Spring,Small
Happy Fire,2018-05-17,Santa Barbara,60.0,34.74245,-120.18236,5,3,Spring,Medium
Jacques Fire,2018-05-09,San Diego,18.0,33.40178,-117.27467,5,2,Spring,Small
Alpha Fire,2018-05-04,San Diego,300.0,33.389425,-117.502405,5,4,Spring,Large
Nees Fire,2018-05-02,Merced,1756.0,36.85156,-120.77206,5,2,Spring,Large
Tornado Fire,2018-05-04,Riverside,70.0,33.504964,-117.148204,5,4,Spring,Medium
Woodchuck Fire,2018-05-04,Riverside,15.0,33.467999,-117.003829,5,4,Spring,Small
Moffat Fire,2018-04-19,Inyo,1065.0,36.71537,-118.08449,4,3,Spring,Large
Grape Fire,2018-04-24,Humboldt,0.0,40.70258,-123.55012,4,1,Spring,Small
Main Fire,2018-04-28,Riverside,73.0,33.67815,-117.32281,4,5,Spring,Medium
White Fire,2018-05-18,Tulare,26.0,35.826333,-118.9821,5,4,Spring,Small
Jelly Fire,2018-05-18,Tehama,103.0,40.31759,-122.21032,5,4,Spring,Medium
Ager Fire,2018-05-19,Siskiyou,27.0,41.791859,-122.513883,5,5,Spring,Small
Plaza Fire,2018-05-20,Merced,88.0,37.056944,-121.01638,5,6,Spring,Medium
Bellagio Fire,2018-05-21,Napa,12.0,38.16303,-122.23059,5,0,Spring,Small
Agua Fire,2018-05-22,San Diego,59.0,33.35505,-117.03134,5,1,Spring,Medium
Experimental Fire,2018-05-23,Madera,56.0,37.0979,-119.75307,5,2,Spring,Medium
Water Fire,2018-05-24,San Luis Obispo,100.0,35.56922,-120.12441,5,3,Spring,Medium
Cobble Fire,2018-05-26,Fresno,108.0,36.75581,-119.42172,5,5,Spring,Medium
Keeler Fire,2018-05-27,Santa Clara,16.0,37.21803,-121.76828,5,6,Spring,Small
70th Fire,2018-05-28,Riverside,10.0,33.53924,-116.10231,5,0,Spring,Small
Chrome Fire,2018-05-28,Glenn,75.0,39.65578,-122.58666,5,0,Spring,Medium
Stuhr Fire,2018-05-29,Stanislaus,63.0,37.32744,-121.10903,5,1,Spring,Medium
Vineyard Fire,2018-05-29,San Luis Obispo,25.0,35.71859,-120.64028,5,1,Spring,Small
Grant Fire,2018-05-30,Alameda,484.0,37.75375,-121.57918,5,2,Spring,Large
Madison FIre,2018-06-01,Yolo,14.0,38.64953,-122.01762,6,4,Summer,Small
Open Fire,2018-06-01,Glenn,127.0,39.46543,-122.65582,6,4,Summer,Medium
Plymire Fire,2018-06-01,Tehama,23.0,40.201826,-122.29388,6,4,Summer,Small
Glen Fire,2018-06-02,Contra Costa,23.0,37.99113,-121.86473,6,5,Summer,Small
Aliso Fire,2018-06-02,Orange,175.0,33.55132,-117.72044,6,5,Summer,Large
Jardin Fire,2018-06-02,Riverside,10.0,33.45014,-117.22215,6,5,Summer,Small
Coldwell Fire,2018-06-02,Fresno,13.0,36.10499,-120.55324,6,5,Summer,Small
Black Fire,2018-06-03,Tehama,10.0,39.80827,-122.3307,6,6,Summer,Small
Grande Fire,2018-06-03,Riverside,11.0,33.47413,-117.31468,6,6,Summer,Small
Ethanac Fire,2018-06-03,Riverside,17.0,33.742,-117.28189,6,6,Summer,Small
Fairview Fire,2018-06-03,San Benito,35.0,36.83036,-121.36446,6,6,Summer,Small
Resort Fire,2018-06-03,San Luis Obispo,12.0,35.75737,-120.91793,6,6,Summer,Small
Martin Fire,2018-06-03,Siskiyou,37.0,41.58233,-122.33769,6,6,Summer,Medium
Adobe Fire,2018-06-03,San Diego,38.0,32.78031,-117.06782,6,6,Summer,Medium
Green Fire,2018-06-03,San Diego,10.0,32.75072,-116.92404,6,6,Summer,Small
Stone Fire,2018-06-04,Los Angeles,1352.0,34.5486,-118.31138,6,0,Summer,Large
Meamber Fire,2018-06-04,Siskiyou,12.0,41.64805,-122.98442,6,0,Summer,Small
Airline Fire,2018-06-04,San Benito,1314.0,36.40755,-120.99322,6,0,Summer,Large
Eastern Fire,2018-06-04,San Benito,513.0,36.378333,-120.901167,6,0,Summer,Large
ONeals Fire,2018-06-04,Madera,300.0,37.10181,-119.623981,6,0,Summer,Large
Panoche Fire,2018-06-04,San Benito,64.0,36.64832,-121.03253,6,0,Summer,Medium
Pallet Fire,2018-06-05,Sonoma,10.0,38.245151,-122.44408,6,1,Summer,Small
Vista Fire,2018-06-05,San Diego,12.0,33.40769,-117.22974,6,1,Summer,Small
Recycle Fire,2018-06-06,San Diego,265.0,32.63046,-116.46674,6,2,Summer,Large
Liberty Fire,2018-06-11,San Joaquin,62.0,38.24033,-121.09199,6,0,Summer,Medium
Bear Fire,2018-06-07,Merced,200.0,37.33924,-120.24315,6,3,Summer,Large
Apple Fire,2018-06-09,Tehama,2956.0,39.94355,-122.3571,6,5,Summer,Large
Chrome Fire,2018-06-09,Glenn,2290.0,39.64978,-122.58218,6,5,Summer,Large
Mission Fire,2018-06-09,Marin,12.0,37.97638,-122.5275,6,5,Summer,Small
South Fire,2018-06-09,Los Angeles,175.0,37.97638,-122.5275,6,5,Summer,Large
Sam Fire,2018-06-09,Monterey,96.0,35.9352,-121.11936,6,5,Summer,Medium
Beaver Fire,2018-06-12,San Benito,215.0,36.37532,-120.862579,6,1,Summer,Large
Vista Fire,2018-06-13,San Luis Obispo,60.0,35.663607,-120.670311,6,2,Summer,Medium
Santiago Fire,2018-06-11,Orange,155.0,33.787838,-117.746625,6,0,Summer,Medium
Euclid Fire,2018-06-12,Riverside,154.0,33.925862,-117.654299,6,1,Summer,Medium
Portola Fire ,2018-06-12,Los Angeles,20.0,34.110516,-118.427886,6,1,Summer,Small
Spring Fire,2018-06-13,Tehama,70.0,40.394073,-122.135924,6,2,Summer,Medium
Bridle Fire,2018-06-14,Riverside,20.0,33.524412,-116.821724,6,3,Summer,Small
70 Fire,2018-06-14,Butte,20.0,39.602703,-121.617698,6,3,Summer,Small
Creston FIre,2018-06-14,San Luis Obispo,60.0,35.58354,-120.624135,6,3,Summer,Medium
Tumbleweed Fire,2018-06-14,Lassen,646.0,40.3768,-120.36403,6,3,Summer,Large
Planada Fire,2018-06-15,Merced,4563.0,37.39339,-120.34207,6,4,Summer,Large
Raymond Fire,2018-06-15,Madera,60.0,37.14663,-119.91223,6,4,Summer,Medium
Boyer Fire,2018-06-15,Mariposa,53.0,37.47677,-119.84299,6,4,Summer,Medium
Oregon Fire,2018-06-16,Butte,40.0,39.549167,-121.521111,6,5,Summer,Medium
Creek Fire,2018-06-16,Lake,32.0,38.886518,-122.476381,6,5,Summer,Small
Willow Fire,2018-06-16,Contra Costa,25.0,38.015323,-121.998967,6,5,Summer,Small
China Fire,2018-06-17,Amador,17.0,38.265645,-120.892404,6,6,Summer,Small
Vallecitos Fire,2018-06-17,Alameda,20.0,37.627119,-121.806775,6,6,Summer,Small
Dinosaur Fire,2018-06-17,Merced,185.0,37.05876,-121.176354,6,6,Summer,Large
Wheeler Fire,2018-06-18,Mariposa,115.0,37.707234,-120.199162,6,0,Summer,Medium
Iron Fire,2018-06-19,Contra Costa,40.0,37.779209,-121.908976,6,1,Summer,Medium
Ranchita Fire,2018-06-19,Monterey,10.0,35.77017,-120.57833,6,1,Summer,Small
Yankee Fire,2018-06-20,San Luis Obispo,1500.0,35.73629,-120.75593,6,2,Summer,Large
Creek Fire,2018-06-21,San Luis Obispo,10.0,35.05747,-120.39295,6,3,Summer,Small
Bascom Fire,2018-06-23,Shasta,328.0,40.52909,-122.17457,6,5,Summer,Large
Lane Fire,2018-06-23,Tehama,3392.0,40.35068,-121.77867,6,5,Summer,Large
Sierra Fire,2018-06-23,Tehama,170.0,40.12791,-122.19792,6,5,Summer,Large
Stoll Fire,2018-06-23,Tehama,268.0,40.18395,-122.27574,6,5,Summer,Large
Pawnee Fire,2018-06-23,Lake,15180.0,39.0674,-122.59848,6,5,Summer,Large
Canyon Fire,2018-06-23,Los Angeles,62.0,34.53765,-118.75495,6,5,Summer,Medium
Stony Fire,2018-07-04,Colusa,75.0,39.2976,-122.512012,7,2,Summer,Medium
Sheep Fire,2018-06-29,Kern,95.0,35.1234,-118.72905,6,4,Summer,Medium
Creek Fire,2018-06-24,Shasta,1678.0,40.50318,-122.42308,6,6,Summer,Large
Flat Fire,2018-06-24,Tuolumne,163.0,37.80785,-120.30187,6,6,Summer,Large
Horse Fire,2018-06-24,Calaveras,80.0,37.95766,-120.68902,6,6,Summer,Medium
Romero Fire,2018-06-24,Merced,68.0,37.08529,-121.09354,6,6,Summer,Medium
Peach Fire ,2018-07-05,Mendocino,90.0,39.038859,-123.38493,7,3,Summer,Medium
Waverly Fire,2018-06-29,San Joaquin,11789.0,38.052055,-120.945482,6,4,Summer,Large
Llano Fire,2018-06-29,Butte,10.0,39.6139,-121.954098,6,4,Summer,Small
Flat Fire,2018-06-28,Trinity,300.0,40.60402,-122.9144,6,3,Summer,Large
San Ardo,2018-06-26,Monterey,375.0,35.95515,-120.86256,6,1,Summer,Large
Lions Fire,2018-06-11,Madera,4064.0,37.571,-119.118,6,0,Summer,Large
Anchor Fire,2018-06-27,Fresno,76.0,36.696879,-119.304499,6,2,Summer,Medium
Shippee Fire,2018-06-26,Butte,460.0,39.59872,-121.78208,6,1,Summer,Large
Fox Fire,2018-06-26,San Luis Obispo,260.0,35.33916,-120.71488,6,1,Summer,Large
Hyatt Fire,2018-06-27,Lassen,383.0,40.316137,-120.45053,6,2,Summer,Large
Cherry Fire,2018-06-27,Siskiyou,63.0,41.83359,-122.99272,6,2,Summer,Medium
Par Fire,2018-07-04,Butte,191.0,39.491737,-121.637759,7,2,Summer,Large
Grant Fire,2018-06-29,Sacramento,30.0,38.595865,-121.17693,6,4,Summer,Small
Valley Fire,2018-06-29,Contra Costa,268.0,37.94714,-121.9921,6,4,Summer,Large
Tesla Fire,2018-06-29,Santa Clara,70.0,37.66074,-121.67144,6,4,Summer,Medium
Creek Fire,2018-06-30,San Bernardino,33.0,34.17711,-117.15381,6,5,Summer,Small
County Fire,2018-06-30,"Napa, Yolo",90000.0,38.80583,-122.18183,6,5,Summer,Large
Benton Fire,2018-07-04,Riverside,63.0,33.56349,-116.732032,7,2,Summer,Medium
Lariat Fire,2018-07-14,Tehama,33.0,40.00293,-122.44008,7,5,Summer,Small
School Fire,2018-07-10,Madera,12.0,37.22791,-119.50461,7,1,Summer,Small
Petersburg Fire,2018-07-01,Siskiyou,215.0,41.085,-123.051,7,6,Summer,Large
West Fire,2018-07-06,San Diego,504.0,32.833674,-116.7311,7,4,Summer,Large
Buckingham Fire,2018-07-02,Contra Costa,45.0,37.86339,-122.12351,7,0,Summer,Medium
Building Fire,2018-07-06,San Diego,10.0,32.619855,-116.764733,7,4,Summer,Small
Shingle Fire,2018-07-04,El Dorado,316.0,38.539806,-121.059979,7,2,Summer,Large
Klamathon Fire,2018-07-05,Siskiyou,38008.0,41.893332,-122.534655,7,3,Summer,Large
Irish Fire,2018-07-06,Amador,825.0,38.42623,-120.95408,7,4,Summer,Large
Valley Fire,2018-07-06,San Bernardino,1350.0,34.095568,-116.958806,7,4,Summer,Large
Eagle Fire,2018-07-13,Modoc,2100.0,41.29363,-120.11461,7,4,Summer,Large
Holiday Fire,2018-07-06,Santa Barbara,113.0,34.463889,-119.831389,7,4,Summer,Medium
Bridle Fire,2018-07-06,Santa Clara,116.0,37.06367,-121.53586,7,4,Summer,Medium
Stoney Fire,2018-07-12,Butte,962.0,39.77124,-121.76859,7,3,Summer,Large
Gray Fire,2018-07-13,San Bernardino,12.0,34.171786,-117.35606,7,4,Summer,Small
Ferguson Fire,2018-07-13,Mariposa,96901.0,37.6549,-119.88581,7,4,Summer,Large
Lebec Fire,2018-07-08,Kern,62.0,34.86022,-118.87881,7,6,Summer,Medium
Dark Fire,2018-07-10,Butte,11.0,39.66492,-121.51772,7,1,Summer,Small
Curie Fire,2018-07-10,Santa Clara,70.0,37.22545,-121.79189,7,1,Summer,Medium
Hale Fire,2018-07-10,Santa Clara,51.0,37.163594,-121.702547,7,1,Summer,Medium
Kelley Fire,2018-07-14,Modoc,52.0,41.50105,-120.61108,7,5,Summer,Medium
Panoche Fire,2018-07-11,San Benito,278.0,36.65351,-121.0454,7,2,Summer,Large
Georges Fire,2018-07-08,Inyo,2883.0,36.6734,-118.21881,7,6,Summer,Large
Vista Fire,2018-07-08,Shasta,31.0,40.62693,-122.23449,7,6,Summer,Small
Bruce Fire,2018-07-08,Contra Costa,56.0,37.79718,-121.85311,7,6,Summer,Medium
Grant Fire,2018-07-08,Alameda,480.0,37.75646,-121.60646,7,6,Summer,Large
Box Fire,2018-07-06,San Bernardino,100.0,34.22526,-117.40967,7,4,Summer,Medium
Cornerstone Fire,2018-07-09,Madera,11.0,37.19817,-119.80414,7,0,Summer,Small
Spring 2 Fire,2018-07-09,Lake,80.0,39.06715,-122.59789,7,0,Summer,Medium
Dale Fire,2018-07-09,Tehama,856.0,40.33682,-121.93908,7,0,Summer,Large
Idria Fire,2018-07-12,San Benito,116.0,36.59036,-120.82355,7,3,Summer,Medium
3-2 Fire,2018-07-14,Lassen,14.0,39.99309,-120.02137,7,5,Summer,Small
Steamboat Fire,2018-07-15,Siskiyou,224.0,41.70877,-122.47293,7,6,Summer,Large
3-10 Fire,2018-07-15,Lassen,56.0,40.95234,-121.21597,7,6,Summer,Medium
Johnson Fire,2018-07-15,Humboldt,16.0,41.34453,-123.85404,7,6,Summer,Small
3-18 Fire,2018-07-15,Lassen,32.0,41.08583,-121.05722,7,6,Summer,Small
3-16 Fire,2018-07-15,Lassen,89.0,40.94666,-121.27049,7,6,Summer,Medium
Tuscan Fire,2018-07-15,Tehama,50.0,40.27754,-122.11375,7,6,Summer,Medium
Mill Creek 1 Fire,2018-08-16,Humboldt,3674.0,41.07944,-123.688056,8,3,Summer,Large
Camp Fire,2018-07-17,San Luis Obispo,14.0,35.70086,-120.97339,7,1,Summer,Small
Border Fire,2018-07-17,San Diego,28.0,32.557566,-116.8663,7,1,Summer,Small
Lott Fire,2018-07-17,Siskiyou,10.0,41.632373,-122.37985,7,1,Summer,Small
Cruces Fire,2018-07-18,Santa Barbara,77.0,34.54305556,-120.3180556,7,2,Summer,Medium
Eighty Eight Fire,2018-07-18,Yolo,822.0,38.59694444,-121.9938889,7,2,Summer,Large
Simmons Fire,2018-07-19,Butte,43.0,39.57202,-121.43131,7,3,Summer,Medium
Ben Fire,2018-07-19,Mariposa,40.0,37.28365,-119.97546,7,3,Summer,Medium
Cinnamon Fire,2018-07-20,San Diego,13.0,33.04898,-116.78928,7,4,Summer,Small
Skyline Fire,2018-07-19,Riverside,282.0,33.836101,-117.607577,7,3,Summer,Large
Highland Fire,2018-07-20,Shasta,63.0,40.741186,-122.649626,7,4,Summer,Medium
Windmill Fire,2018-07-20,Santa Barbara,110.0,34.62412,-120.22298,7,4,Summer,Medium
Carder Fire,2018-07-21,Lake,50.0,38.91152,-122.86854,7,5,Summer,Medium
Rock Fire,2018-07-21,San Luis Obispo,30.0,35.68539,-120.95157,7,5,Summer,Small
Mustang Fire,2018-07-21,San Luis Obispo,37.0,35.64917,-120.71907,7,5,Summer,Medium
Country Fire,2018-07-22,Santa Clara,320.0,37.449425,-121.88807,7,6,Summer,Large
Heart Fire,2018-07-21,Mendocino,67.0,39.279833,-123.258319,7,5,Summer,Medium
Horse Creek Fire,2018-07-19,Tulare,34.0,36.42638,-118.70443,7,3,Summer,Small
Carr Fire,2018-07-23,"Shasta, Trinity",229651.0,40.65428,-122.62357,7,0,Summer,Large
Pico Fire,2018-07-23,Los Angeles,128.0,34.38039,-118.60441,7,0,Summer,Medium
Martinez Fire,2018-07-23,Riverside,40.0,33.56921,-116.154398,7,0,Summer,Medium
Ridge Fire,2018-09-02,Lake,36.0,38.981389,-122.97222,9,6,Fall,Medium
Crestline Fire,2018-07-24,Shasta,51.0,40.824,-121.90215,7,1,Summer,Medium
Roxie Fire (Formerly 1-1 Fire),2018-07-24,Lassen,167.0,40.34822,-120.82497,7,1,Summer,Large
Church Fire,2018-07-25,Santa Clara,20.0,37.07793,-121.600023,7,2,Summer,Small
Marsh Fire,2018-07-25,Contra Costa,247.0,37.89612,-121.85847,7,2,Summer,Large
Hidden Fire,2018-07-25,San Benito,39.0,36.796,-121.40604,7,2,Summer,Medium
Patterson Fire,2018-07-25,Alameda,34.0,37.71173,-121.55604,7,2,Summer,Small
Western Fire,2018-08-01,Mendocino,106.0,38.8802,-123.0496,8,2,Summer,Medium
Pasqual Fire,2018-07-27,San Diego,365.0,33.07892,-116.91845,7,4,Summer,Large
Ribbon Fire,2018-07-26,Riverside,205.0,33.571763,-116.500058,7,3,Summer,Large
Parrots Fire,2018-08-05,Calaveras,136.0,38.08424,-120.46078,8,6,Summer,Medium
Wagner Fire,2018-08-04,Mariposa,22.0,37.69965,-120.0545,8,5,Summer,Small
Creek Fire,2018-08-04,Alameda,30.0,37.533026,-121.79733,8,5,Summer,Small
Tarina Fire,2018-08-03,Kern,3156.0,35.37444,-118.83556,8,4,Summer,Large
Ranch Fire (Mendocino Complex),2018-07-27,"Colusa, Mendocino, Glenn, Lake",410203.0,39.243283,-123.103367,7,4,Summer,Large
Balch Fire,2018-07-27,Tulare,100.0,36.21634,-118.82989,7,4,Summer,Medium
River Fire (Mendocino Complex),2018-07-27,"Colusa, Lake, Mendocino",48920.0,39.04786,-123.11971,7,4,Summer,Large
Breckenridge Fire,2018-07-27,Kern,993.0,35.387408,-118.817934,7,4,Summer,Large
Whaleback Fire,2018-07-27,Lassen,18703.0,40.633536,-120.868091,7,4,Summer,Large
Donnell Fire,2018-08-01,Tuolumne,36450.0,38.349,-119.929,8,2,Summer,Large
Owens Fire,2018-07-31,Inyo,338.0,37.735461,-118.970443,7,1,Summer,Large
Sobrante Fire,2018-07-28,Riverside,30.0,33.85852,-117.43521,7,5,Summer,Small
Rock Fire,2018-07-28,San Diego,207.0,33.41476,-117.24044,7,5,Summer,Large
Butte Fire,2018-07-31,Sutter,1200.0,39.186144,-121.792885,7,1,Summer,Large
Steele Fire,2018-07-28,Napa,135.0,38.51943,-122.18353,7,5,Summer,Medium
Eel Fire,2018-07-31,Mendocino,972.0,39.82877,-123.08489,7,1,Summer,Large
Corner Fire,2018-07-29,Shasta,35.0,40.95673,-121.6002,7,6,Summer,Small
Reservoir Fire,2018-09-16,San Luis Obispo,51.0,35.30151,-120.64398,9,6,Fall,Medium
Casner Fire,2018-08-06,San Diego,14.0,33.05737,-116.77154,8,0,Summer,Small
Bumper Fire,2018-08-01,El Dorado,67.0,38.645,-120.874167,8,2,Summer,Medium
Omega Fire,2018-08-01,El Dorado,66.0,38.82128,-121.03918,8,2,Summer,Medium
Sunset Fire,2018-08-01,Placer,695.0,38.82426,-121.451307,8,2,Summer,Large
Turkey Fire,2018-08-06,Monterey,2225.0,35.847778,-120.343056,8,0,Summer,Large
Holy Fire,2018-08-06,Orange,23136.0,33.69888,-117.52055,8,0,Summer,Large
Terra Fire,2018-08-06,Riverside,35.0,33.759722,-117.460278,8,0,Summer,Small
South Fire,2018-08-06,Calaveras,290.0,38.061298,-120.872244,8,0,Summer,Large
Murphy Fire,2018-08-07,Plumas,117.0,39.996944,-121.27,8,1,Summer,Medium
Five Fire,2018-08-06,Kings,2995.0,35.97896,-119.98329,8,0,Summer,Large
Bridge Fire,1969-12-31,Marin,45.0,38.07135,-122.76751,12,2,Winter,Medium
Pine Fire,2018-08-16,Kern,114.0,35.56888889,-118.8013889,8,3,Summer,Medium
Hirz Fire,2018-08-09,Shasta,46150.0,40.896,-122.219,8,3,Summer,Large
Land Fire,2018-08-22,Riverside,23.0,33.946896,-117.066643,8,2,Summer,Small
Rangeland Fire,2018-08-09,San Diego,250.0,33.076239,-116.902985,8,3,Summer,Large
Hat Fire,2018-08-09,Shasta,1900.0,40.99344,-121.52225,8,3,Summer,Large
Syar Fire,2018-08-09,Napa,10.0,38.27229,-122.26389,8,3,Summer,Small
Alhambra Fire,2018-08-17,Contra Costa,30.0,37.99618,-122.14097,8,4,Summer,Small
Snell Fire,2018-09-08,Napa,2490.0,38.69601,-122.44468,9,5,Fall,Large
Nelson Fire,2018-08-10,Solano,2162.0,38.431278,-122.043747,8,4,Summer,Large
Marcel Fire,2018-08-17,Kern,34.0,35.17156,-118.51651,8,4,Summer,Small
Oak Fire,2018-08-12,Nevada,16.0,39.10494,-121.07039,8,6,Summer,Small
Cloverdale Fire,2018-08-13,San Diego,100.0,33.0971179,-117.0242529,8,0,Summer,Medium
Gulch Fire,2018-08-11,Monterey,700.0,36.00912,-120.82226,8,5,Summer,Large
River Fire,2018-08-15,Tulare,496.0,35.79012,-118.7393,8,2,Summer,Large
Stone Fire,2018-08-15,Modoc,39387.0,41.38544,-121.04386,8,2,Summer,Large
Castro Fire,2018-08-26,Alameda,48.0,37.69926,-122.02805,8,6,Summer,Medium
Call Fire,2018-08-18,Kern,367.0,35.51777778,-118.6525,8,5,Summer,Large
Gorge Fire,2018-08-19,Shasta,155.0,40.36888889,-122.8905556,8,6,Summer,Medium
Front Fire,2018-08-19,Santa Barbara,1014.0,35.11416667,-120.0922222,8,6,Summer,Large
Keller Fire,2018-08-19,Riverside,10.0,33.627006,-117.171731,8,6,Summer,Small
Eastman Fire,2018-08-23,Madera,289.0,37.197039,-120.002619,8,3,Summer,Large
Country Fire,2018-08-25,Riverside,32.0,33.97902,-117.20534,8,5,Summer,Small
Redinger Fire,2018-08-27,Madera,88.0,37.179167,-119.431667,8,0,Summer,Medium
Cache Fire,2018-08-26,Lake,103.0,39.02017,-122.57496,8,6,Summer,Medium
Winchester Fire,2018-08-27,Riverside,36.0,33.640051,-117.085354,8,0,Summer,Medium
Fork Fire,2018-09-09,Los Angeles,166.0,34.2325,-117.846111,9,6,Fall,Large
Grade Fire,2018-08-30,Lake,60.0,38.8275,-122.3625,8,3,Summer,Medium
Ogilvy Fire,2018-09-01,Santa Barbara,172.0,34.576944,-119.61416,9,5,Fall,Large
Essex Fire,2018-09-02,Modoc,15.0,41.52123,-120.72362,9,6,Fall,Small
Sterling,2018-08-31,San Bernardino,125.0,34.15475,-117.244366,8,4,Summer,Medium
Delta Fire,2018-09-05,"Shasta, Trinity",63311.0,40.9425,-122.43,9,2,Fall,Large
Kelsey Fire,2018-09-03,Lake,24.0,38.91842,-122.85276,9,0,Fall,Small
North Fire,2018-09-03,Placer,1120.0,39.268611,-120.658333,9,0,Fall,Large
Sliger Fire,2018-09-04,El Dorado,150.0,38.94388,-120.92611,9,1,Fall,Medium
Ranchera Fire,2018-09-04,Shasta,13.0,40.678889,-122.400556,9,1,Fall,Small
Tulloch Fire,2018-09-08,Tuolumne,573.0,37.83388,-120.61746,9,5,Fall,Large
Kerlin Fire,2018-09-04,Trinity,1751.0,40.616251,-123.52019,9,1,Fall,Large
Boot Fire,2018-09-04,Mono,6974.0,38.347395,-119.45186,9,1,Fall,Large
Metz Fire,2018-09-13,Monterey,411.0,36.35502,-121.1563,9,3,Fall,Large
Irving Fire,2018-09-10,Marin,152.0,38.02447,-122.727,9,0,Fall,Medium
Water Fire,2018-09-12,Kern,200.0,34.91482,-118.92485,9,2,Fall,Large
Soboba Fire,2018-09-14,Riverside,25.0,33.80406,-116.93188,9,4,Fall,Small
Meyers Fire,2018-09-20,El Dorado,12.0,38.7448,-120.65672,9,3,Fall,Small
Charlie Fire,2018-09-22,Los Angeles,3380.0,34.48229,-118.60858,9,5,Fall,Large
Oak Fire,2018-09-22,Madera,360.0,37.38789,-119.68912,9,5,Fall,Large
Copper Fire,2018-09-22,Lassen,53.0,40.33642,-120.93005,9,5,Fall,Medium
Wilson Fire,2018-09-28,Tehama,261.0,40.34256,-121.43025,9,4,Fall,Large
Silver Fire,2018-09-28,Shasta,76.0,40.5939,-122.17173,9,4,Fall,Medium
Quimby Fire,2018-09-23,Santa Clara,30.0,37.33563,-121.75815,9,6,Fall,Small
Nimshew Fire,2018-09-24,Butte,33.0,39.84151,-121.62168,9,0,Fall,Small
Shandon Fire,2018-09-29,San Luis Obispo,80.0,-120.258,-120.258,9,5,Fall,Medium
Keenbrook Fire,2018-09-26,San Bernardino,53.0,34.24138,-117.42431,9,2,Fall,Medium
Nacimiento Fire,2018-10-02,Monterey,150.0,35.97677,-121.24898,10,1,Fall,Medium
Eagle Fire,2018-10-02,Fresno,32.0,36.938674,-119.3127769,10,1,Fall,Small
Sun Fire,2018-10-07,Tehama,3889.0,40.22027778,-122.18,10,6,Fall,Large
Park Fire,2018-10-07,Santa Clara,63.0,37.1769444,-121.6869444,10,6,Fall,Medium
Iron Gate Fire,2018-10-10,Siskiyou,15.0,41.94046,-122.43933,10,2,Fall,Small
Winters Fire,2018-10-12,Solano,160.0,38.45673,-121.94658,10,4,Fall,Large
Priest Fire,2018-10-13,Monterey,167.0,36.18401,-120.69955,10,5,Fall,Large
Tower Fire,2018-10-14,Shasta,12.0,40.49618,-122.51597,10,6,Fall,Small
Masonic Fire,2018-10-14,Shasta,38.0,40.60866,-122.38366,10,6,Fall,Medium
Powellton Fire,2018-10-15,Butte,10.0,39.93427,-121.54103,10,0,Fall,Small
Camino Fire,2018-10-19,San Luis Obispo,58.0,35.17693,-120.48861,10,4,Fall,Medium
Market Fire,2018-10-24,Tulare,120.0,36.47766,-119.10433,10,2,Fall,Medium
June Fire,2018-10-30,Butte,550.0,39.36529,-121.51707,10,1,Fall,Large
Rincon Fire,2018-11-03,Santa Cruz,17.0,37.0125,-122.046,11,5,Fall,Small
Brushy Fire,2018-11-08,Mendocino,35.0,39.62194,-123.28774,11,3,Fall,Small
Camp Fire,2018-11-08,Butte,153336.0,39.8134,-121.4347,11,3,Fall,Large
Adams Fire,2018-11-05,Tehama,60.0,40.346652,-122.308479,11,0,Fall,Medium
Horn Fire,2018-11-08,Lassen,88.0,40.83116,-120.19336,11,3,Fall,Medium
Nurse Fire,2018-11-08,Solano,1500.0,38.21396,-121.9424,11,3,Fall,Large
Hill Fire,2018-11-08,Ventura,4381.0,34.22685,-118.93444,11,3,Fall,Large
Woolsey Fire,2018-11-08,"Los Angeles, Ventura",96949.0,34.235,-118.70128,11,3,Fall,Large
Pilot Fire,2019-01-01,Humboldt,30.0,40.61805556,-123.6755556,1,1,Winter,Small
Honey Flooding,2018-11-29,Butte,0.0,39.71217,-121.77385,11,3,Fall,Small
Morgan Fire,2018-11-15,Contra Costa,20.0,37.81111,-121.7944,11,3,Fall,Small
Green Hill Fire,2018-11-12,Humboldt,10.0,40.888785,-124.001849,11,0,Fall,Small
Sierra Fire,2018-11-13,San Bernardino,147.0,34.18075,-117.43184,11,1,Fall,Medium
Niles Fire,2018-11-14,Alameda,20.0,37.61158,-121.94182,11,2,Fall,Small
Briggs Fire,2018-11-15,Ventura,150.0,34.30166667,-119.0991667,11,3,Fall,Medium
Peak Fire,2018-11-12,Ventura,186.0,34.26734825,-118.6438159,11,0,Fall,Large
Bear Fire ,2018-11-16,Santa Cruz,10.0,37.12857,-122.12036,11,4,Fall,Small
Scott Fire,2019-06-25,Yuba,80.0,39.24678,-121.32399,6,1,Summer,Medium
York Fire,2019-04-28,Kings,161.0,35.81778,-120.09715,4,6,Spring,Large
Cana Fire,2019-04-30,Butte,10.0,39.83958,-121.957,4,1,Spring,Small
Woody Fire,2019-04-30,Kern,115.0,35.65189,-118.92545,4,1,Spring,Medium
Meridian Fire,2019-05-01,Butte,50.0,39.85484,-121.905,5,2,Spring,Medium
Vulcan Fire,2019-05-03,Kern,172.0,35.03855,-119.19454,5,4,Spring,Large
Refuge Fire,2019-05-07,Kern,2500.0,35.72057,-119.62762,5,1,Spring,Large
Sugar Fire,2019-05-10,Placer,65.0,39.11536,-120.76088,5,4,Spring,Medium
Border Fire,2019-05-13,San Diego,22.0,32.557566,-116.8663,5,0,Spring,Small
Shady Fire,2019-05-18,Riverside,130.0,33.650237,-116.172534,5,5,Spring,Medium
Paskenta Fire,2019-05-20,Tehama,63.0,39.98097,-122.30737,5,0,Spring,Medium
Foothill Fire,2019-05-20,Riverside,26.0,33.81678,-117.18194,5,0,Spring,Small
Belmont Fire,2019-05-29,San Luis Obispo,835.0,35.30759,-119.96498,5,2,Spring,Large
Hill Fire,2019-05-29,Fresno,121.0,36.66909,-119.3046,5,2,Spring,Medium
Diversion Fire,2019-05-30,Riverside,45.0,33.69078,-114.57265,5,3,Spring,Medium
Canyon Fire,2019-05-30,Santa Clara,144.0,37.45899,-121.22093,5,3,Spring,Medium
66 Fire,2019-05-29,Riverside,55.0,33.57039,-116.1466,5,2,Spring,Medium
Spruce Fire,2019-06-01,Tulare,155.0,36.28001,-119.10974,6,5,Summer,Medium
Citrus Fire,2019-06-02,Tulare,257.0,36.18479,-118.99229,6,6,Summer,Large
Yokohl Fire,2019-06-03,Tulare,33.0,36.23012,-118.85712,6,0,Summer,Small
Bear Fire,2019-06-03,Tulare,25.0,36.14246,-118.80582,6,0,Summer,Small
Boulder Fire,2019-06-05,San Luis Obispo,1075.0,35.343761,-119.913717,6,2,Summer,Large
Willow Fire,2019-06-06,Contra Costa,23.0,38.02503,-121.9763,6,3,Summer,Small
Nelson Fire ,2019-06-07,Solano,24.0,38.21416,-122.12214,6,4,Summer,Small
Watt Fire,2019-06-07,Placer,27.0,38.75263,-121.39259,6,4,Summer,Small
Stuhr Fire,2019-06-07,Stanislaus,581.0,37.25988,-121.09375,6,4,Summer,Large
Levee Fire,2019-06-08,Yuba,70.0,39.15641,-121.56363,6,5,Summer,Medium
Sand Fire,2019-06-08,Yolo,2220.0,38.88978,-122.23922,6,5,Summer,Large
Ink Fire,2019-06-08,Napa,50.0,38.63047,-122.47282,6,5,Summer,Medium
West Butte Fire,2019-06-08,Sutter,1350.0,39.28926,-121.85906,6,5,Summer,Large
McMillan Fire,2019-06-12,San Luis Obispo,1763.0,35.66318,-120.41128,6,2,Summer,Large
Malech Fire,2019-06-09,Santa Clara,210.0,37.21638,-121.70768,6,6,Summer,Large
Calaveras Fire ,2019-06-10,Santa Clara,35.0,37.44422,-121.84082,6,0,Summer,Small
Ardo Fire,2019-06-12,Monterey,43.0,35.97059,-120.88241,6,2,Summer,Medium
Springs Fire,2019-06-10,Tulare,47.0,35.89593,-118.94106,6,0,Summer,Medium
Bitter Fire ,2019-06-10,San Luis Obispo,120.0,35.57376,-120.11738,6,0,Summer,Medium
Pauma Fire,2019-06-10,San Diego,15.0,33.30267,-116.97772,6,0,Summer,Small
32 Fire,2019-06-15,Butte,17.0,39.76242,-121.73659,6,5,Summer,Small
Rocky Fire,2019-06-14,Siskiyou,17.0,41.64895,-122.35962,6,4,Summer,Small
IronGate Fire,2019-06-16,Siskiyou,10.0,41.94622,-122.40157,6,6,Summer,Small
Weisgarber Fire,2019-06-20,San Diego,120.0,33.39684,-117.29665,6,3,Summer,Medium
Lumgrey Fire,2019-06-17,Siskiyou,207.0,39.28926,-121.85906,6,0,Summer,Large
Jerry Fire,2019-06-21,Riverside,500.0,33.919507,-117.103765,6,4,Summer,Large
Mountain Fire,2019-06-21,Alameda,30.0,37.75427,-121.57382,6,4,Summer,Small
Paskenta Fire,2019-06-22,Tehama,46.0,39.97083,-122.48277,6,5,Summer,Medium
Scott Fire,2019-06-24,Yuba,80.0,39.24678,-121.32399,6,0,Summer,Medium
Rock Fire,2019-06-25,Stanislaus,2420.0,37.46577,-121.28312,6,1,Summer,Large
Lonoak Fire,2019-06-25,Monterey,2546.0,36.28426,-120.94771,6,1,Summer,Large
Trinity Fire,2019-06-26,Shasta,90.0,40.41404,-122.66779,6,2,Summer,Medium
Mines Fire,2019-06-26,Santa Clara,17.0,37.494136,-121.534827,6,2,Summer,Small
Dyer Fire,2019-06-26,Placer,148.0,38.73817,-121.39419,6,2,Summer,Medium
Nuevo Fire,2019-06-27,Riverside,20.0,33.80493,-117.15738,6,3,Summer,Small
Long Fire,2019-06-28,Nevada,2.0,39.40972222,-121.0005556,6,4,Summer,Small
Otay Fire,2019-06-29,San Diego,28.0,32.62305556,-116.9141667,6,5,Summer,Small
Wolf Fire ,2019-06-29,Riverside,214.0,33.911,-116.980528,6,5,Summer,Large
Merced Fire ,2019-06-29,Merced,210.0,37.312877,-120.242411,6,5,Summer,Large
Mayberry Fire ,2019-06-29,Butte,12.0,39.32889,-121.23431,6,5,Summer,Small
Coyote Fire,2019-07-02,Santa Clara,74.0,37.18904,-121.694968,7,1,Summer,Medium
Hollow Fire,2019-07-03,San Joaquin,283.0,37.63206,-121.538382,7,2,Summer,Large
Bikeway Fire,2019-07-05,Alameda,25.0,37.469,-121.3697,7,4,Summer,Small
Fellow Fire,2019-07-05,Contra Costa,24.0,37.99837,-122.16201,7,4,Summer,Small
Ranch Fire,2019-07-05,Shasta,30.0,40.41741,-122.767256,7,4,Summer,Small
Snowstorm Fire,2019-07-05,Lassen,263.0,40.679318,-120.392768,7,4,Summer,Large
Far Fire,2019-07-06,Yuba,38.0,39.06066,-121.35014,7,5,Summer,Medium
Lake Fire,2019-07-08,Mariposa,244.0,37.524378,-120.296551,7,0,Summer,Large
Gillis Fire,2019-07-08,San Luis Obispo,1010.0,35.6311111,-120.2691666,7,0,Summer,Large
Sargent Fire,2019-07-09,Monterey,190.0,35.95191,-120.8092,7,1,Summer,Large
Gibbel Fire ,2019-07-11,Riverside,20.0,33.69055556,-116.953889,7,3,Summer,Small
Border Fire,2019-07-12,San Diego,100.0,32.566389,-116.7525,7,4,Summer,Medium
Lincoln Fire,2019-07-12,Riverside,80.0,33.56938,-116.07896,7,4,Summer,Medium
Mid Fire,2019-07-12,Alameda,22.0,37.093243,-121.586846,7,4,Summer,Small
Horse Fire,2019-07-12,Shasta,30.0,40.463936,-122.435492,7,4,Summer,Small
Orange fire,2019-07-13,Riverside,96.0,33.8128372,-117.1228851,7,5,Summer,Medium
Jasper Fire,2019-07-13,State of Nevada,1165.0,39.631945,-119.769881,7,5,Summer,Large
Doyle Fire,2019-07-14,Lassen,193.0,40.072739,-120.158273,7,6,Summer,Large
South Fire ,2019-07-14,Ventura,131.0,34.366111,-118.96,7,6,Summer,Medium
Milton Fire ,2019-07-15,Stanislaus,202.0,37.944751,-120.84372,7,0,Summer,Large
Aborn Fire,2019-07-15,Santa Clara,47.0,37.32555556,-121.7644444,7,0,Summer,Medium
Madera Fire ,2019-07-15,Madera,213.0,37.016944,-119.934167,7,0,Summer,Large
Meadow Fire,2019-07-16,Riverside,81.0,33.514658,-116.7884,7,1,Summer,Medium
Whiskey Fire,2019-07-16,San Joaquin,90.0,37.962557,-121.468074,7,1,Summer,Medium
Goose 2 Fire,2019-07-17,Modoc,128.0,41.909,-120.306,7,2,Summer,Medium
Vista Fire,2019-07-17,San Diego,25.0,32.794768,-116.839743,7,2,Summer,Small
Rains Fire,2019-07-18,Stanislaus,35.0,37.420988,-121.371276,7,3,Summer,Small
Whiskey Fire,2019-07-18,Calaveras,27.0,38.115224,-120.78068,7,3,Summer,Small
Valley Fire,2019-07-21,Mariposa,149.0,37.241427,-120.027731,7,6,Summer,Medium
Tejon Fire,2019-07-21,Kern,208.0,34.9008333,-118.9183333,7,6,Summer,Large
Canyon Fire,2019-07-22,Napa,64.0,38.481258,-122.143942,7,0,Summer,Medium
Milpas Fire,2019-07-22,San Bernardino,81.0,34.42386,-117.10318,7,0,Summer,Medium
Moms Fire ,2019-07-23,Butte,10.0,39.423833,-121.579738,7,1,Summer,Small
Marshview Fire,2019-07-24,Solano,183.0,38.158333,-122.118889,7,2,Summer,Large
Sweigert Fire ,2019-07-24,Santa Clara,80.0,37.433192,-121.807258,7,2,Summer,Medium
Thompson Fire ,2019-07-24,San Luis Obispo,95.0,35.004722,-120.435278,7,2,Summer,Medium
Tree Fire,2019-07-27,Siskiyou,83.0,41.834366,-122.656569,7,5,Summer,Medium
Community Fire,2019-07-27,Siskiyou,35.0,41.838,-122.845,7,5,Summer,Small
Usal Fire,2019-07-27,Mendocino,130.0,39.831762,-123.846013,7,5,Summer,Medium
Star Fire,2019-07-28,San Bernardino,156.0,33.997528,-117.769766,7,6,Summer,Large
Tucker Fire,2019-07-28,Modoc,14217.0,41.79591,-121.260305,7,6,Summer,Large
Dehesa Fire,2019-07-28,San Diego,150.0,32.767649,-116.796032,7,6,Summer,Medium
Range Fire,2019-07-28,Santa Barbara,100.0,34.665699,-119.94974,7,6,Summer,Medium
Lake Fire,2019-07-29,Monterey,306.0,35.908333,-120.984167,7,0,Summer,Large
Mill Fire,2019-07-30,Monterey,280.0,36.008889,-121.466944,7,1,Summer,Large
Carson Fire,2019-07-30,El Dorado,13.0,38.757636,-120.75664,7,1,Summer,Small
Mesa Fire ,2019-07-31,Kern,448.0,35.60989,-118.41204,7,2,Summer,Large
Caliente Fire,2019-08-01,San Diego,448.0,32.575556,-117.026667,8,3,Summer,Large
Browns Fire,2019-08-02,Sacramento,84.0,38.3525,-121.123611,8,4,Summer,Medium
Prairie Fire ,2019-08-02,Sacramento,50.0,38.622058,-121.114095,8,4,Summer,Medium
Meadow Fire (Not a CAL FIRE incident),2019-08-02,Modoc,103.0,41.43783,-120.23976,8,4,Summer,Medium
Marsh Complex,2019-08-03,Contra Costa,340.0,37.908362,-121.872941,8,5,Summer,Large
Five Fire,2019-08-03,Los Angeles,156.0,34.677864,-118.752395,8,5,Summer,Large
La Barisa Fire,2019-08-03,San Bernardino,26.0,34.202883,-116.4449,8,5,Summer,Small
Gilbert Fire,2019-08-04,Shasta,30.0,40.55924,-122.25409,8,6,Summer,Small
Caliente Fire,2019-08-05,Kern,29.0,35.287373,-118.623651,8,0,Summer,Small
Toro Fire ,2019-08-05,Riverside,94.0,33.740219,-117.333728,8,0,Summer,Medium
Sellers Fire,2019-08-07,Contra Costa,58.0,37.968494,-121.678172,8,2,Summer,Medium
R-1 Fire,2019-08-07,Lassen,130.0,40.886677,-120.336977,8,2,Summer,Medium
3-2 Willow (Previously H-1 Fire),2019-08-07,Lassen,107.0,40.900458,-121.320838,8,2,Summer,Medium
Golf Fire,2019-08-08,Lake,20.0,38.99174,-122.7751,8,3,Summer,Small
Preston Fire,2019-08-08,Tuolumne,21.0,37.949747,-120.420058,8,3,Summer,Small
W1 McDonald Fire,2019-08-08,Lassen,1020.0,40.943799,-120.275298,8,3,Summer,Large
Harte Fire,2019-08-09,Alameda,240.0,37.708743,-121.841879,8,4,Summer,Large
Ward Fire,2019-08-09,State of Oregon,1301.0,42.033,-122.175,8,4,Summer,Large
Heavy Range Fire,2019-08-10,Yolo,33.0,39.171091,-121.423281,8,5,Summer,Small
Radio Fire,2019-08-12,Riverside,20.0,33.909792,-117.004667,8,0,Summer,Small
Lower Fire,2019-08-12,Shasta,46.0,40.46968,-122.54364,8,0,Summer,Medium
Moose Fire,2019-08-12,Mendocino,225.0,39.005262,-123.195306,8,0,Summer,Large
West Fire ,2019-08-13,Los Angeles,1575.0,34.91,-118.254,8,1,Summer,Large
Timm Fire ,2019-08-13,Solano,81.0,38.455,-121.969167,8,1,Summer,Medium
Greenstone Fire ,2019-08-14,El Dorado,16.0,38.703889,-120.890556,8,2,Summer,Small
Spring Fire ,2019-08-14,Colusa,20.0,39.088333,-122.309167,8,2,Summer,Small
Bayliss Fire,2019-08-15,Santa Clara,60.0,37.219717,-121.761974,8,3,Summer,Medium
Cottage Fire,2019-08-15,Shasta,156.0,40.484329,-122.159393,8,3,Summer,Large
Hunter Fire,2019-08-15,Mariposa,433.0,37.532028,-120.208019,8,3,Summer,Large
Border 9 Fire,2019-08-15,San Diego,80.0,32.57394,-116.760465,8,3,Summer,Medium
Patterson Fire,2019-08-15,El Dorado,35.0,38.652475,-120.826165,8,3,Summer,Small
Border 8 Fire,2019-08-16,Mexico,1507.0,32.573437,-116.658735,8,4,Summer,Large
Gaines Fire,2019-08-16,Mariposa,1300.0,37.536069,-120.177018,8,4,Summer,Large
Patterson Fire,2019-08-21,Alameda,139.0,37.71734,-121.55867,8,2,Summer,Medium
Mountain Fire,2019-08-22,Shasta,600.0,40.715556,-122.241944,8,3,Summer,Large
Yucca Fire,2019-08-22,Riverside,34.0,33.4506,-116.857817,8,3,Summer,Small
Horse Fire,2019-08-24,Lassen,131.0,40.562,-120.544,8,5,Summer,Medium
Long Valley Fire ,2019-08-24,Lassen,2438.0,39.892222,-120.029722,8,5,Summer,Large
Ivy Fire,2019-08-25,Riverside,80.0,33.77777348,-117.487578,8,6,Summer,Medium
Jamieson Fire,2019-08-25,Santa Clara,35.0,37.034183,-121.45597,8,6,Summer,Small
Border 10 Fire,2019-08-25,"Mexico, San Diego",25.0,32.557546,-116.873955,8,6,Summer,Small
Sage Fire,2019-08-27,Riverside,12.0,33.463991,-116.914799,8,1,Summer,Small
R-1 Fire,2019-08-28,Lassen,3380.0,40.593,-120.581,8,2,Summer,Large
Carroll Fire,2019-08-31,Alameda,19.0,37.718636,-121.657011,8,5,Summer,Small
Creek Fire,2019-08-31,Tulare,756.0,36.40193,-119.030621,8,5,Summer,Large
Jolon Fire,2019-09-01,Monterey,66.0,35.906482,-120.992914,9,6,Fall,Medium
Snail Fire,2019-09-01,Ventura,279.0,34.71011,-119.3547,9,6,Fall,Large
Mines Fire,2019-09-02,Alameda,11.0,37.545167,-121.596667,9,0,Fall,Small
Antelope Fire,2019-09-02,San Benito,167.0,36.600167,-120.8405,9,0,Fall,Large
Telephone Fire,2019-09-02,San Bernardino,15.0,34.353667,-117.343833,9,0,Fall,Small
Country Fire,2019-09-03,El Dorado,85.0,38.898915,-120.946657,9,1,Fall,Medium
Deer Fire,2019-09-03,Santa Cruz,10.0,37.178353,-122.07743,9,1,Fall,Small
Walker Fire,2019-09-04,Plumas,54612.0,40.061389,-120.680556,9,2,Fall,Large
Tenaja,2019-09-04,Riverside,1926.0,33.528469,-117.273157,9,2,Fall,Large
Glass Fire,2019-09-04,Lake,28.0,38.910498,-122.642572,9,2,Fall,Small
Foster Fire ,2019-09-04,San Benito,17.0,36.732866,-121.39478,9,2,Fall,Small
Red Bank Fire,2019-09-05,Tehama,8836.0,40.12,-122.64,9,3,Fall,Large
Flood Fire ,2019-09-05,San Joaquin,44.0,38.017138,-120.945044,9,3,Fall,Medium
Henthorne Fire,2019-09-05,Trinity,244.0,40.062304,-123.222196,9,3,Fall,Large
South Fire,2019-09-05,Tehama,5332.0,40.109,-122.789,9,3,Fall,Large
Springs Fire,2019-09-06,Mono,4840.0,37.826,-118.872,9,4,Fall,Large
Lone Fire,2019-09-06,Modoc,5737.0,41.748,-121.056,9,4,Fall,Large
Cow Fire,2019-09-06,Inyo,1975.0,36.284,-118.228,9,4,Fall,Large
Broder Fire,2019-09-06,Tulare,381.0,36.151,-118.185,9,4,Fall,Large
Taboose Fire,2019-09-06,Inyo,10296.0,37.034,-118.345,9,4,Fall,Large
Forbestown Fire,2019-09-06,Butte,58.0,39.470333,-121.412333,9,4,Fall,Medium
R-6 Fire,2019-09-06,Lassen,260.0,44.734,-120.606,9,4,Fall,Large
Lime Fire,2019-09-07,Siskiyou,1872.0,41.862237,-122.662258,9,5,Fall,Large
Kidder 2 Fire,2019-09-07,Siskiyou,227.0,41.4929742,-123.2129356,9,5,Fall,Large
Rams Horn Fire,2019-09-07,Trinity,280.0,41.150392,-122.634108,9,5,Fall,Large
Oak Fire,2019-09-07,Lake,53.0,38.955024,-122.833831,9,5,Fall,Medium
Swedes Fire,2019-09-07,Butte,496.0,39.45296,-121.412619,9,5,Fall,Large
Duzel Fire,2019-09-07,Siskiyou,15.0,41.512917,-122.740333,9,5,Fall,Small
Sycamore Fire,2019-09-07,Riverside,250.0,33.9369,-117.3063,9,5,Fall,Large
McMurray Fire,2019-09-09,Santa Barbara,200.0,34.630919,-120.187368,9,0,Fall,Large
Bailey Fire,2019-09-10,Riverside,10.0,33.496633,-116.631106,9,1,Fall,Small
Stuhr Fire ,2019-09-11,Stanislaus,190.0,37.32585,-121.110146,9,2,Fall,Large
Redwood Fire,2019-09-12,Riverside,34.0,33.854597,-117.270144,9,3,Fall,Small
Bridge Fire,2019-09-13,Stanislaus,11.0,37.492002,-120.401028,9,4,Fall,Small
Horseshoe Fire ,2019-09-14,Riverside,503.0,33.4853,-117.043723,9,5,Fall,Large
Bar Fire,2019-09-15,Siskiyou,91.0,41.749667,-123.000833,9,6,Fall,Medium
Bautista Fire,2019-09-15,Riverside,167.0,33.635,-116.801111,9,6,Fall,Large
Baseline Fire ,2019-09-20,Placer,640.0,38.751648,-121.432636,9,4,Fall,Large
Reservoir Fire,2019-09-21,Santa Clara,128.0,37.467744,-121.842751,9,5,Fall,Medium
Lopez Fire,2019-09-21,San Luis Obispo,220.0,35.214364,-120.455883,9,5,Fall,Large
Kennedy Fire,2019-09-21,Riverside,98.0,33.900994,-117.170588,9,5,Fall,Medium
Lynette Fire,2019-09-22,Calaveras,67.0,38.20177,-120.827386,9,6,Fall,Medium
Tulloch Fire,2019-09-23,Tuolumne,83.0,37.838333,-120.625556,9,0,Fall,Medium
Cow Fire,2019-09-24,Shasta,16.0,40.612556,-122.039167,9,1,Fall,Small
Dehesa Fire ,2019-09-24,San Diego,200.0,32.787656,-116.806941,9,1,Fall,Large
Electra Fire,2019-09-25,Amador,10.0,38.332083,-120.67131,9,2,Fall,Small
Willow Fire,2019-09-25,San Diego,52.0,32.87833333,-116.88,9,2,Fall,Medium
Mare Fire,2019-09-26,Solano,30.0,38.07944444,-122.2561111,9,3,Fall,Small
Hwy Fire,2019-09-28,Butte,300.0,39.622137,-121.693472,9,5,Fall,Large
Chaparral Fire,2019-09-29,El Dorado,22.0,38.538467,-120.965105,9,6,Fall,Small
Warren Fire,2019-09-30,Riverside,19.0,33.703546,-117.033598,9,0,Fall,Small
Frame Fire,2019-09-30,Fresno,25.0,36.154184,-120.634179,9,0,Fall,Small
Ranch Fire,2019-10-01,San Luis Obispo,52.0,35.189783,-120.1755,10,1,Fall,Medium
Del Fire,2019-10-03,Stanislaus,18.0,37.429506,-121.336465,10,3,Fall,Small
Elk Fire,2019-10-04,Glenn,63.0,41.70611111,-123.4375,10,4,Fall,Medium
Wilson Fire,2019-10-04,Mendocino,10.0,39.613783,-123.458782,10,4,Fall,Small
Briceburg Fire,2019-10-06,Mariposa,5563.0,37.604638,-119.96606,10,6,Fall,Large
American Fire,2019-10-06,Napa,526.0,38.165873,-122.211671,10,6,Fall,Large
Point Fire ,2019-10-07,Santa Clara,29.0,37.066483,-121.219163,10,0,Fall,Small
Dales Fire,2019-10-07,Tehama,11.0,40.314187,-122.070055,10,0,Fall,Small
Little Fire,2019-10-08,Alameda,12.0,37.606,-121.853,10,1,Fall,Small
Cross Fire,2019-10-09,"Monterey, San Luis Obispo",289.0,35.79069,-120.73102,10,2,Fall,Large
Corning Fire ,2019-10-09,Tehama,68.0,39.847708,-122.1604,10,2,Fall,Medium
Inghram Fire,2019-10-09,Tehama,10.0,39.847708,-122.160416,10,2,Fall,Small
Merrill Fire,2019-10-10,Contra Costa,40.0,37.828267,-122.103867,10,3,Fall,Medium
Eagle Fire,2019-10-10,Riverside,9.0,33.827979,-117.499619,10,3,Fall,Small
Reche Fire,2019-10-10,Riverside,350.0,33.975405,-117.207068,10,3,Fall,Large
Sandalwood Fire,2019-10-10,Riverside,1011.0,33.9925,-117.059167,10,3,Fall,Large
Plains Fire,2019-10-10,Shasta,42.0,40.4988,-122.19911,10,3,Fall,Medium
Wolf Fire,2019-10-10,Riverside,75.0,33.8615,-116.897333,10,3,Fall,Medium
Wendy Fire,2019-10-10,Ventura,91.0,34.156389,-118.950833,10,3,Fall,Medium
Saddle Ridge Fire,2019-10-10,Los Angeles,8799.0,34.32988,-118.48161,10,3,Fall,Large
Bitter Fire,2019-10-11,San Luis Obispo,30.0,35.709176,-120.312856,10,4,Fall,Small
Caples Fire,2019-10-11,El Dorado,3435.0,38.724,-120.145,10,4,Fall,Large
Olivas Fire,2019-10-11,Ventura,200.0,34.23955,-119.20187,10,4,Fall,Large
Horse Fire,2019-10-13,Lassen,55.0,40.387772,-120.304341,10,6,Fall,Medium
Johnson Fire ,2019-10-14,Riverside,75.0,33.45148,-116.05898,10,0,Fall,Medium
Nustar Fire,2019-10-15,Contra Costa,15.0,38.045866,-122.245186,10,1,Fall,Small
Fairmont Fire,2019-10-15,San Diego,10.0,32.762706,-117.097441,10,1,Fall,Small
Real Fire,2019-10-17,Santa Barbara,420.0,34.484722,-120.190833,10,3,Fall,Large
Grove Fire,2019-10-17,Lake,25.0,38.88913,-122.604425,10,3,Fall,Small
Mud Fire ,2019-10-18,Fresno,137.0,36.319291,-120.460189,10,4,Fall,Medium
Beaumont Fire,2019-10-21,San Bernardino,11.0,34.033117,-117.21545,10,0,Fall,Small
Palisades Fire,2019-10-21,Los Angeles,42.0,34.055768,-118.554091,10,0,Fall,Medium
Kincade Fire,2019-10-23,Sonoma,77758.0,38.792458,-122.780053,10,2,Fall,Large
Old Water Fire,2019-10-24,San Bernardino,145.0,34.183624,-117.274276,10,3,Fall,Medium
Muir Fire,2019-10-24,Marin,67.0,37.896231,-122.636471,10,3,Fall,Medium
Nelson Fire ,2019-10-24,Butte,80.0,39.551423,-121.800538,10,3,Fall,Medium
Tick Fire,2019-10-24,Los Angeles,4615.0,34.472778,-118.368056,10,3,Fall,Large
Cabrillo Fire,2019-10-24,San Mateo,62.0,37.166674,-122.361112,10,3,Fall,Medium
Mines Fire,2019-10-24,Alameda,35.0,37.62782,-121.68598,10,3,Fall,Small
Sawday Fire ,2019-10-25,San Diego,97.0,33.055124,-116.742508,10,4,Fall,Medium
Miller Fire,2019-10-25,San Diego,37.0,33.259861,-117.027333,10,4,Fall,Medium
Rawson Fire,2019-10-27,Tehama,605.0,40.00171,-122.25421,10,6,Fall,Large
Cypress Complex,2019-10-27,Contra Costa,200.0,37.99136,-121.64118,10,6,Fall,Large
Sky Fire ,2019-10-27,Contra Costa,150.0,38.03545,-122.2241,10,6,Fall,Medium
Glencove Fire ,2019-10-27,Solano,140.0,38.07205,-122.22463,10,6,Fall,Medium
Burris Fire,2019-10-27,Mendocino,703.0,39.22431,-123.12887,10,6,Fall,Large
Forest Fire,2019-10-27,Contra Costa,50.0,37.97911,-122.11092,10,6,Fall,Medium
Getty Fire ,2019-10-28,Los Angeles,745.0,34.098191,-118.478717,10,0,Fall,Large
Easy Fire,2019-10-30,Ventura,2375.0,34.282179,-118.803389,10,2,Fall,Large
Hill Fire ,2019-10-31,Riverside,628.0,34.01778,-117.4625,10,3,Fall,Large
46 Fire,2019-10-31,Riverside,328.0,33.985972,-117.414111,10,3,Fall,Large
Copper Fire,2019-10-31,San Diego,50.0,32.564583,-116.834583,10,3,Fall,Medium
Hillside Fire,2019-10-31,San Bernardino,200.0,34.183,-117.285,10,3,Fall,Large
Maria Fire ,2019-10-31,Ventura,9999.0,34.302212,-118.997115,10,3,Fall,Large
Sobrante Fire ,2019-11-01,Riverside,19.0,33.849906,-117.461363,11,4,Fall,Small
Ranch Fire,2019-11-03,Tehama,2534.0,40.036379,-122.637837,11,6,Fall,Large
Eagle Fire,2019-11-05,Lake,75.0,39.100408,-122.496548,11,1,Fall,Medium
Foothills Fire,2019-11-25,Placer,308.0,38.838992,-121.325842,11,0,Fall,Large
Cave Fire,2019-11-25,Santa Barbara,3126.0,34.5025,-119.785,11,0,Fall,Large
Bear Fire ,2020-02-15,Humboldt,15.0,40.511092,-123.6378411,2,5,Winter,Small
Antelope Fire,2020-02-17,Sierra,102.0,39.6923001,-120.3291855,2,0,Winter,Medium
Beegum Fire,2020-02-23,Tehama,75.0,40.33583333,-122.8472222,2,6,Winter,Medium
Wood Fire,2020-02-23,Lassen,57.0,40.62155,-120.49392,2,6,Winter,Medium
Baseball Fire,2020-02-25,"Glenn, Mendocino",211.0,39.75638899,-122.9411111,2,1,Winter,Large
Grizzly Fire,2020-03-02,Glenn,154.0,39.774968,-122.384532,3,0,Spring,Medium
Mann Fire,2020-03-03,Riverside,180.0,33.96957,-117.51793,3,1,Spring,Large
South Main Fire,2020-03-06,Riverside,20.0,33.65263,-117.40906,3,4,Spring,Small
Carter Fire ,2020-04-04,Imperial,275.0,32.93432,-115.5865,4,5,Spring,Large
Red Fire ,2020-04-23,Tehama,26.0,40.09554,-122.43905,4,3,Spring,Small
Bar Fire,2020-04-25,Trinity,55.0,40.63442,-122.97693,4,5,Spring,Medium
Byron Fire,2020-04-27,Contra Costa,47.0,37.82066,-121.595225,4,0,Spring,Medium
Interstate 5 Fire,2020-05-03,Kings,2060.0,36.075003,-120.106407,5,6,Spring,Large
Hollister Fire,2020-05-07,Santa Barbara,156.0,34.47438,-120.29379,5,3,Spring,Large
Candy Fire,2020-05-08,Butte,17.0,39.42208,-121.47273,5,4,Spring,Small
Gilman Fire,2020-05-18,Riverside,20.0,33.861054,-117.024114,5,0,Spring,Small
Acres Fire,2020-05-21,Madera,152.0,37.11715,-119.982359,5,3,Spring,Medium
Spanish Fire ,2020-05-22,Napa,20.0,38.697834,-122.403634,5,4,Spring,Small
Range Fire,2020-05-27,San Luis Obispo,5000.0,35.34237,-120.70524,5,2,Spring,Large
Harley Fire,2020-05-28,Riverside,60.0,33.83167,-117.34934,5,3,Spring,Medium
Creek Fire,2020-05-30,Contra Costa,60.0,35.9994,-86.8616,5,5,Spring,Medium
Scorpion Fire,2020-05-31,Santa Barbara,1395.0,34.01389,-119.74577,5,6,Spring,Large
Acres Fire,2020-06-01,Madera,237.0,37.11806,-119.93221,6,0,Summer,Large
Amoruso Fire,2020-06-01,Placer,670.0,38.824371,-121.390862,6,0,Summer,Large
Nash Fire,2020-06-01,Mendocino,10.0,39.1296,-123.48018,6,0,Summer,Small
Horn Fire ,2020-06-02,Lassen,37.0,40.809323,-120.288882,6,1,Summer,Medium
Smoketree Fire,2020-06-02,Riverside,129.0,33.782532,-116.524014,6,1,Summer,Medium
Wildlife Fire,2020-06-03,Solano,300.0,38.232281,-122.042199,6,2,Summer,Large
Silver Fire,2020-06-04,Santa Clara,19.0,37.329163,-121.726223,6,3,Summer,Small
Brock Fire,2020-06-04,Shasta,15.0,40.837885,-122.097933,6,3,Summer,Small
Colleen Fire,2020-06-04,Santa Clara,126.0,37.229703,-121.851895,6,3,Summer,Medium
Karchner Fire,2020-06-05,Placer,39.0,38.98487,-121.340239,6,4,Summer,Medium
Lakeville Fire,2020-06-05,Sonoma,141.0,38.224849,-122.549816,6,4,Summer,Medium
McGary Fire ,2020-06-05,Solano,79.0,38.196893,-122.156313,6,4,Summer,Medium
Gulch Fire,2020-06-06,Sonoma,107.0,38.216134,-122.536406,6,5,Summer,Medium
Quail Fire,2020-06-06,Solano,1837.0,38.470809,-122.038208,6,5,Summer,Large
Willow Fire ,2020-06-06,Contra Costa,100.0,37.994368,-122.002811,6,5,Summer,Medium
Bitterwater Fire,2020-06-07,Monterey,211.0,36.2644,-121.0781,6,6,Summer,Large
Hunters Fire,2020-06-07,Mariposa,85.0,37.61955,-120.215454,6,6,Summer,Medium
Sperry Fire,2020-06-08,Stanislaus,80.0,37.463636,-121.16483,6,0,Summer,Medium
Grand Fire,2020-06-08,Riverside,27.0,33.638067,-117.37581,6,0,Summer,Small
Bradley Fire ,2020-06-08,Monterey,230.0,35.94979,-120.81509,6,0,Summer,Large
Sierra Fire,2020-06-08,Riverside,100.0,33.82925,-117.46036,6,0,Summer,Medium
Oak Fire,2020-06-08,Riverside,20.0,33.78275,-116.89655,6,0,Summer,Small
Cronan Fire ,2020-06-09,El Dorado,29.0,38.827755,-120.988571,6,1,Summer,Small
Vineyard Fire ,2020-06-09,Mendocino,151.0,38.89695,-123.21318,6,1,Summer,Medium
India Fire,2020-06-09,San Diego,1100.0,33.37579,-117.47166,6,1,Summer,Large
Elizabeth Fire,2020-06-10,Ventura,300.0,34.29475,-119.17808,6,2,Summer,Large
Soda Fire,2020-06-10,San Luis Obispo,1680.0,35.35146,-120.00521,6,2,Summer,Large
Lime Fire,2020-06-10,Ventura,803.0,34.46182,-118.77347,6,2,Summer,Large
Skyline Fire,2020-06-11,San Diego,100.0,32.73044,-116.7862,6,3,Summer,Medium
Border 7 Fire,2020-06-11,San Diego,90.0,32.580882,-116.690712,6,3,Summer,Medium
Watt Fire,2020-06-11,Placer,40.0,38.733421,-121.378879,6,3,Summer,Medium
Grant Fire,2020-06-12,Sacramento,5042.0,38.520981,-121.201927,6,4,Summer,Large
Hog Fire,2020-06-12,Fresno,533.0,36.82276,-119.36572,6,4,Summer,Large
Cornetts Fire,2020-06-13,Mariposa,191.0,37.40827,-120.08522,6,5,Summer,Large
Dawson Fire ,2020-06-13,Riverside,10.0,33.776033,-117.461925,6,5,Summer,Small
Hopland Fire,2020-06-13,Mendocino,34.0,39.14783,-80.49163,6,5,Summer,Small
Drum Fire,2020-06-14,Santa Barbara,696.0,34.63309,-120.28867,6,6,Summer,Large
Avila Fire,2020-06-15,San Luis Obispo,445.0,35.17977,-120.69959,6,0,Summer,Large
Bitter Fire ,2020-06-16,San Benito,813.0,36.3011,-120.92925,6,1,Summer,Large
Riata Fire ,2020-06-16,San Luis Obispo,18.0,35.40953,-120.56823,6,1,Summer,Small
Walker Fire,2020-06-16,Calaveras,1455.0,38.07741,-120.72958,6,1,Summer,Large
Nelson Fire ,2020-06-17,Butte,95.0,39.52408,-121.60037,6,2,Summer,Medium
Liberty Fire,2020-06-17,San Joaquin,89.0,38.23432,-121.20828,6,2,Summer,Medium
Gyle Fire,2020-06-17,Tehama,68.0,40.000132,-122.205628,6,2,Summer,Medium
Ridge Fire,2020-06-17,Monterey,83.0,35.9497,-121.42113,6,2,Summer,Medium
Baker Fire,2020-06-17,Kern,165.0,35.27678,-118.6894,6,2,Summer,Large
Nelson Fire,2020-06-18,Placer,110.0,38.89178,-121.33956,6,3,Summer,Medium
Fork Fire,2020-06-18,Tulare,130.0,36.37085,-118.845123,6,3,Summer,Medium
Teddy Fire,2020-06-18,Butte,13.0,39.37577,-121.45372,6,3,Summer,Small
Springs Fire,2020-06-19,Tulare,217.0,35.89133,-118.8613,6,4,Summer,Large
Honcut Fire,2020-06-20,Butte,89.0,39.36894,-121.53976,6,5,Summer,Medium
East Fire,2020-06-20,Modoc,11.0,41.5017,-120.54161,6,5,Summer,Small
Quarter Fire,2020-06-21,Tuolumne,10.0,38.08264,-120.20316,6,6,Summer,Small
Hunter Fire,2020-06-21,Monterey,195.0,35.90835,-121.08753,6,6,Summer,Large
Stage Fire,2020-06-21,Monterey,52.0,36.69845,-121.57407,6,6,Summer,Medium
Grade Fire ,2020-06-22,Tulare,1050.0,36.5537,-119.19677,6,0,Summer,Large
Rico Fire ,2020-06-22,Monterey,348.0,35.9789,-120.87858,6,0,Summer,Large
River Fire,2020-06-22,San Luis Obispo,15.0,35.62906,-120.68326,6,0,Summer,Small
Sycamore Fire,2020-06-23,Fresno,19.0,36.97511,-119.33439,6,1,Summer,Small
R-2 Fire,2020-06-23,Lassen,563.0,40.43203,-120.28147,6,1,Summer,Large
R-3 Fire,2020-06-24,Lassen,210.0,40.44793,-120.04635,6,2,Summer,Large
58 Fire,2020-06-24,Riverside,12.0,33.27665,-115.96594,6,2,Summer,Small
Diablo Fire,2020-06-25,Stanislaus,202.0,37.46265,-121.18355,6,3,Summer,Large
Bend Fire,2020-06-25,San Luis Obispo,263.0,35.30742,-119.88048,6,3,Summer,Large
Aurora Fire,2020-06-26,Mono,280.0,38.22554,-119.00289,6,4,Summer,Large
Indian Fire,2020-06-26,Riverside,59.0,33.565093,-116.750925,6,4,Summer,Medium
Poeville Fire,2020-06-27,State of Nevada,2975.0,39.32596,-119.81098,6,5,Summer,Large
Pass Fire,2020-06-28,Merced,2192.0,37.06641,-121.21912,6,6,Summer,Large
Gage Fire,2020-06-28,San Luis Obispo,33.0,35.69993,-120.96759,6,6,Summer,Small
Muck Fire ,2020-06-29,Lassen,12.0,41.0336731,-121.2199939,6,0,Summer,Small
Avacado Fire,2020-06-30,Butte,136.0,39.3784,-121.4319,6,1,Summer,Medium
Flat Fire,2020-06-30,Trinity,62.0,40.791509,-123.437051,6,1,Summer,Medium
Bena Fire,2020-07-01,Kern,4000.0,35.310132,-118.702732,7,2,Summer,Large
Rowher Fire,2020-07-01,Los Angeles,648.0,34.542742,-118.324601,7,2,Summer,Large
Bonadelle Fire,2020-07-02,Madera,500.0,36.9678542,-119.9252132,7,3,Summer,Large
Soda Fire ,2020-07-03,San Luis Obispo,157.0,35.393889,-120.053275,7,4,Summer,Large
Mount R Fire,2020-07-03,San Bernardino,62.0,34.182436,-117.124353,7,4,Summer,Medium
Sheridan Fire,2020-07-04,Alameda,108.0,37.536015,-121.876277,7,5,Summer,Medium
Lake Fire,2020-07-05,San Luis Obispo,583.0,35.351065,-120.00485,7,6,Summer,Large
Park Fire,2020-07-04,Santa Clara,353.0,37.166733,-121.567505,7,5,Summer,Large
Cotton Fire,2020-07-05,Merced,100.0,37.091637,-121.086625,7,6,Summer,Medium
Kings Fire,2020-07-05,Fresno,67.0,36.750186,-119.116536,7,6,Summer,Medium
Crews Fire,2020-07-05,Santa Clara,5513.0,37.034839,-121.501532,7,6,Summer,Large
Soledad Fire,2020-07-05,Los Angeles,1525.0,34.467915,-118.328877,7,6,Summer,Large
California Fire,2020-07-06,Contra Costa,298.0,38.02996,-122.25471,7,0,Summer,Large
Patterson Fire,2020-07-06,San Joaquin,150.0,37.71984,-121.53524,7,0,Summer,Medium
Mountain Meadow Fire ,2020-07-06,Solano,75.0,38.21614,-122.12447,7,0,Summer,Medium
Brandon Fire,2020-07-07,El Dorado,32.0,38.58488,-120.941267,7,1,Summer,Small
Nail Fire,2020-07-07,Colusa,25.0,39.35498,-122.65813,7,1,Summer,Small
Tripp Fire ,2020-07-09,Riverside,10.0,33.551838,-116.7464168,7,3,Summer,Small
Alum Fire,2020-07-11,Santa Clara,31.0,37.37731,-121.79349,7,5,Summer,Small
Power Fire,2020-07-11,Madera,108.0,37.1487,-119.50307,7,5,Summer,Medium
Elliot Fire,2020-07-13,Riverside,2.0,33.623968,-117.108421,7,0,Summer,Small
Robinson Fire,2020-07-13,Butte,33.0,39.43227,-121.37994,7,0,Summer,Small
Casino Fire,2020-07-13,Riverside,91.0,33.48429,-116.83552,7,0,Summer,Medium
Mineral Fire,2020-07-13,Fresno,29667.0,36.09493,-120.52193,7,0,Summer,Large
Coyote Fire,2020-07-15,San Benito,1485.0,36.653,-121.04401,7,2,Summer,Large
Ben Fire,2020-07-15,Mariposa,48.0,37.42319,-119.95807,7,2,Summer,Medium
Valley Fire ,2020-07-15,Yuba,500.0,39.10112,-121.33589,7,2,Summer,Large
Hollow Fire,2020-07-16,Alameda,253.0,37.64044,-121.59374,7,3,Summer,Large
Pitzer Fire,2020-07-17,San Bernardino,119.0,34.39464,-116.97557,7,4,Summer,Medium
Badger Fire,2020-07-18,Siskiyou,557.0,41.79319,-122.69296,7,5,Summer,Large
Hog Fire,2020-07-18,Lassen,9564.0,40.420886,-120.86375,7,5,Summer,Large
Platina Fire,2020-07-19,Shasta,333.0,40.462621,-122.792645,7,6,Summer,Large
Gold Fire,2020-07-20,Lassen,22614.0,41.11037,-120.923293,7,0,Summer,Large
Milepost 21 Fire,2020-07-20,Humboldt,100.0,41.1849445,-123.6986222,7,0,Summer,Medium
Feather Fire,2020-07-20,Butte,30.0,39.506597,-121.604579,7,0,Summer,Small
Holland Fire ,2020-07-20,Contra Costa,75.0,37.977309,-121.620238,7,0,Summer,Medium
Easton Fire,2020-07-20,San Bernardino,71.0,34.135626,-117.192142,7,0,Summer,Medium
Rabbit Fire ,2020-07-20,Madera,135.0,37.118075,-119.932391,7,0,Summer,Medium
Iris Fire,2020-07-21,Mono,120.0,37.518879,-118.711135,7,1,Summer,Medium
July Complex,2020-07-24,"Siskiyou, Modoc",83261.0,41.699,-121.477,7,4,Summer,Large
Jack Fire,2020-07-24,Riverside,145.0,33.93327,-117.033124,7,4,Summer,Medium
Hill Fire,2020-07-24,Colusa,138.0,39.013591,-122.359663,7,4,Summer,Medium
Karen Fire,2020-07-25,Riverside,250.0,34.028116,-117.429598,7,5,Summer,Large
Ione Fire ,2020-07-26,Sacramento,51.0,38.420382,-121.044895,7,6,Summer,Medium
Cottonwood Fire,2020-07-27,Merced,788.0,37.083806,-121.101634,7,0,Summer,Large
Ridge Fire,2020-07-27,Los Angeles,321.0,34.75844,-118.72004,7,0,Summer,Large
Lincoln Fire,2020-07-27,Humboldt,25.0,40.78804,-124.19954,7,0,Summer,Small
Border 11 Fire,2020-07-28,San Diego,100.0,32.62212,-116.77048,7,1,Summer,Medium
Branch Fire,2020-07-28,San Luis Obispo,3222.0,35.35146,-120.00521,7,1,Summer,Large
Brook Fire,2020-07-29,San Bernardino,185.0,34.25143,-117.45479,7,2,Summer,Large
Clay Fire,2020-07-29,Sacramento,741.0,38.40329,-121.17197,7,2,Summer,Large
Rabbit Fire,2020-07-30,Riverside,104.0,33.934137,-117.034461,7,3,Summer,Medium
Dam Fire,2020-07-30,Los Angeles,220.0,34.17363,-117.889503,7,3,Summer,Large
Sheep Fire,2020-07-30,Kern,233.0,35.14357,-118.7933,7,3,Summer,Large
Apple Fire,2020-07-31,Riverside,33424.0,33.99139,-116.9617,7,4,Summer,Large
Stump Fire,2020-08-01,Tehama,684.0,40.34659,-121.6415,8,5,Summer,Large
Castaic Fire,2020-08-01,Los Angeles,178.0,34.51853,-118.59699,8,5,Summer,Large
Pond Fire,2020-08-01,San Luis Obispo,2005.0,35.43128,-120.47346,8,5,Summer,Large
Sophia Fire,2020-08-02,El Dorado,36.0,38.686478,-121.103299,8,6,Summer,Medium
Water Fire,2020-08-02,Riverside,52.0,33.924086,-116.641846,8,6,Summer,Medium
North Fire,2020-08-02,Lassen,6882.0,40.36764,-120.44811,8,6,Summer,Large
Sites Fire ,2020-08-02,Colusa,560.0,39.31313,-122.48525,8,6,Summer,Large
Post Fire,2020-08-02,Los Angeles,120.0,34.04447,-118.21608,8,6,Summer,Medium
Beale Fire,2020-08-02,Yuba,600.0,39.11307,-121.38178,8,6,Summer,Large
Elsmere Fire,2020-08-03,Los Angeles,200.0,34.3428,-118.49731,8,0,Summer,Large
Stagecoach Fire,2020-08-03,Kern,7760.0,35.43044,-118.53361,8,0,Summer,Large
Trimmer Fire,2020-08-04,Fresno,594.0,36.90933,-119.2439,8,1,Summer,Large
Pass Fire,2020-08-04,San Luis Obispo,322.0,35.61521,-120.40457,8,1,Summer,Large
Fort Fire,2020-08-06,Kern,277.0,34.93929,-118.92967,8,3,Summer,Large
Texas Fire,2020-08-06,Los Angeles,210.0,-118.46115,-118.46115,8,3,Summer,Large
Mina Fire,2020-08-10,Mendocino,177.0,39.82454,-123.262437,8,0,Summer,Large
Duluth Fire,2020-08-10,Placer,65.0,38.81111,-121.318472,8,0,Summer,Medium
R-1 Fire,2020-08-11,Lassen,285.0,40.590714,-120.549595,8,1,Summer,Large
Soda Fire,2020-08-12,Kern,424.0,34.962524,-119.444977,8,2,Summer,Large
Lake Fire,2020-08-12,Los Angeles,31089.0,34.679,-118.452,8,2,Summer,Large
Carrizo Fire,2020-08-12,San Luis Obispo,183.0,35.308259,-119.987565,8,2,Summer,Large
Meiss Fire,2020-08-13,Sacramento,512.0,38.474502,-121.172572,8,3,Summer,Large
Ranch 2 Fire,2020-08-13,Los Angeles,4237.0,34.160265,-117.910498,8,3,Summer,Large
Clark Fire,2020-08-14,Butte,110.0,39.647686,-121.633994,8,4,Summer,Medium
Loyalton Fire,2020-08-14,Sierra,47029.0,39.702438,-120.143473,8,4,Summer,Large
Whale Fire,2020-08-15,San Luis Obispo,320.0,35.472114,-120.856731,8,5,Summer,Large
Hills Fire,2020-08-15,Fresno,2121.0,36.09876,-120.427342,8,5,Summer,Large
3-2 Fire,2020-08-16,San Luis Obispo,20.0,35.519723,-120.801074,8,6,Summer,Small
Elk Fire,2020-08-16,Glenn,727.0,39.52452,-122.427358,8,6,Summer,Large
River Fire,2020-08-16,Monterey,48088.0,36.60239,-121.62161,8,6,Summer,Large
August Complex (includes Doe Fire),2020-08-16,"Mendocino, Humboldt, Trinity, Tehama, Glenn, Lake, Colusa",1032648.0,39.776,-122.673,8,6,Summer,Large
Jones Fire,2020-08-17,Nevada,705.0,39.29241,-121.100352,8,0,Summer,Large
4-8 Fire,2020-08-17,Glenn,275.0,39.555943,-122.5012461,8,0,Summer,Large
Holser Fire,2020-08-17,Ventura,3000.0,34.438759,-118.758965,8,0,Summer,Large
Murphy Fire,2020-08-17,El Dorado,14.0,38.840068,-120.876546,8,0,Summer,Small
CZU Lightning Complex (Including Warnella Fire) ,2020-08-16,"Santa Cruz, San Mateo",86509.0,37.17162,-122.22275,8,6,Summer,Large
SCU Lightning Complex,2020-08-16,"Santa Clara, San Joaquin, Contra Costa, Alameda, Stanislaus",396624.0,37.439437,-121.30435,8,6,Summer,Large
Carmel Fire,2020-08-18,Monterey,6901.0,36.4463,-121.68181,8,1,Summer,Large
3-19 Fire,2020-08-18,Mendocino,62.0,39.276,-123.013667,8,1,Summer,Medium
Salt Fire,2020-08-18,Calaveras,1783.0,38.027921,-120.763258,8,1,Summer,Large
Creek Fire,2020-08-18,Mendocino,820.0,39.8174372,-123.2111007,8,1,Summer,Large
LNU Lightning Complex,2020-08-17,"Napa, Solano, Lake, Sonoma, Yolo",363220.0,38.48193,-122.14864,8,0,Summer,Large
Butte/Tehama/Glenn Lightning Complex (Tehama/Glenn Zone) ,2020-08-17,"Tehama, Glenn",19609.0,40.09571,-122.4393,8,0,Summer,Large
Flint Fire,2020-08-19,Calaveras,55.0,38.03106,-120.85258,8,2,Summer,Medium
Moc Fire,2020-08-20,Tuolumne,2857.0,37.813779,-120.312565,8,3,Summer,Large
Volcano Fire,2020-08-20,San Diego,45.0,33.454896,-117.328234,8,3,Summer,Medium
Coyote Fire,2020-08-21,Santa Clara,143.0,37.18725,-121.68465,8,4,Summer,Medium
Sheep Fire ,2020-08-22,Plumas,29570.0,40.274,-120.757,8,5,Summer,Large
Woodward Fire,2020-08-18,Marin,4929.0,38.018089,-122.836701,8,1,Summer,Large
Placer Fire,2020-08-25,San Luis Obispo,53.0,35.4335197,-120.1243296,8,1,Summer,Medium
R-8 Pinecone Fire ,2020-08-26,Lassen,567.0,40.773,-120.536,8,2,Summer,Large
Perry Fire,2020-08-26,Placer,9.0,38.8825,-121.10411,8,2,Summer,Small
Johnson Fire ,2020-08-28,Los Angeles,290.0,34.65979,-118.36411,8,4,Summer,Large
Hensley Fire ,2020-08-30,Madera,400.0,37.08053,-119.88673,8,6,Summer,Large
Catholic Fire,2020-09-01,Lake,13.0,39.012743,-122.637037,9,1,Fall,Small
Creek Fire,2020-09-04,"Fresno, Madera",379895.0,37.19147,-119.261175,9,4,Fall,Large
El Dorado Fire,2020-09-05,"San Bernardino, Riverside",22744.0,34.08056,-116.98669,9,5,Fall,Large
Valley Fire,2020-09-05,San Diego,16390.0,32.765615,-116.692705,9,5,Fall,Large
Oak Fire,2020-09-07,Mendocino,1100.0,39.4935,-123.3965,9,0,Fall,Large
Willow Fire,2020-09-09,Yuba,1311.0,39.3637,-121.32361,9,2,Fall,Large
Sperry Fire,2020-09-08,Stanislaus,45.0,37.46377,-121.18018,9,1,Fall,Medium
Schoolhouse Fire,2020-09-09,Siskiyou,45.0,41.68229,-122.84057,9,2,Fall,Medium
Shackleford Fire,2020-09-11,Siskiyou,50.0,41.575549,-123.021635,9,4,Fall,Medium
Bullfrog Fire,2020-09-12,Fresno,1185.0,37.135474,-119.027309,9,5,Fall,Large
Fox Fire,2020-09-16,Siskiyou,2188.0,41.211022,-122.847359,9,2,Fall,Large
San Antonio Fire ,2020-09-16,Santa Barbara,111.0,34.773809,-120.491594,9,2,Fall,Medium
Snow Fire ,2020-09-17,Riverside,6254.0,33.88831,-116.68386,9,3,Fall,Large
Glass Fire,2020-09-27,"Napa, Sonoma",67484.0,38.56295,-122.49745,9,6,Fall,Large
Zogg Fire,2020-09-27,"Shasta, Tehama",56338.0,40.53927,-122.56656,9,6,Fall,Large
Martindale Fire ,2020-09-28,Los Angeles,230.0,34.563,-118.4,9,0,Fall,Large
Candy Fire,2020-09-29,Riverside,454.0,33.764357,-117.374419,9,1,Fall,Large
Copper Fire ,2020-09-30,Amador,48.0,38.49375,-121.003602,9,2,Fall,Medium
Pony Fire,2020-10-03,Sacramento,20.0,38.464074,-121.039236,10,5,Fall,Small
Lambert Fire,2020-10-04,Amador,21.0,38.424016,-121.006635,10,6,Fall,Small
Fields Fire ,2020-10-07,Yuba,56.0,39.181047,-121.450982,10,2,Fall,Medium
Irvine Fire,2020-10-11,Contra Costa,30.0,37.821737,-122.104314,10,6,Fall,Small
Diamond Fire,2020-10-13,Calaveras,21.0,37.98337,-120.64541,10,1,Fall,Small
Bruder Fire,2020-10-15,San Bernardino,170.0,34.014728,-117.138078,10,3,Fall,Large
Cameron Fire,2020-10-18,El Dorado,15.0,38.659387,-120.964726,10,6,Fall,Small
Ferry Fire,2020-10-22,Butte,6.0,39.51694,-121.54475,10,3,Fall,Small
Redwood Fire,2020-10-23,Humboldt,102.0,40.55823,-123.88658,10,4,Fall,Medium
Pope Fire,2020-10-23,Napa,61.0,38.56184,-122.37828,10,4,Fall,Medium
Point Fire (Shasta and Tehama County),2020-10-25,"Shasta, Tehama",275.0,40.38869,-122.39033,10,6,Fall,Large
Dersch Fire,2020-10-25,Shasta,133.0,40.47646,-122.18102,10,6,Fall,Medium
Olinda Fire,2020-10-25,Shasta,5.0,40.41486,-122.342,10,6,Fall,Small
Silverado Fire ,2020-10-26,Orange,12466.0,33.73614,-117.65719,10,0,Fall,Large
Blue Ridge Fire ,2020-10-26,Orange,13964.0,33.877257,-117.675067,10,0,Fall,Large
Cypress Fire,2020-11-01,"Riverside, San Bernardino",150.0,34.03343,-117.51476,11,6,Fall,Medium
San Dimas Fire,2020-11-06,Los Angeles,131.0,34.146195,-117.778561,11,4,Fall,Medium
Airport Fire,2020-12-01,Riverside,1087.0,33.893351,-117.62109,12,1,Winter,Large
Cerritos Fire,2020-12-03,Riverside,200.0,33.773754,-117.051463,12,3,Winter,Large
Bond Fire,2020-12-02,Orange,6686.0,33.743842,-117.674967,12,2,Winter,Large
Thomas Fire,2020-12-03,Lassen,24.0,41.591948,-120.374514,12,3,Winter,Small
Cornell Fire,2020-12-07,Ventura,174.0,34.33622,-119.078,12,0,Winter,Large
Sanderson Fire,2020-12-13,Riverside,1954.0,33.93244,-117.03459,12,6,Winter,Large
Erbes Fire,2021-01-14,Ventura,250.0,34.20955,-118.83967,1,3,Winter,Large
Manzanita Fire,2021-01-19,Madera,23.0,37.25086,-119.51982,1,1,Winter,Small
Bonny Doone Complex (Previously Fanning Fire),2021-01-19,Santa Cruz,20.0,37.08931,-122.10509,1,1,Winter,Small
North Butano Fire,2021-01-18,San Mateo,15.0,37.18259,-122.28823,1,0,Winter,Small
China Grade Fire,2021-01-18,Santa Cruz,22.0,37.17749,-122.1756,1,0,Winter,Small
Wolf Fire,2021-01-19,Kern,865.0,34.99432,-119.185309,1,1,Winter,Large
72 Fire,2021-01-19,Riverside,43.0,33.52871,-116.10723,1,1,Winter,Medium
Towsley Fire,2021-01-19,Los Angeles,184.0,34.3585229,-118.5553174,1,1,Winter,Large
Panther Ridge Fire,2021-01-19,Santa Cruz,20.0,37.18381,-122.13372,1,1,Winter,Small
Freedom Fire,2021-01-19,Santa Cruz,37.0,36.98767,-121.83627,1,1,Winter,Medium
Grapevine Fire,2021-03-14,Kern,86.0,35.58198161,-117.5910734,3,6,Spring,Medium
Refuge Fire,2021-03-27,Siskiyou,873.0,41.927772,-121.627082,3,5,Spring,Large
Line Fire,2021-03-28,Tuolumne,23.0,37.813464,-120.131236,3,6,Spring,Small
Woodman Fire,2021-04-01,Shasta,35.0,40.6758842,-122.0536419,4,3,Spring,Small
Westwood Fire,2021-04-04,Ventura,25.0,34.30277328,-118.700095,4,6,Spring,Small
Paso Fire,2021-04-12,San Diego,28.0,32.958961,-116.582369,4,0,Spring,Small
Turnout Fire,2021-04-18,Mendocino,200.0,38.99914,-123.35838,4,6,Spring,Large
River Fire,2021-04-19,Sutter,80.0,38.9743823,-121.5896697,4,0,Spring,Medium
Wolves Fire,2021-04-23,Kern,50.0,34.9471195,-1191414610.0,4,4,Spring,Medium
Luis Fire,2021-04-24,Merced,93.0,37.0953436,-121.143154,4,5,Spring,Medium
North Fire,2021-04-28,Los Angeles,650.0,34.449686,-118.616276,4,2,Spring,Large
Sky Fire,2021-04-29,Lake,65.0,38.88437128,-122.5177156,4,3,Spring,Medium
Campo Fire,2021-04-29,Calaveras,160.0,38.223179,-120.856628,4,3,Spring,Large
Salmon Fire,2021-05-01,El Dorado,32.0,38.773294,-121.034998,5,5,Spring,Small
Southern Fire,2021-05-02,San Diego,5366.0,32.987532,-116.443391,5,6,Spring,Large
Creek Fire,2021-05-04,Riverside,32.0,33.532246,-116.767011,5,1,Spring,Small
Bridge Fire,2021-05-05,Riverside,226.0,33.86972,-117.044072,5,2,Spring,Large
Gunnison Fire,2021-05-08,Butte,550.0,39.85479,-121.91936,5,5,Spring,Large
Granite Fire,2021-05-08,Calaveras,118.0,38.03106,-120.85258,5,5,Spring,Medium
Dillard Fire,2021-05-08,Sacramento,44.0,38.28328,-121.45965,5,5,Spring,Medium
Quail Fire,2021-05-12,Yuba,35.0,39.2510745,-121.361339,5,2,Spring,Small
Pine Fire,2021-05-12,Los Angeles,442.0,34.454231,-117.663815,5,2,Spring,Large
Fields Fire,2021-05-14,Merced,97.0,37.560209,-120.419624,5,4,Spring,Medium
R-1 Fire,2021-05-14,Lassen,29.0,40.971612,-120.094517,5,4,Spring,Small
Palisades Fire,2021-05-14,Los Angeles,1202.0,34.079046,-118.558938,5,4,Spring,Large
Davis Fire,2021-05-18,Riverside,300.0,33.8948,-117.1116,5,1,Spring,Large
Parkside Fire,2021-05-19,Riverside,17.0,33.50994,-115.917099,5,2,Spring,Small
Settlers Fire,2021-05-19,El Dorado,45.0,38.56101,-121.01365,5,2,Spring,Medium
WeeVill Fire,2021-05-20,Los Angeles,300.0,34.7591895,-118.5044868,5,3,Spring,Large
Bluff Fire,2021-05-21,Humboldt,25.0,41.23106,-123.66003,5,4,Spring,Small
Tomki Fire,2021-05-21,Mendocino,18.0,39.384319,-123.23205,5,4,Spring,Small
Lake Fire,2021-05-24,Riverside,115.0,33.965596,-117.471517,5,0,Spring,Medium
Live Oak Fire,2021-05-27,Mariposa,197.0,37.45646,-120.00392,5,3,Spring,Large
Mile Fire,2021-05-27,Stanislaus,508.0,37.89346197,-120.8391587,5,3,Spring,Large
Sargents Fire,2021-05-30,Monterey,1118.0,35.932852,-120.854096,5,6,Spring,Large
Slope Fire,2021-05-31,Fresno,25.0,36.86201725,-119.3484122,5,0,Spring,Small
Smalley Fire,2021-05-31,Madera,45.0,37.1619216,-119.5166045,5,0,Spring,Medium
Scott Fire,2021-06-01,Riverside,28.0,33.631955,-117.089849,6,1,Summer,Small
Coyote Fire,2021-06-02,Riverside,43.0,33.895007,-116.90145,6,2,Summer,Medium
Buck Fire,2021-06-06,Madera,50.0,37.24484944,-119.8604784,6,6,Summer,Medium
Intanko Fire,2021-06-08,Yuba,939.0,39.084872,-121.333346,6,1,Summer,Large
Farm Fire,2021-06-09,San Bernardino,250.0,34.3832472,-117.4183546,6,2,Summer,Large
Sierra Fire,2021-06-09,San Diego,1000.0,33.31571157,-117.3483228,6,2,Summer,Large
Creek Fire,2021-06-09,Yolo,34.0,38.899722,-122.238889,6,2,Summer,Small
Flats Fire,2021-06-13,Riverside,341.0,33.5812044,-116.4518615,6,6,Summer,Large
Goose Fire,2021-06-13,Amador,67.0,38.3046414,-120.9608439,6,6,Summer,Medium
Beale Fire,2021-06-13,Yuba,150.0,39.1956433,-121.3587065,6,6,Summer,Medium
Silicon Fire,2021-06-14,Santa Clara,35.0,37.24042,-121.76309,6,0,Summer,Small
Kathryn Fire,2021-06-15,Riverside,15.0,33.67127,-116.94956,6,1,Summer,Small
Rock Fire,2021-06-15,Shasta,108.0,40.61468,-122.49164,6,1,Summer,Medium
Dairy Fire,2021-06-15,Tehama,165.0,40.10806,-122.16025,6,1,Summer,Large
Equestrian Fire,2021-06-16,El Dorado,10.0,38.79988,-121.01273,6,2,Summer,Small
Pomo Fire,2021-06-17,Lake,42.0,39.16338,-122.916,6,3,Summer,Medium
Park Fire,2021-06-17,Butte,402.0,39.77144,-121.76629,6,3,Summer,Large
Alabama Fire,2021-06-18,Inyo,560.0,36.59717,-118.20355,6,4,Summer,Large
Antelope Fire,2021-06-18,Tulare,11.0,36.47887,-119.10788,6,4,Summer,Small
Success Fire,2021-06-18,Tulare,800.0,36.03223,-118.85799,6,4,Summer,Large
Nettle Fire,2021-06-18,Tulare,1265.0,36.03887,-118.76857,6,4,Summer,Large
Willow Fire,2021-06-18,Monterey,2877.0,36.151231,-121.558858,6,4,Summer,Large
Crane Fire,2021-06-18,Kern,48.0,34.83498,-118.86258,6,4,Summer,Medium
Overland Fire,2021-06-19,San Diego,515.0,32.903917,-116.233056,6,5,Summer,Large
Bautista Fire,2021-06-19,Riverside,95.0,33.551747,-116.707967,6,5,Summer,Medium
Inyo Creek Fire,2021-06-19,Inyo,592.0,36.6000177,-118.1420738,6,5,Summer,Large
Cow Fire,2021-06-20,Shasta,761.0,40.53297,-122.12107,6,6,Summer,Large
76 Fire,2021-06-20,Riverside,20.0,33.499081,-116.1147496,6,6,Summer,Small
Clevenger Fire,2021-06-20,San Diego,53.0,33.09183,-116.9543,6,6,Summer,Medium
Watt Fire,2021-06-21,Placer,42.0,38.728881,-121.39247,6,0,Summer,Medium
Antelope Fire,2021-06-22,Modoc,580.0,41.583949,-120.729446,6,1,Summer,Large
Panoche Fire,2021-06-23,San Benito,145.0,36.63228,-120.987172,6,2,Summer,Medium
Pine Fire,2021-06-23,Shasta,50.0,40.475558,-122.481055,6,2,Summer,Medium
Mesa Fire,2021-06-23,San Diego,350.0,33.337282,-117.095858,6,2,Summer,Large
4-3 Fire,2021-06-24,Modoc,134.0,41.562302,-120.497502,6,3,Summer,Medium
Paseo Fire,2021-06-25,Santa Clara,37.0,37.118582,-121.584194,6,4,Summer,Medium
Steins Fire,2021-06-26,El Dorado,11.0,38.659971,-120.876096,6,5,Summer,Small
Lava Fire,2021-06-24,Siskiyou,26409.0,41.459,-122.329,6,3,Summer,Large
Canyon Fire,2021-06-26,Kern,220.0,35.442533,-118.793912,6,5,Summer,Large
Shell Fire,2021-06-27,Kern,1984.0,34.919,-118.891,6,6,Summer,Large
Sky Fire,2021-06-27,Butte,76.0,40.039,-121.406,6,6,Summer,Medium
Vulcan Fire,2021-06-27,Fresno,140.0,36.932,-119.735,6,6,Summer,Medium
Peak Fire,2021-06-28,San Bernardino,35.0,34.20849,-117.280416,6,0,Summer,Small
Stowe Fire,2021-06-28,Riverside,122.0,33.740058,-117.050236,6,0,Summer,Medium
Lilly Fire,2021-06-28,Madera,35.0,41.665191,-122.054254,6,0,Summer,Small
Tennant Fire,2021-06-28,Siskiyou,10580.0,41.665191,-122.054254,6,0,Summer,Large
Beswick Fire,2021-06-28,Siskiyou,118.0,41.917209,-122.374848,6,0,Summer,Medium
Blue Fire,2021-06-30,Fresno,277.0,37.02865767,-119.2548441,6,2,Summer,Large
Salt Fire,2021-06-30,Shasta,12660.0,40.860525,-122.348956,6,2,Summer,Large
Ysabel Fire,2021-07-03,San Diego,173.0,33.119448,-116.677511,7,5,Summer,Large
Main Fire,2021-07-03,Tulare,384.0,36.10007,-119.017899,7,5,Summer,Large
Beckwourth Complex,2021-07-04,Plumas,105670.0,39.83203,-120.3415,7,6,Summer,Large
Tumbleweed Fire,2021-07-04,Los Angeles,868.0,34.808751,-118.87933,7,6,Summer,Large
Fish Fire,2021-07-04,Fresno,75.0,36.802809,-119.393795,7,6,Summer,Medium
Juniper Fire,2021-07-05,Modoc,1011.0,41.80728,-120.638464,7,0,Summer,Large
Broiler Fire,2021-07-07,Mendocino,80.0,39.253647,-123.224377,7,2,Summer,Medium
Basalt Fire,2021-07-09,Merced,92.0,37.06047,-121.05758,7,4,Summer,Medium
Coyote Fire,2021-07-09,Modoc,110.0,41.28523,-121.77593,7,4,Summer,Medium
Road Fire,2021-07-10,San Diego,86.0,32.82731,-116.6253,7,5,Summer,Medium
Diablo Fire,2021-07-11,Contra Costa,128.0,37.865193,-121.667665,7,6,Summer,Medium
Bear Fire,2021-07-11,Kern,71.0,34.85178,-118.81448,7,6,Summer,Medium
River Fire,2021-07-11,Mariposa,9656.0,37.350823,-119.869785,7,6,Summer,Large
Bradley Fire,2021-07-11,Siskiyou,357.0,41.25272,-121.82403,7,6,Summer,Large
Dexter Fire,2021-07-12,Mono,2965.0,37.8024,-118.8745,7,0,Summer,Large
Dixie Fire,2021-07-13,"Butte, Plumas, Shasta, Lassen, Tehama",963309.0,39.871306,-121.389439,7,1,Summer,Large
Cannon Fire,2021-07-14,Tehama,43.0,40.1703,-122.64768,7,2,Summer,Medium
Dolicini Fire,2021-07-14,Marin,35.0,38.0975072,-122.7418335,7,2,Summer,Small
Henry Fire,2021-06-25,Alpine,1320.0,38.4504695,-119.7512546,6,4,Summer,Large
Border 13 Fire,2021-07-15,San Diego,30.0,32.578481,-116.634023,7,3,Summer,Small
Tamarack Fire,2021-07-04,Alpine,68637.0,38.6280042,-119.8591887,7,6,Summer,Large
Fork Fire,2021-07-17,Tehama,43.0,39.999396,-122.55195,7,5,Summer,Medium
Chicken Fire,2021-07-18,Lassen,55.0,40.86955,-120.45187,7,6,Summer,Medium
Quail Fire,2021-07-20,Riverside,50.0,33.889516,-117.070814,7,1,Summer,Medium
Peak Fire,2021-07-20,Kern,2098.0,35.41153,-118.46461,7,1,Summer,Large
Frenchtown Fire,2021-07-20,Yuba,45.0,39.383922,-121.24684,7,1,Summer,Medium
Mountain Fire,2021-07-23,Trinity,25.0,39.976,-123.505,7,4,Summer,Small
Park Fire,2021-07-26,Tulare,100.0,36.199833,-118.722167,7,0,Summer,Medium
Pinnacles Fire,2021-07-28,Monterey,171.0,36.476664,-121.224797,7,2,Summer,Large
Evans Fire,2021-07-29,Plumas,85.0,40.183504,-120.8468224,7,3,Summer,Medium
McFarland Fire,2021-07-30,"Shasta, Trinity, Tehama",122653.0,40.35,-123.034,7,4,Summer,Large
Robie Fire,2021-07-30,Calaveras,153.0,38.054116,-120.867498,7,4,Summer,Medium
Hungry Fire,2021-07-31,Los Angeles,340.0,34.7479248,-118.8217926,7,5,Summer,Large
Tobin Fire,2021-07-31,San Luis Obispo,75.0,35.65927,-120.560856,7,5,Summer,Medium
Antelope Fire,2021-08-01,Siskiyou,145632.0,41.5289901,-121.9154934,8,6,Summer,Large
Hiding Fire,2021-08-01,Shasta,50.0,40.466364,-122.482826,8,6,Summer,Medium
Monument Fire,2021-07-30,Trinity,223124.0,40.752,-123.337,7,4,Summer,Large
River Complex,2021-07-30,"Siskiyou, Trinity",199359.0,41.389,-123.057,7,4,Summer,Large
Antonio Fire,2021-08-03,Los Angeles,50.0,34.23604,-117.65989,8,1,Summer,Medium
House Fire,2021-08-04,Shasta,60.0,40.604986,-122.506112,8,2,Summer,Medium
River Fire,2021-08-04,"Nevada, Placer",2619.0,39.08805,-121.01468,8,2,Summer,Large
Hambone Fire,2021-08-06,Siskiyou,55.0,41.68499,-121.53946,8,4,Summer,Medium
Nelson Fire,2021-08-07,Shasta,20.0,41.034362,-121.89008,8,5,Summer,Small
Glen Fire,2021-08-11,Yuba,184.0,39.403918,-121.30845,8,2,Summer,Large
Middle Fire,2021-08-13,Sonoma,22.0,38.250596,-122.727542,8,4,Summer,Small
Coyote Fire,2021-08-13,Lake,127.0,38.826123,-122.581257,8,4,Summer,Medium
Bell Fire,2021-08-14,Mendocino,50.0,39.834099,-123.637032,8,5,Summer,Medium
Caldor Fire,2021-08-14,"El Dorado, Alpine, Amador",221835.0,38.586,-120.537833,8,5,Summer,Large
Walkers Fire,2021-08-16,Tulare,8777.0,36.268,-118.555,8,0,Summer,Large
Cache Fire,2021-08-18,Lake,83.0,38.928133,-122.601395,8,2,Summer,Medium
McCash Fire,2021-08-18,Siskiyou,94962.0,41.564,-123.404,8,2,Summer,Large
Rock Fire,2021-08-24,Riverside,295.0,33.474823,-116.659688,8,1,Summer,Large
Mule Fire,2021-08-25,Shasta,10.0,40.616416,-122.514391,8,2,Summer,Small
Airola Fire,2021-08-25,Calaveras,639.0,38.038795,-120.454797,8,2,Summer,Large
South Fire,2021-08-25,San Bernardino,680.0,34.186147,-117.440263,8,2,Summer,Large
Westward Fire,2021-08-25,Riverside,160.0,33.918089,-116.877776,8,2,Summer,Large
Bennett Fire,2021-08-25,Nevada,59.0,39.216752,-121.040771,8,2,Summer,Medium
Washington Fire,2021-08-26,Tuolumne,100.0,37.962933,-120.402221,8,3,Summer,Medium
Roadside Fire,2021-08-28,San Bernardino,50.0,34.25145,-117.4546,8,5,Summer,Medium
Chaparral Fire,2021-08-28,"Riverside, San Diego",1427.0,33.484721,-117.39309,8,5,Summer,Large
Railroad Fire,2021-08-29,San Bernardino,61.0,34.34,-117.466,8,6,Summer,Medium
Knob Fire,2021-08-29,Humboldt,2421.0,40.8652,-123.6744,8,6,Summer,Large
K-Rail,2021-08-30,Humboldt,16.0,41.03877,-123.52733,8,0,Summer,Small
Lassen Fire,2021-09-01,Marin,44.0,38.0591827,-122.6131992,9,2,Fall,Medium
Lawrence Fire,2021-09-05,Amador,46.0,38.529123,-120.731748,9,6,Fall,Medium
Bridge Fire,2021-09-05,Placer,411.0,38.921239,-121.036613,9,6,Fall,Large
Aruba Fire,2021-09-05,San Diego,54.0,33.380079,-117.111157,9,6,Fall,Medium
Caballo Fire,2021-09-06,Santa Barbara,70.0,34.6776,-120.09009,9,0,Fall,Medium
Route Fire,2021-09-11,Los Angeles,464.0,34.569383,-118.688821,9,5,Fall,Large
Hopkins Fire,2021-09-12,Mendocino,257.0,39.232362,-123.202039,9,6,Fall,Large
Childrens Fire,2021-09-19,Madera,42.0,36.89365,-119.792528,9,6,Fall,Medium
University Fire,2021-09-22,San Bernardino,71.0,34.164501,-117.333215,9,2,Fall,Medium
Fremont Fire,2021-09-22,"Napa, Sonoma",116.0,38.269863,-122.416983,9,2,Fall,Medium
Fawn Fire,2021-09-22,Shasta,8578.0,40.729811,-122.320243,9,2,Fall,Large
Maxwell Fire,2021-10-05,Trinity,80.0,40.649917,-123.02375,10,1,Fall,Medium
View Fire ,2021-10-11,Tehama,24.0,40.287225,-122.436754,10,0,Fall,Small
Kettle Fire,2021-10-11,Kings,447.0,35.983649,-119.960099,10,0,Fall,Large
Newell Fire,2021-10-11,Napa,132.0,38.170366,-122.241128,10,0,Fall,Medium
Alisal Fire,2021-10-11,Santa Barbara,16970.0,34.553,-120.136,10,0,Fall,Large
Canal Fire ,2021-10-14,Trinity,59.0,39.986836,-122.277441,10,3,Fall,Medium
Gravel Fire,2021-10-15,Modoc,200.0,41.862388,-120.358206,10,4,Fall,Large
Estrada Fire,2021-10-15,Santa Cruz,148.0,37.013464,-121.752106,10,4,Fall,Medium
Hollow Fire,2021-10-24,San Joaquin,150.0,37.62879,-121.52692,10,6,Fall,Medium
Arlanza Fire,2021-11-21,Riverside,24.0,33.952633,-117.487947,11,6,Fall,Small
Colorado Fire,2022-01-21,Monterey,687.0,36.396461,-121.880533,1,4,Winter,Large
Emerald Fire ,2022-02-10,Orange,154.0,33.558085,-117.805666,2,3,Winter,Medium
Airport Fire,2022-02-16,Inyo,4136.0,37.369355,-118.371813,2,2,Winter,Large
Alpine Fire ,2022-03-01,Sonoma,21.0,38.46234,-123.015106,3,1,Spring,Small
Flanagan Fire ,2022-03-04,Shasta,88.0,40.67671,-122.4073,3,4,Spring,Medium
Hollister Fire,2022-03-12,Santa Barbara,120.0,34.4687419,-120.2770391,3,5,Spring,Medium
Gulch Fire ,2022-03-12,Siskiyou,113.0,41.9525087,-121.9015432,3,5,Spring,Medium
Evergreen Fire ,2022-03-12,Siskiyou,12.0,41.4455854,-122.3685584,3,5,Spring,Small
Whitlow Fire,2022-03-25,Siskiyou,10.0,41.234712,-121.692093,3,4,Spring,Small
Platina Fire,2022-04-27,Shasta,10.0,40.44412,-122.690559,4,2,Spring,Small
111 Fire,2022-04-30,Riverside,15.0,33.510716,-115.916687,4,5,Spring,Small
Pyrite Fire ,2022-05-06,Riverside,60.0,34.018021,-117.462367,5,4,Spring,Medium
House Fire,2022-05-11,Fresno,171.0,36.974622,-119.443013,5,2,Spring,Large
Coastal Fire,2022-05-11,Orange,200.0,33.509464,-117.744398,5,2,Spring,Large
Coyote Fire,2022-05-15,Riverside,46.0,33.886637,-116.900635,5,6,Spring,Medium
Poplar Fire,2022-05-16,Tulare,25.0,36.051411,-118.98167,5,0,Spring,Small
Edmonston Fire,2022-05-19,Kern,682.0,34.935583,-118.873889,5,3,Spring,Large
Willow Fire ,2022-05-20,Contra Costa,28.0,38.015611,-121.998735,5,4,Spring,Small
Dunnigan Fire ,2022-05-20,Yolo,120.0,38.824462,-122.049621,5,4,Spring,Medium
Owens Fire,2022-05-20,Mendocino,36.0,38.8733747,-123.6641833,5,4,Spring,Medium
Quail Fire,2022-05-21,Solano,135.0,38.467322,-122.051923,5,5,Spring,Medium
Wilder Fire,2022-05-24,Tehama,90.0,40.150329,-122.275649,5,1,Spring,Medium
River Fire ,2022-05-24,Colusa,595.0,39.2333948,-122.0246463,5,1,Spring,Large
Bull Fire ,2022-05-24,San Luis Obispo,48.0,35.0155237,-120.3564497,5,1,Spring,Medium
Elk Trail Fire,2022-05-26,San Bernardino,431.0,34.090619,-116.447636,5,3,Spring,Large
Lost Lake Fire ,2022-05-26,Riverside,5856.0,34.010838,-114.484173,5,3,Spring,Large
Old Fire,2022-05-31,Napa,570.0,38.370078,-122.270417,5,1,Spring,Large
Range Fire,2022-06-03,Kern,93.0,35.199501,-118.721683,6,4,Summer,Medium
62 Fire,2022-06-04,Riverside,60.0,33.59823,-116.23339,6,5,Summer,Medium
Eagle Fire,2022-06-06,San Luis Obispo,36.0,35.72373,-120.56019,6,0,Summer,Medium
Hesperia Fire,2022-06-06,San Bernardino,95.0,34.31267,-117.34635,6,0,Summer,Medium
Marsh Fire,2022-06-09,Contra Costa,159.0,37.895892,-121.696808,6,3,Summer,Large
Park Fire,2022-06-09,Butte,54.0,39.385829,-121.431372,6,3,Summer,Medium
Graham Fire,2022-06-10,Tehama,100.0,40.05,-121.776,6,4,Summer,Medium
Plant Fire,2022-06-11,Kern,517.0,34.9324042,-118.9253809,6,5,Summer,Large
Brandie Fire,2022-06-11,Yuba,72.0,39.319804,-121.392285,6,5,Summer,Medium
Sheep Fire,2022-06-12,San Bernardino,865.0,34.355593,-117.61508,6,6,Summer,Large
Barrett Fire,2022-06-12,San Diego,65.0,32.8134303,-116.5882585,6,6,Summer,Medium
Border 13 Fire ,2022-06-13,San Diego,577.0,32.614832,-116.737119,6,0,Summer,Large
Rancho Fire,2022-06-13,Tehama,593.0,40.00919,-122.45621,6,0,Summer,Large
Border 16,2022-06-21,San Diego,70.0,32.567333,-116.750667,6,1,Summer,Medium
Edgewood,2022-06-21,Santa Cruz,20.0,37.459222,-122.27742,6,1,Summer,Small
Thunder Fire ,2022-06-22,Kern,2500.0,34.936618,-118.889446,6,2,Summer,Large
99 Fire,2022-06-22,Butte,66.0,39.37879,-121.68694,6,2,Summer,Medium
Scenic Fire ,2022-06-23,Contra Costa,120.0,38.046255,-122.191103,6,3,Summer,Medium
Canyon Fire ,2022-06-23,Alameda,71.0,37.642217,-121.903018,6,3,Summer,Medium
Tesla Fire,2022-06-23,Alameda,552.0,37.365652,-121.556086,6,3,Summer,Large
Timm Fire,2022-06-23,Solano,26.0,38.42619,-121.97785,6,3,Summer,Small
Romero Fire,2022-06-23,Merced,349.0,38.42619,-121.97785,6,3,Summer,Large
Kirker Fire ,2022-06-24,Contra Costa,90.0,37.97689,-121.908735,6,4,Summer,Medium
Union Fire,2022-06-25,Riverside,110.0,33.968307,-117.462524,6,5,Summer,Medium
Ridge Fire,2022-06-26,Siskiyou,12.0,41.317476,-122.359698,6,6,Summer,Small
Roblar Fire ,2022-06-27,Sonoma,63.0,38.323263,-122.796221,6,0,Summer,Medium
Redwood Fire,2022-06-27,Marin,113.0,38.163521,-122.574563,6,0,Summer,Medium
Burrows Fire ,2022-06-28,Glenn,317.0,39.713372,-122.55002,6,1,Summer,Large
Camino Fire,2022-06-28,San Luis Obispo,387.0,35.136141,-120.437395,6,1,Summer,Large
Rices Fire,2022-06-28,Nevada,904.0,39.319145,-121.192271,6,1,Summer,Large
Nelson Fire,2022-06-30,Butte,328.0,39.524038,-121.650851,6,3,Summer,Large
Sandra Fire,2022-06-30,Butte,34.0,39.480813,-121.366789,6,3,Summer,Small
Table Fire,2022-07-01,Fresno,52.0,37.013878,-119.576797,7,4,Summer,Medium
Garrison Fire,2022-07-04,Monterey,138.0,35.8640822,-120.819059,7,0,Summer,Medium
Electra Fire,2022-07-04,"Amador, Calaveras",4470.0,38.334802,-120.665415,7,0,Summer,Large
Jan-Dar Fire,2022-07-04,Butte,30.0,39.42972,-121.430071,7,0,Summer,Small
Nome Fire,2022-07-05,Mendocino,20.0,39.8166571,-123.2055576,7,1,Summer,Small
Bay Fire,2022-07-08,Yuba,30.0,39.300253,-121.372749,7,4,Summer,Small
Washburn Fire,2022-07-07,Mariposa,4886.0,37.499,-119.614,7,3,Summer,Large
Porter Fire,2022-07-09,Placer,166.0,39.020051,-121.344587,7,5,Summer,Large
Harbison,2022-07-12,San Diego,37.0,32.7947379,-116.8460273,7,1,Summer,Medium
Herman Fire,2022-07-13,Solano,115.0,38.0936839,-122.1347757,7,2,Summer,Medium
Peter Fire ,2022-07-14,Shasta,304.0,40.4411992,-122.3182313,7,3,Summer,Large
Grant Fire,2022-07-14,Sacramento,74.0,38.5570067,-121.1183895,7,3,Summer,Medium
Rainbow Fire,2022-07-16,Tehama,60.0,40.010233,-122.433855,7,5,Summer,Medium
Riosa Fire,2022-07-17,Placer,38.0,38.9848309,-121.340201,7,6,Summer,Medium
Border 27 Fire,2022-07-17,San Diego,100.0,32.6077664,-116.6077664,7,6,Summer,Medium
Bell Fire,2022-07-17,Mendocino,43.0,39.90557,-123.598273,7,6,Summer,Medium
Agua Fire,2022-07-18,Mariposa,421.0,37.481701,-120.02107,7,0,Summer,Large
Winding Fire,2022-07-18,Yuba,82.0,39.314076,-121.27693,7,0,Summer,Medium
Meadow Fire ,2022-07-19,Mendocino,17.0,39.058043,-123.33756,7,1,Summer,Small
Flynn Fire ,2022-07-19,Alameda,121.0,37.719206,-121.656106,7,1,Summer,Medium
Slate Fire ,2022-07-21,Tuolumne,64.0,37.935092,-120.4422218,7,3,Summer,Medium
Anzar Fire,2022-07-21,San Benito,104.0,36.8927679,-121.604728,7,3,Summer,Medium
Oak Fire ,2022-07-22,Mariposa,19244.0,37.5509366,-119.9234728,7,4,Summer,Large
Cable Fire ,2022-07-26,El Dorado,20.0,38.75794,-120.63742,7,1,Summer,Small
Casner Fire,2022-07-27,San Diego,174.0,33.0819687,-116.7626279,7,2,Summer,Large
Apple Fire,2022-07-27,Yuba,39.0,39.323167,-121.304167,7,2,Summer,Medium
McKinney Fire ,2022-07-29,Siskiyou,60138.0,41.833813,-122.894782,7,4,Summer,Large
Highway Fire,2022-07-29,San Bernardino,28.0,34.312437,-117.3463886,7,4,Summer,Small
Mesa Fire,2022-07-30,Kern,222.0,35.5745007,-118.4125811,7,5,Summer,Large
Shackleford Fire,2022-07-30,Siskiyou,31.0,41.5734543,-123.0213226,7,5,Summer,Small
Pebble Fire,2022-07-31,Fresno,55.0,36.6760553,-119.1902259,7,6,Summer,Medium
Kelsey Fire,2022-07-30,Siskiyou,85.0,41.6430162,-123.1193265,7,5,Summer,Medium
Meamber Fire,2022-07-31,Siskiyou,63.0,41.640867,-122.988315,7,6,Summer,Medium
Marmot Fire,2022-08-02,Tulare,127.0,36.378236,-118.853671,8,1,Summer,Medium
Springs Fire,2022-08-03,Tuolumne,51.0,37.84349,-120.50806,8,2,Summer,Medium
Smokey Fire ,2022-08-04,Siskiyou,34.0,41.9708541,-122.7825581,8,3,Summer,Small
3-8 Fire ,2022-08-08,Lassen,14.0,41.060445,-121.211449,8,0,Summer,Small
Sam Fire,2022-08-10,Los Angeles,149.0,34.765322,-118.732882,8,2,Summer,Medium
Rail Fire,2022-08-14,Kern,250.0,35.2882644,-118.6292243,8,6,Summer,Large
Oak Fire,2022-08-15,Placer,19244.0,39.04941,-120.9526,8,0,Summer,Large
Wishon Fire,2022-08-15,Tulare,325.0,36.17768,-118.71829,8,0,Summer,Large
Eden Fire,2022-08-15,Alameda,58.0,37.70049,-121.97822,8,0,Summer,Medium
Quail Fire,2022-08-17,Los Angeles,53.0,34.48202,-118.60811,8,2,Summer,Medium
Pleasant Fire,2022-08-20,Nevada,48.0,39.2805,-121.1329,8,5,Summer,Medium
Point Fire,2022-08-20,Lake,14.0,38.9494,-122.6556,8,5,Summer,Small
East Fire,2022-08-25,Los Angeles,150.0,34.2338842,-117.8004523,8,3,Summer,Medium
Still Fire,2022-08-27,Nevada,44.0,39.0543,-121.1103,8,5,Summer,Medium
McCovey Fire,2022-08-29,Humboldt,25.0,41.4672,-123.9277,8,0,Summer,Small
Ranch Fire,2022-08-29,Humboldt,26.0,41.4626,-123.9477,8,0,Summer,Small
Gulch Fire,2022-08-29,Los Angeles,113.0,34.2026,-117.8608,8,0,Summer,Medium
Route Fire,2022-08-31,Los Angeles,5208.0,34.5255,-118.6479,8,2,Summer,Large
Border 32,2022-08-31,San Diego,4456.0,32.612181,-116.707395,8,2,Summer,Large
Branstetter Fire ,2022-09-01,Shasta,34.0,40.5336,-122.3975,9,3,Fall,Small
Walker Fire,2022-09-01,Mendocino,124.0,39.3669,-123.3159,9,3,Fall,Medium
Woods Fire,2022-09-01,Tuolumne,21.0,37.968,-120.4013,9,3,Fall,Small
Mill Fire,2022-09-02,Siskiyou,3939.0,41.4303,-122.3852,9,4,Fall,Large
Tower Fire,2022-09-02,Calaveras,73.0,38.0182816,-120.7489517,9,4,Fall,Medium
Mountain Fire ,2022-09-02,Siskiyou,13440.0,41.459009,-122.627469,9,4,Fall,Large
Sandia Fire,2022-09-04,San Diego,30.0,33.432924,-117.246996,9,6,Fall,Small
Caesar Fire,2022-09-05,San Diego,50.0,33.064629,-116.811345,9,0,Fall,Medium
Fairview Fire,2022-09-05,Riverside,28098.0,33.717062,-116.893227,9,0,Fall,Large
Hill Fire,2022-09-06,Placer,11.0,39.1252,-120.816083,9,1,Fall,Small
Radford Fire,2022-09-05,San Bernardino,1079.0,34.177,-116.882,9,0,Fall,Large
Rosa Fire,2022-09-06,San Luis Obispo,16.0,35.580125,-121.012313,9,1,Fall,Small
Power Fire ,2022-09-06,Fresno,130.0,37.080478,-119.485927,9,1,Fall,Medium
Mosquito Fire,2022-09-06,"El Dorado, Placer",76788.0,39.00591,-120.7447,9,1,Fall,Large
Fork Fire ,2022-09-07,Madera,819.0,37.21945,-119.50881,9,2,Fall,Large
Coyote Fire,2022-09-07,Siskiyou,297.0,41.8739166,-121.839853,9,2,Fall,Large
Barnes Fire,2022-09-07,Modoc,5843.0,41.87117,-120.29122,9,2,Fall,Large
Forward Fire,2022-09-09,Tehama,160.0,40.44109,-121.81822,9,4,Fall,Large
Dutch Fire,2022-09-13,Placer,48.0,39.1902,-120.8266,9,1,Fall,Medium
Garden Fire,2022-09-17,Placer,29.0,39.9929,-121.2122,9,5,Fall,Small
97 Fire,2022-09-27,Siskiyou,30.0,41.4987,-122.3414,9,1,Fall,Small
Pleasant Fire ,2022-10-23,Inyo,50.0,37.38939,-118.50091,10,6,Fall,Medium
66 Fire,2023-05-15,Riverside,127.0,33.569342,-116.092746,5,0,Spring,Medium
Point Fire,2023-05-21,Shasta,10.0,40.417676,-122.47542,5,6,Spring,Small
Ramona Fire,2023-05-22,Riverside,338.0,33.823424,-117.033714,5,0,Spring,Large
Pistol Fire,2023-05-30,Fresno,123.0,36.9466,-119.6801,5,1,Spring,Medium
Sicard Fire,2023-05-30,Yuba,13.0,39.2349,-121.3475,5,1,Spring,Small
Orange Fire,2023-06-01,Fresno,108.0,36.678,-119.2971,6,3,Summer,Medium
Panoche Fire,2023-06-03,Fresno,65.0,36.7536,-120.8991,6,5,Summer,Medium
Valley Fire,2023-06-03,Tulare,135.0,36.0322,-118.8582,6,5,Summer,Medium
Range Fire,2023-06-04,Monterey,72.0,36.4647,-121.3319,6,6,Summer,Medium
Rodeo Fire,2023-06-09,Fresno,15.0,36.70984,-119.304258,6,4,Summer,Small
Gulch Fire,2023-06-10,Mariposa,25.0,37.4404,-120.1499,6,5,Summer,Small
Geology Fire,2023-06-10,San Bernardino,1088.0,33.896,-116.0533,6,5,Summer,Large
Summit Fire,2022-08-03,Tulare,1400.0,36.319167,-118.650278,8,2,Summer,Large
Henderson Fire,2023-06-14,Lake,21.0,39.023,-122.7145,6,2,Summer,Small
Frank Fire,2023-06-15,Tehama,32.0,40.2869,-122.5955,6,3,Summer,Small
Scott Fire,2023-06-15,Yuba,115.0,39.3256,-121.3686,6,3,Summer,Medium
Snell Fire,2023-06-16,Napa,103.0,38.6994,-122.4379,6,4,Summer,Medium
Rocky Fire,2023-06-18,Tulare,141.0,36.3002,-119.0828,6,6,Summer,Medium
Slough Fire,2023-06-18,Fresno,640.0,36.5737,-120.188,6,6,Summer,Large
Black Wood Fire,2023-06-20,San Diego,37.0,32.734788,-116.34461,6,1,Summer,Medium
Garbani Fire,2023-06-20,Riverside,43.0,33.656034,-117.201092,6,1,Summer,Medium
Viper Fire,2023-06-21,Riverside,25.0,33.984167,-117.138268,6,2,Summer,Small
Harney Fire,2023-06-21,Tuolumne,37.0,37.8558452,-120.3728742,6,2,Summer,Medium
Peoria Fire,2023-06-23,Yuba,59.0,39.258,-121.3801,6,4,Summer,Medium
Balfour Fire,2023-06-25,Contra Costa,74.0,37.9143,-121.7676,6,6,Summer,Medium
Crane Fire,2023-06-27,Fresno,24.0,36.8675,-119.0137,6,1,Summer,Small
Juniper Fire,2023-06-27,Riverside,68.0,33.787329,-117.330286,6,1,Summer,Medium
Nice Fire,2023-06-27,San Bernardino,90.0,34.0568,-117.0957,6,1,Summer,Medium
Champagne Fire ,2023-06-30,Kern,25.0,34.9516,-118.4252,6,4,Summer,Small
Gann Fire,2023-07-02,Calaveras,105.0,38.114444,-120.798285,7,6,Summer,Medium
Peter Fire,2023-07-03,Los Angeles,14.0,34.516944,-118.193056,7,0,Summer,Small
Roundup Fire,2023-07-04,San Bernardino,34.0,34.38695,-117.186767,7,1,Summer,Small
Bernasconi Fire,2023-07-04,Riverside,18.0,33.838928,-117.153554,7,1,Summer,Small
Lincoln Fire,2023-07-05,Riverside,39.0,33.583941,-116.078906,7,2,Summer,Medium
Day Fire,2023-07-05,Riverside,56.0,33.837311,-117.278984,7,2,Summer,Medium
Frog Fire,2023-07-06,Riverside,33.0,33.479,-117.0575,7,3,Summer,Small
District Fire,2023-07-07,Kern,1044.0,34.8866,-118.9033,7,4,Summer,Large
Park Fire,2023-07-09,San Diego,64.0,32.6003,-116.5836,7,6,Summer,Medium
Vineyard Fire,2023-07-09,"Monterey, San Luis Obispo",391.0,35.8,-120.8169,7,6,Summer,Large
Rider Fire,2023-07-11,Riverside,12.0,33.8302,-117.2616,7,1,Summer,Small
Carbon Fire,2023-07-11,Amador,58.0,38.43948,-120.98731,7,1,Summer,Medium
Snake Fire,2023-07-11,Riverside,30.0,33.7505,-117.348,7,1,Summer,Small
Spring Fire,2023-07-11,Riverside,35.0,33.9364,-117.124,7,1,Summer,Small
Liberty Fire,2023-07-11,Amador,71.0,38.2387,-121.0089,7,1,Summer,Medium
Avocado Fire,2023-07-12,Riverside,10.0,33.505725,-117.300098,7,2,Summer,Small
Pulsar Fire,2023-07-13,Riverside,12.0,33.821929,-117.068009,7,3,Summer,Small
Highland Fire,2023-07-14,Riverside,105.0,33.907342,-116.946498,7,4,Summer,Medium
Rabbit Fire,2023-07-14,Riverside,8355.0,33.889467,-117.070916,7,4,Summer,Large
Gavilan Fire,2023-07-15,Riverside,336.0,33.817004,-117.358124,7,5,Summer,Large
Lodoga Fire,2023-07-16,Colusa,22.0,39.2694,-122.466,7,6,Summer,Small
Stony Fire,2023-07-18,Glenn,89.0,39.6685,-122.5259,7,1,Summer,Medium
Juniper Fire,2023-07-18,Fresno,15.0,36.1132,-120.5689,7,1,Summer,Small
Reche Fire,2023-07-14,Riverside,436.0,33.9835,-117.2169,7,4,Summer,Large
Idria Fire,2023-07-19,San Benito,296.0,36.490487,-120.801732,7,2,Summer,Large
Oak Fire,2023-07-19,Riverside,137.0,34.0182,-117.4261,7,2,Summer,Medium
Wonder Fire,2023-07-24,Shasta,162.0,40.7316228,-122.3232056,7,0,Summer,Large
Long Fire,2023-07-25,Fresno,33.0,36.6932792,-119.1521739,7,1,Summer,Small
Victor Fire,2023-07-25,Los Angeles,70.0,34.356691,-118.507954,7,1,Summer,Medium
Agua Fire,2023-07-25,Los Angeles,421.0,34.438333,-118.326389,7,1,Summer,Large
Turkey Fire,2023-07-26,Butte,65.0,39.446994,-121.399989,7,2,Summer,Medium
Bonny Fire,2023-07-27,Riverside,2323.0,33.4769,-116.7247,7,3,Summer,Large
Sunset Fire,2023-07-27,Riverside,103.0,33.9372,-116.9081,7,3,Summer,Medium
Scodie Fire,2023-07-28,Kern,20.0,35.6967,-118.2148,7,4,Summer,Small
Flynn Fire,2023-07-29,Alameda,80.0,37.7356,-121.6065,7,5,Summer,Medium
Shell Fire,2023-07-30,San Luis Obispo,100.0,35.458459,-120.334625,7,6,Summer,Medium
York Fire,2023-08-01,San Bernardino,93078.0,35.191889,-115.317389,8,1,Summer,Large
Haberkern Fire,2023-08-01,Kern,35.0,36.7611111,-119.988888,8,1,Summer,Small
Beale Fire,2023-08-01,Kern,61.0,35.403564,-120.181725,8,1,Summer,Medium
Nuevo Fire,2023-08-01,Riverside,20.0,33.7995,-117.11938,8,1,Summer,Small
RV Fire,2023-08-01,Merced,29.0,36.9648,-120.8839,8,1,Summer,Small
East Fire ,2023-08-01,Kern,1291.0,35.490591,-118.875657,8,1,Summer,Large
Almond Fire,2023-08-02,Riverside,95.0,33.91436,-116.76111,8,2,Summer,Medium
Stanley Fire,2023-08-02,Riverside,16.0,33.602019,-116.84334,8,2,Summer,Small
Clayton Fire,2023-08-03,Santa Clara,68.0,37.368648,-121.464716,8,3,Summer,Medium
Ridge Fire,2023-08-04,Shasta,28.0,40.735974,-122.624538,8,4,Summer,Small
Boulevard Fire,2023-08-04,Kern,88.0,35.0990626,-118.2951023,8,4,Summer,Medium
No Name Fire,2023-08-05,Kern,1120.0,35.78611,-117.8875,8,5,Summer,Large
Almond Fire,2023-08-06,Kern,5228.0,35.614674,-119.835808,8,6,Summer,Large
Pass ,2023-08-06,San Diego,36.0,32.68535,-116.3017,8,6,Summer,Medium
Bunnie Fire,2023-08-09,San Diego,184.0,32.994676,-116.855731,8,2,Summer,Large
Rock Fire,2023-08-09,Riverside,531.0,33.871189,-117.150639,8,2,Summer,Large
Cemetery Fire,2023-08-09,Butte,68.0,39.377918,-121.68793,8,2,Summer,Medium
Dry Creek Complex,2023-08-10,Tulare,301.0,36.5323,-119.0113,8,3,Summer,Large
Hernandez Fire,2023-08-10,San Benito,75.0,36.4392121,-120.9783812,8,3,Summer,Medium
Trotter,2023-08-14,Kern,52.0,35.1387962,-118.6027987,8,0,Summer,Medium
Bitter Fire,2023-08-15,San Luis Obispo,695.0,35.4854,-120.0574,8,1,Summer,Large
SKU August Lightning Complex,2023-08-15,Siskiyou,838.0,41.2477,-121.5041,8,1,Summer,Large
Deep Fire,2023-08-16,Trinity,4198.0,40.93686,-122.94871,8,2,Summer,Large
Slide 1 Fire,2023-08-16,Tehama,473.0,40.036944,-122.855,8,2,Summer,Large
Smith River Complex,2023-08-15,Del Norte,95107.0,41.958269,-123.868447,8,1,Summer,Large
Cochrane Fire,2023-08-16,Santa Clara,72.0,37.18725,-121.67208,8,2,Summer,Medium
Thirty Five Fire,2023-08-17,Glenn,109.0,39.6194,-122.3287,8,3,Summer,Medium
Coyote Fire,2023-08-17,San Diego,466.0,32.6347,-116.6415,8,3,Summer,Large
Happy Camp Complex,2023-08-16,Siskiyou,21725.0,41.777554,-123.045093,8,2,Summer,Large
South Fork Complex,2023-08-15,Trinity,3929.0,40.623606,-123.662677,8,1,Summer,Large
Plant Fire,2023-08-19,Santa Barbara,5464.0,34.9190169,-119.73328,8,5,Summer,Large
SRF Lightning Complex,2023-08-20,Humboldt,50198.0,41.017222,-123.611167,8,6,Summer,Large
Creek Fire,2023-09-06,Lake,28.0,38.903333,-122.601667,9,2,Fall,Small
Knoll Fire,2023-09-10,Calaveras,32.0,38.18291,-120.7942,9,6,Fall,Small
Alta Fire,2023-09-12,Napa,14.0,38.3702,-122.1796,9,1,Fall,Small
Caliente Fire,2023-09-16,Kern,55.0,35.2674,-118.616,9,5,Fall,Medium
Meadow Fire,2023-09-26,Riverside,23.0,33.753608,-117.279764,9,1,Fall,Small
Green Fire,2023-10-06,San Luis Obispo,243.0,35.5421,-120.9739,10,4,Fall,Large
Williams Fire,2023-10-06,Monterey,44.0,36.0295,-121.07148,10,4,Fall,Medium
Wiley Fire,2023-10-07,Solano,36.0,38.265241,-121.981732,10,5,Fall,Medium
Stanley Fire,2023-10-17,Riverside,5.0,33.592915,-116.857302,10,1,Fall,Small
Border 34 Fire,2023-10-29,San Diego,24.0,32.598,-116.9196,10,6,Fall,Small
Highland Fire,2023-10-30,Riverside,2487.0,33.438207,-116.82307,10,0,Fall,Large
Lizzie Fire,2023-10-30,San Luis Obispo,124.0,35.2808,-120.644,10,0,Fall,Medium
Sun Fire,2023-11-09,Santa Barbara,211.0,34.55742,-120.32318,11,3,Fall,Large
Lamb Fire,2023-11-14,Riverside,13.0,33.85008,-116.99867,11,1,Fall,Small
Manzanita Fire,2023-11-14,Riverside,15.0,33.839416,-117.003584,11,1,Fall,Small
Adams Fire,2023-11-19,Riverside,36.0,33.809953,-116.246207,11,6,Fall,Medium
Sierra Fire,2023-11-20,Riverside,35.0,33.8438665,-117.46406,11,0,Fall,Small
Sage Fire,2023-11-23,San Diego,39.0,32.723389,-116.891493,11,3,Fall,Medium
Border 38 Fire,2023-12-05,San Diego,13.0,32.5666,-116.7986,12,1,Winter,Small
Elm Fire,2023-12-09,Riverside,65.0,33.9007,-116.7635,12,5,Winter,Medium
South Fire,2023-12-09,Ventura,2715.0,34.327,-118.9938,12,5,Winter,Large
Pine Fire,2023-12-15,Kern,181.0,35.5593,-118.8696,12,4,Winter,Large
Border 42 Fire,2023-12-21,San Diego,50.0,32.6036,-116.7718,12,3,Winter,Medium
Palmas Fire,2024-02-20,Riverside,239.0,33.5103795,-115.82784,2,1,Winter,Large
 Bryson Fire,2024-02-27,Monterey,11.0,35.81148,-121.084104,2,1,Winter,Small
Cartago Fire,2024-04-03,Inyo,104.0,36.316401,-118.026767,4,2,Spring,Medium
Gardner Fire,2024-04-12,Kern,241.0,35.153062,-119.39529,4,4,Spring,Large
Pendola Fire,2024-04-21,Yuba,18.0,39.494086,-121.070752,4,6,Spring,Small
York Fire,2024-04-21,Kings,181.0,35.817759,-120.097738,4,6,Spring,Large
Refuge Fire,2024-04-26,Fresno,483.0,36.730979,-120.360998,4,4,Spring,Large
Billy Fire,2024-04-30,Merced,12.0,37.020145,-120.99063,4,1,Spring,Small
School Fire,2024-05-02,Kern,1479.0,35.04847,-119.33179,5,3,Spring,Large
Dawn Fire,2024-05-04,Kern,13.0,34.9117,-118.23,5,5,Spring,Small
Tram Fire,2024-05-04,Riverside,14.0,33.858369,-116.55819,5,5,Spring,Small
Virginiatown Fire,2024-05-02,Placer,95.0,38.902253,-121.201005,5,3,Spring,Medium
Magnolia Fire,2024-05-07,Riverside,37.0,33.9208,-116.807061,5,1,Spring,Medium
Almond Fire,2024-05-07,Riverside,40.0,33.903392,-116.774124,5,1,Spring,Medium
Sherwood Fire,2024-05-10,Kern,353.0,35.7193,-118.9429,5,4,Spring,Large
Dom Fire,2024-05-11,Fresno,24.0,36.362559,-120.340061,5,5,Spring,Small
Jayne Fire,2024-05-11,Fresno,40.0,36.137571,-120.192362,5,5,Spring,Medium
Border 44 Fire,2024-05-11,San Diego,15.0,32.571374,-116.711161,5,5,Spring,Small
Red Fire,2024-05-11,San Bernardino,148.0,35.388107,-117.601135,5,5,Spring,Medium
National Fire,2024-05-12,San Bernardino,80.0,34.602884,-117.339379,5,6,Spring,Medium
Love 2 Fire,2024-05-13,San Diego,18.0,32.7754088,-116.8004,5,0,Spring,Small
Janell Fire,2024-05-14,Riverside,14.0,33.471139,-116.8539685,5,1,Spring,Small
John Fire,2024-05-14,Merced,12.0,37.244144,-120.652034,5,1,Spring,Small
Cow Fire,2024-05-15,Kern,132.0,35.4759526,-118.7503007,5,2,Spring,Medium
Ranch Fire,2024-05-15,Butte,10.0,39.693268,-121.449913,5,2,Spring,Small
Idria Fire,2024-05-15,San Benito,29.0,36.490486,-120.801731,5,2,Spring,Small
Petrol Fire,2024-05-17,Fresno,186.0,36.2748148,-120.33456,5,4,Spring,Large
Mission Fire,2024-05-18,Riverside,27.0,33.984278,-116.583317,5,5,Spring,Small
Wind Fire,2024-05-20,Kern,121.0,34.96545,-118.99692,5,0,Spring,Medium
Hall Fire,2024-05-20,Tehama,12.0,40.014819,-122.129559,5,0,Spring,Small
Elk Fire,2024-05-21,Glenn,19.0,39.598771,-122.476758,5,1,Spring,Small
Valley Fire,2024-05-21,Modoc,536.0,41.2449,-120.31,5,1,Spring,Large
Knolls Fire,2024-05-22,San Diego,17.0,33.02113,-117.170895,5,2,Spring,Small
Seven Fire,2024-05-23,Butte,11.0,39.539678,-121.908346,5,3,Spring,Small
Panoche Fire,2024-05-25,San Benito,191.0,36.5097274,-120.8471351,5,5,Spring,Large
Harford Fire,2024-05-25,Riverside,18.0,33.812223,-117.340976,5,5,Spring,Small
Shirleon Fire,2024-05-25,Riverside,34.0,33.895775,-116.901498,5,5,Spring,Small
Holiday Fire,2024-05-25,Kern,428.0,34.8492868,-118.2554355,5,5,Spring,Large
Nees Fire,2024-05-25,Fresno,47.0,36.850279,-120.771299,5,5,Spring,Medium
Central Fire,2024-05-25,Fresno,13.0,36.67799,-119.7858,5,5,Spring,Small
Border 51 Fire,2024-05-26,San Diego,12.0,32.57583,-116.76972,5,6,Spring,Small
Flood Fire,2024-05-26,San Joaquin,58.0,38.017376,-120.944834,5,6,Spring,Medium
Millerton Fire,2024-05-26,Madera,47.0,37.01741,-119.689804,5,6,Spring,Medium
Vince Fire,2024-05-27,Los Angeles,22.0,34.50941,-118.05215,5,0,Spring,Small
Five Fire,2024-05-28,Fresno,150.0,36.43706,-120.393699,5,1,Spring,Medium
Hill Fire,2024-05-28,Santa Barbara,1383.0,34.8936966,-119.5572279,5,1,Spring,Large
Pepper Fire,2024-05-28,Fresno,29.0,36.68768,-119.158199,5,1,Spring,Small
Dillon Fire,2024-05-28,Riverside,34.0,33.925778,-116.600203,5,1,Spring,Small
Clark Fire,2024-05-28,Fresno,35.0,36.501499,-120.389098,5,1,Spring,Small
Mocal Fire,2024-05-28,Kern,116.0,35.180776,-119.558308,5,1,Spring,Medium
Shirleon Fire,2024-05-28,Riverside,15.0,33.896179,-116.917099,5,1,Spring,Small
Watt Fire,2024-05-28,Placer,20.0,38.728881,-121.392475,5,1,Spring,Small
Mateo Fire,2024-05-29,Fresno,762.0,36.734329,-120.314598,5,2,Spring,Large
Zediker Fire,2024-05-28,Fresno,35.0,36.617148,-119.520906,5,1,Spring,Small
County Fire,2024-05-29,Tuolumne,13.0,37.828925,-120.634375,5,2,Spring,Small
Devil Fire,2024-05-29,Kings,188.0,35.85008,-119.915199,5,2,Spring,Large
Bank Fire,2024-05-30,Tehama,12.0,40.089713,-122.398582,5,3,Spring,Small
3-9 Fire,2023-08-16,Humboldt,2840.0,40.636317,-123.5797,8,2,Summer,Large
Howard Fire,2024-05-30,Riverside,32.0,33.56557,-116.718429,5,3,Spring,Small
Great 3 Fire,2024-05-30,San Diego,187.0,32.99611,-116.44756,5,3,Spring,Large
Canal Fire,2024-05-30,Madera,827.0,37.081421,-119.962104,5,3,Spring,Large
Hawk Fire,2024-05-30,Fresno,10.0,36.842961,-119.601701,5,3,Spring,Small
Firebaugh Fire,2024-05-30,Madera,1300.0,36.87565,-120.25511,5,3,Spring,Large
Valley Center Fire,2024-05-28,San Bernardino,10.0,34.879647,-116.792378,5,1,Spring,Small
Yer1 Fire,2024-05-28,San Bernardino,10.0,34.88011,-116.815632,5,1,Spring,Small
Nby1 Fire,2024-05-28,San Bernardino,10.0,34.812972,-116.663042,5,1,Spring,Small
Rosamond Fire,2024-05-30,Los Angeles,125.0,34.72107,-118.25483,5,3,Spring,Medium
Tesoro Fire,2024-05-31,Madera,109.0,37.01047,-119.7939,5,4,Spring,Medium
Limonite Fire,2024-05-31,Riverside,18.0,33.975351,-117.505873,5,4,Spring,Small
Red Fire,2024-05-31,Kern,98.0,35.601284,-118.4733,5,4,Spring,Medium
Field Fire,2024-05-31,Santa Barbara,201.0,34.9592,-119.698014,5,4,Spring,Large
Fields Fire,2024-05-31,Merced,22.0,37.565014,-120.425878,5,4,Spring,Small
Ranch Fire,2024-05-31,Kern,616.0,35.442336,-118.82214,5,4,Spring,Large
Boyd Fire,2024-06-01,Tulare,36.0,36.573169,-119.238103,6,5,Summer,Medium
Corral Fire,2024-06-01,San Joaquin,14168.0,37.633908,-121.50259,6,5,Summer,Large
Border 53 Fire,2024-06-01,San Diego,300.0,32.577083,-116.806666,6,5,Summer,Large
Raymond Fire,2024-06-01,Madera,27.0,36.974519,-120.044449,6,5,Summer,Small
Park Fire,2024-06-02,Riverside,13.0,33.790804,-116.927045,6,6,Summer,Small
West Fire,2024-05-30,Kern,1575.0,34.91,-118.254,5,3,Spring,Large
Shadow Fire,2024-06-03,Kern,86.0,35.619008,-118.401334,6,0,Summer,Medium
Patterson Fire,2024-06-03,Alameda,95.0,37.714616,-121.568029,6,0,Summer,Medium
Sorrel Fire,2024-06-03,San Bernardino,40.0,34.68341,-117.118935,6,0,Summer,Medium
Springs Fire,2024-06-04,Tuolumne,17.0,37.842308,-120.524741,6,1,Summer,Small
Russell Fire,2024-06-04,Fresno,25.0,36.916374,-120.657895,6,1,Summer,Small
Road Fire,2024-06-04,Kern,1088.0,35.113531,-119.48669,6,1,Summer,Large
Lotus Fire,2024-06-05,Riverside,30.0,34.013717,-117.403656,6,2,Summer,Small
Bitterwater ,2024-06-05,San Luis Obispo,331.0,35.37367,-120.094361,6,2,Summer,Large
Crystal Fire,2024-06-05,Napa,60.0,38.55954,-122.494472,6,2,Summer,Medium
Little Fire,2024-06-06,Fresno,34.0,36.777907,-120.729222,6,3,Summer,Small
Devil Fire,2024-06-06,Kings,211.0,35.85594,-119.94084,6,3,Summer,Large
Relay Fire,2024-06-06,Riverside,47.0,33.910994,-116.980503,6,3,Summer,Medium
Gaskell Fire,2024-06-06,Kern,405.0,34.82333,-118.30848,6,3,Summer,Large
155 Fire,2024-06-06,Kern,55.0,35.692183,-118.46771,6,3,Summer,Medium
Lost Fire,2024-06-06,Kern,3197.0,35.735279,-119.69294,6,3,Summer,Large
Pan Fire,2024-06-07,Fresno,34.0,36.786999,-120.764998,6,4,Summer,Small
Albers Fire,2024-06-07,Santa Clara,23.0,37.904572,-121.765839,6,4,Summer,Small
Garlock Fire,2024-06-07,Fresno,54.0,36.991558,-119.514348,6,4,Summer,Medium
Morgan Fire,2024-06-07,Riverside,14.0,33.487833,-117.052745,6,4,Summer,Small
Poleline Fire,2024-06-07,Merced,30.0,36.928296,-120.834941,6,4,Summer,Small
Koala Fire,2024-06-07,San Bernardino,25.0,34.520882,-117.451094,6,4,Summer,Small
Springs Fire,2024-06-07,Siskiyou,11.0,41.474683,-122.520453,6,4,Summer,Small
Greenville Fire,2024-06-08,Alameda,44.0,37.72154,-121.702293,6,5,Summer,Medium
Cody Fire,2024-06-08,Kern,1260.0,35.64995,-119.031458,6,5,Summer,Large
Aquaduct 2 Fire,2024-06-08,San Diego,110.0,32.84445,-117.08492,6,5,Summer,Medium
Rock Fire,2024-06-08,San Luis Obispo,50.0,35.774138,-120.772339,6,5,Summer,Medium
Creek Fire,2024-06-09,Kern,50.0,35.346667,-118.386667,6,6,Summer,Medium
John Fire,2024-06-09,Contra Costa,55.0,38.00994,-121.91945,6,6,Summer,Medium
Forest Fire,2024-06-09,Los Angeles,41.0,34.51346,-117.785551,6,6,Summer,Medium
Rawson Fire,2024-06-10,Tehama,25.0,40.111484,-122.232365,6,0,Summer,Small
Spenceville Fire,2024-06-10,Yuba,23.0,39.133016,-121.309465,6,0,Summer,Small
Acorn Fire,2024-06-10,Calaveras,15.0,38.1179241,-120.79181,6,0,Summer,Small
Cod Fire,2024-06-10,Siskiyou,28.0,41.900664,-122.444022,6,0,Summer,Small
Flynn Fire,2024-06-11,Alameda,23.0,37.719182,-121.660326,6,1,Summer,Small
Jellys Fire,2024-06-11,Tehama,17.0,40.354308,-122.172379,6,1,Summer,Small
Stoddard 3 Fire,2024-06-11,San Bernardino,472.0,34.72209,-117.16739,6,1,Summer,Large
Carmen Fire,2024-06-11,Riverside,64.0,33.91768,-116.75466,6,1,Summer,Medium
Travel Fire,2024-06-11,Fresno,10.0,36.074598,-120.102025,6,1,Summer,Small
Lincoln Fire,2024-06-11,Los Angeles,17.0,34.65729,-118.09927,6,1,Summer,Small
Hinkley Fire,2024-06-11,San Bernardino,126.0,34.89273,-117.188996,6,1,Summer,Medium
Oil Fire,2024-06-11,Kern,214.0,35.506667,-119.071667,6,1,Summer,Large
Bear Fire,2024-06-12,San Luis Obispo,1404.0,35.293114,-119.953932,6,2,Summer,Large
Grant Fire,2024-06-12,Sacramento,119.0,38.59179,-121.17954,6,2,Summer,Medium
Llano Fire,2024-06-12,Los Angeles,30.0,34.498542,-117.686469,6,2,Summer,Small
Johnson Fire,2024-06-13,San Joaquin,20.0,38.177683,-121.033739,6,3,Summer,Small
Peterson Fire,2024-06-13,Lassen,22.0,39.879737,-120.028888,6,3,Summer,Small
5 Fire,2024-06-14,Kern,30.0,35.50256,-119.53449,6,4,Summer,Small
Felipe Fire,2024-06-15,Santa Clara,19.0,37.28197,-121.73844,6,5,Summer,Small
Post Fire,2024-06-15,"Los Angeles, Ventura",15563.0,34.79208,-118.8521,6,5,Summer,Large
Junes Fire,2024-06-15,Butte,1056.0,39.369439,-121.518592,6,5,Summer,Large
Hernandez Fire,2024-06-15,San Benito,642.0,36.400976,-120.986676,6,5,Summer,Large
Rocky Fire,2024-06-15,Butte,18.0,39.548761,-121.355159,6,5,Summer,Small
Sioux Fire,2024-06-15,Madera,15.0,37.207647,-119.673538,6,5,Summer,Small
West Fire,2024-06-15,Los Angeles,300.0,34.73279,-118.29017,6,5,Summer,Large
Hesperia Fire,2024-06-15,San Bernardino,1078.0,34.30769,-117.28811,6,5,Summer,Large
Excelsior Fire,2024-06-16,Sacramento,877.0,38.52658,-121.28408,6,6,Summer,Large
Lisa Fire,2024-06-16,Riverside,890.0,33.943389,-117.06443,6,6,Summer,Large
Point Fire,2024-06-16,Sonoma,1207.0,38.705475,-123.012253,6,6,Summer,Large
Inkopah 5 Fire,2024-06-16,Imperial,30.0,32.655183,-116.099983,6,6,Summer,Small
Summit Fire,2024-06-16,San Bernardino,13.0,34.369667,-117.335667,6,6,Summer,Small
Elgin Fire,2024-06-16,Merced,86.0,37.097775,-120.635371,6,6,Summer,Medium
Max Fire,2024-06-16,Los Angeles,516.0,34.67529,-118.27108,6,6,Summer,Large
Hidden Fire,2024-06-16,Shasta,45.0,40.72052,-122.23967,6,6,Summer,Medium
62 Fire,2024-06-16,Riverside,13.0,33.984079,-116.583039,6,6,Summer,Small
Tuscany Fire,2024-06-17,Riverside,126.0,33.847642,-116.569117,6,0,Summer,Medium
Slough Fire,2024-06-17,Riverside,33.0,36.996139,-120.383187,6,0,Summer,Small
Railroad Fire,2024-06-17,Madera,13.0,37.010829,-120.056215,6,0,Summer,Small
Sites Fire,2024-06-17,Colusa,19195.0,39.31646,-122.46934,6,0,Summer,Large
Stage Fire,2024-06-17,Tulare,81.0,35.942249,-118.946399,6,0,Summer,Medium
Coast Fire,2024-06-17,Monterey,15.0,36.311477,-121.855352,6,0,Summer,Small
Douglas Fire,2024-06-17,Sacramento,400.0,38.54166,-121.24438,6,0,Summer,Large
Aero Fire,2024-06-17,Calaveras,5351.0,38.031684,-120.684174,6,0,Summer,Large
Ingomar Fire,2024-06-17,Merced,12.0,37.15858,-120.968478,6,0,Summer,Small
Spring Fire,2024-06-18,Tuolumne,51.0,37.843349,-120.50804,6,1,Summer,Medium
Sky Fire,2024-06-19,Kern,528.0,35.32752,-119.462711,6,2,Summer,Large
Scotts Fire,2024-06-19,Lake,38.0,39.118221,-122.984408,6,2,Summer,Medium
Daytona Fire,2024-06-19,Kern,123.0,35.382,-118.878444,6,2,Summer,Medium
Vista Fire,2024-06-19,Merced,25.0,36.960029,-120.653749,6,2,Summer,Small
Side Fire,2024-06-19,Tulare,137.0,36.016118,-118.828001,6,2,Summer,Medium
Kirk Fire,2024-06-20,Solano,20.0,38.220139,-122.234173,6,3,Summer,Small
Double Fire,2024-06-20,Yuba,13.0,39.458459,-121.303342,6,3,Summer,Small
Pfe Fire,2024-06-20,Placer,15.0,38.728881,-121.392475,6,3,Summer,Small
Basalt Fire,2024-06-21,Merced,58.0,37.060845,-121.057483,6,4,Summer,Medium
Gulch Fire,2024-06-21,Madera,11.0,37.313117,-119.791537,6,4,Summer,Small
Water Fire,2024-06-21,Kern,543.0,35.60366,-119.96709,6,4,Summer,Large
Jolon Fire,2024-06-21,Monterey,10.0,35.87405,-120.835545,6,4,Summer,Small
Willow Fire,2024-06-22,Madera,213.0,37.154953,-119.91267,6,5,Summer,Large
Border 58 Fire,2024-06-22,San Diego,137.0,32.58748,-116.894511,6,5,Summer,Medium
Watts Fire,2024-06-22,Fresno,90.0,36.91237,-119.419517,6,5,Summer,Medium
Needles Fire,2024-06-22,San Bernardino,70.0,34.85092,-114.61131,6,5,Summer,Medium
Valley Fire,2024-06-22,Tulare,2.0,36.274399,-119.090599,6,5,Summer,Small
Oak Fire,2024-06-23,Riverside,13.0,33.653953,-116.927015,6,6,Summer,Small
10th Fire,2024-06-24,Kern,133.0,34.974609,-118.137537,6,0,Summer,Medium
Serrano Fire,2024-06-24,Riverside,12.0,33.89433,-117.55522,6,0,Summer,Small
Muscat Fire,2024-06-24,Fresno,142.0,36.68179,-119.35579,6,0,Summer,Medium
White Fire,2024-06-24,Mariposa,52.0,37.42087,-120.00789,6,0,Summer,Medium
Willms Fire,2024-06-24,Tuolumne,12.0,37.814796,-120.656478,6,0,Summer,Small
Amoruso Fire,2024-06-24,Placer,502.0,38.82437,-121.3909,6,0,Summer,Large
1-2 Fire,2024-06-24,San Joaquin,215.0,38.029246,-120.956888,6,0,Summer,Large
Apache Fire,2024-06-24,Butte,691.0,39.418598,-121.482631,6,0,Summer,Large
Bear Fire,2024-06-24,Mariposa,19.0,37.557104,-120.171776,6,0,Summer,Small
Lavender Fire,2024-06-25,Kern,110.0,35.61181,-119.956633,6,1,Summer,Medium
Preston Fire,2024-06-25,Sonoma,11.0,38.845861,-123.019703,6,1,Summer,Small
Fresno June Lightning Complex,2024-06-24,Fresno,10616.0,36.78113,-119.345863,6,0,Summer,Large
Anchor Fire,2024-06-25,Fresno,12.0,36.631882,-119.3226,6,1,Summer,Small
Round Fire,2024-06-25,Kern,93.0,35.48989,-118.93111,6,1,Summer,Medium
Crabtree Fire,2024-06-25,Stanislaus,54.0,37.732422,-120.596351,6,1,Summer,Medium
Pass Fire,2024-06-26,Alameda,20.0,37.744764,-121.596245,6,2,Summer,Small
Basin Fire,2024-06-26,Fresno,14023.0,36.868064,-119.110336,6,2,Summer,Large
Columbia Fire,2024-06-26,Los Angeles,388.0,34.72313,-118.325308,6,2,Summer,Large
Clear Fire,2024-06-26,Modoc,890.0,41.884414,-121.239191,6,2,Summer,Large
Empire,2024-06-26,Contra Costa,250.0,37.933129,-121.777999,6,2,Summer,Large
Hollow Fire,2024-06-27,San Joaquin,210.0,37.672148,-121.457333,6,3,Summer,Large
Veterans Fire,2024-06-27,Shasta,85.0,40.477613,-122.544406,6,3,Summer,Medium
Bar Fire ,2024-06-27,Butte,36.0,39.5281902,-121.533535,6,3,Summer,Medium
Pizona Fire,2024-06-26,Mono,2160.0,38.000167,-118.49,6,2,Summer,Large
Spring Fire,2024-06-28,Tehama,100.0,40.402809,-121.994709,6,4,Summer,Medium
Lime Fire,2024-06-28,Calaveras,27.0,38.197384,-120.80076,6,4,Summer,Small
Sheering Fire,2024-06-24,Tuolumne,528.0,38.163167,-119.985167,6,0,Summer,Large
Adobe Fire,2024-06-28,Stanislaus,41.0,37.422757,-121.36663,6,4,Summer,Medium
Cotton Fire,2024-06-28,San Luis Obispo,202.0,35.782724,-120.202099,6,4,Summer,Large
Frazier Fire,2024-06-28,Fresno,11.0,37.06783,-119.50857,6,4,Summer,Small
Lonoak Fire,2024-06-28,Monterey,255.0,36.21923,-121.08223,6,4,Summer,Large
Round Fire,2024-06-29,Riverside,344.0,33.94343,-117.061943,6,5,Summer,Large
Mines Fire,2024-06-29,Alameda,5.0,37.520283,-121.5458,6,5,Summer,Small
Creek Fire,2024-06-29,El Dorado,16.0,38.895723,-120.930485,6,5,Summer,Small
El Paso Fire,2024-06-29,Kern,471.0,35.486517,-117.74823,6,5,Summer,Large
Indigo Fire,2024-06-30,Los Angeles,22.0,34.45733,-118.64093,6,6,Summer,Small
Sierra Fire ,2024-06-30,San Bernardino,400.0,34.04119,-117.43441,6,6,Summer,Large
Brentwood Fire,2024-06-30,San Luis Obispo,30.0,35.279739,-119.95363,6,6,Summer,Small
Canyon Fire,2024-06-30,Stanislaus,80.0,37.438803,-121.335653,6,6,Summer,Medium
Kitchen Fire,2024-07-01,San Diego,43.0,32.717444,-116.47191,7,0,Summer,Medium
Kern Fire,2024-07-01,Kern,15.0,35.434012,-117.977028,7,0,Summer,Small
Mccain Fire,2024-07-01,San Diego,1595.0,32.660837,-116.231794,7,0,Summer,Large
Sunrise Fire,2024-07-01,Los Angeles,35.0,34.432003,-117.834801,7,0,Summer,Small
High Desert Fire,2024-07-01,Lassen,10.0,40.408993,-120.52602,7,0,Summer,Small
Toll Fire,2024-07-02,Napa,41.0,38.63744,-122.585297,7,1,Summer,Medium
Thompson Fire,2024-07-02,Butte,3789.0,39.53793,-121.5467,7,1,Summer,Large
Yolla Fire,2024-07-02,Shasta,19.0,40.386141,-122.760479,7,1,Summer,Small
Denverton Fire,2024-07-02,Solano,25.0,38.242509,-121.91466,7,1,Summer,Small
Border 60 Fire,2024-07-02,San Diego,23.0,32.582559,-116.616755,7,1,Summer,Small
Airline Fire,2024-07-02,San Benito,1295.0,36.65921,-121.22114,7,1,Summer,Large
Moccasin Fire,2024-07-02,El Dorado,51.0,38.63826,-120.774929,7,1,Summer,Medium
Bowman Fire,2024-07-02,Kern,13.0,35.608374,-117.899544,7,1,Summer,Small
Luken Fire,2024-07-02,Riverside,18.0,33.79682,-117.264072,7,1,Summer,Small
Power Fire,2024-07-02,Kern,200.0,35.470889,-118.750959,7,1,Summer,Large
Sharp Fire,2024-07-03,Ventura,133.0,34.294625,-118.742209,7,2,Summer,Medium
Olive Fire,2024-07-03,Kern,1310.0,35.612809,-119.9569496,7,2,Summer,Large
Berry Fire,2024-07-03,Kern,60.0,35.633333,-118.816667,7,2,Summer,Medium
Shelly Fire,2024-07-03,Siskiyou,15520.0,41.465297,-123.057551,7,2,Summer,Large
Orchard Fire,2024-07-03,Kern,831.0,35.10995,-118.3970832,7,2,Summer,Large
Adams Fire,2024-07-03,Lake,16.0,38.91033,-122.607362,7,2,Summer,Small
Watt Fire,2024-07-03,Placer,23.0,38.736113,-121.392532,7,2,Summer,Small
Olinda Fire,2024-07-03,Shasta,98.0,40.439362,-122.415486,7,2,Summer,Medium
Little Fire,2024-07-03,Fresno,11.0,36.786172,-120.757128,7,2,Summer,Small
Grubbs Fire,2024-07-03,Butte,10.0,39.43511,-121.507399,7,2,Summer,Small
Slough Fire,2024-07-03,Sacramento,11.0,38.493205,-121.161253,7,2,Summer,Small
Adrian Fire,2024-07-03,Los Angeles,80.0,34.573279,-118.1935,7,2,Summer,Medium
Grande Fire,2024-07-04,Stanislaus,323.0,37.46973,-121.23728,7,3,Summer,Large
Sotelo Fire,2024-07-04,Riverside,17.0,33.72325,-117.23049,7,3,Summer,Small
Deer Fire,2024-07-04,Tehama,32.0,40.2003,-122.30328,7,3,Summer,Small
Highway Fire ,2024-07-04,Kern,75.0,35.25322,-119.2071,7,3,Summer,Medium
Meiss Fire,2024-07-04,Sacramento,18.0,38.483838,-121.074404,7,3,Summer,Small
French Fire,2024-07-04,Mariposa,908.0,37.50959,-119.9771,7,3,Summer,Large
Nason Fire,2024-07-04,Riverside,65.0,33.928252,-117.191529,7,3,Summer,Medium
Sonora Fire ,2024-07-04,San Bernardino,5.0,34.50711,-117.5124,7,3,Summer,Small
Lumpkin Fire,2024-07-04,Butte,8.0,39.54992,-121.35037,7,3,Summer,Small
Rd 18.75 / Ave 24 Fire,2024-07-04,Madera,10.0,37.09824,-120.206748,7,3,Summer,Small
Storey Fire,2024-07-04,Madera,10.0,36.974414,-120.032252,7,3,Summer,Small
Paloma Fire,2024-07-05,Merced,14.0,37.396908,-120.460411,7,4,Summer,Small
Dersch Fire,2024-07-05,Shasta,57.0,40.494374,-122.04948,7,4,Summer,Medium
Hills Fire,2024-07-05,Riverside,71.0,33.757944,-117.113903,7,4,Summer,Medium
York Fire,2024-07-05,Kings,60.0,35.82553,-120.05765,7,4,Summer,Medium
Lake Fire,2024-07-05,Santa Barbara,38664.0,34.785,-120.044833,7,4,Summer,Large
Plenty Fire,2024-07-05,Los Angeles,77.0,34.4792756,-118.506107,7,4,Summer,Medium
Rancho Fire,2024-07-05,Ventura,14.0,34.173631,-118.853661,7,4,Summer,Small
Vestal Fire,2024-07-05,Tehama,19.0,40.200879,-122.539089,7,4,Summer,Small
Pocket Fire,2024-07-06,Sonoma,11.0,38.742834,-122.907373,7,5,Summer,Small
Pay Fire,2024-07-06,El Dorado,77.0,38.7231,-120.7549,7,5,Summer,Medium
Cahuilla Fire,2024-07-06,San Bernardino,75.0,34.5444065,-117.131163,7,5,Summer,Medium
Lucern Fire,2024-07-06,San Bernardino,419.0,34.45196,-117.03341,7,5,Summer,Large
Top Fire,2024-07-06,Riverside,49.0,33.964275,-117.3048,7,5,Summer,Medium
Granite Fire,2024-07-06,Mariposa,55.0,37.7133123,-120.325444,7,5,Summer,Medium
View Fire,2024-07-06,Ventura,14.0,34.19518,-118.90918,7,5,Summer,Small
Blue Water Fire,2024-07-06,San Bernardino,150.0,34.169517,-114.276308,7,5,Summer,Medium
Vista Fire,2024-07-07,San Bernardino,2936.0,34.292101,-117.606101,7,6,Summer,Large
Post Fire,2024-07-07,Riverside,11.0,33.788907,-117.293584,7,6,Summer,Small
North Fire,2024-07-07,Modoc,4685.0,41.256864,-120.503588,7,6,Summer,Large
Royal Fire,2024-07-07,Placer,215.0,39.2393,-120.4168,7,6,Summer,Large
Hilldale Fire,2024-07-07,Merced,10.0,37.081199,-120.998125,7,6,Summer,Small
Tesla Fire,2024-07-08,Alameda,27.0,37.66504,-121.696665,7,0,Summer,Small
Sand Fire,2024-07-08,Tulare,31.0,36.640352,-119.242623,7,0,Summer,Small
Mina Fire,2024-07-08,Mendocino,98.0,39.970543,-123.38746,7,0,Summer,Medium
Bogus Fire,2024-07-08,Siskiyou,411.0,41.884429,-122.392257,7,0,Summer,Large
Franklin Fire,2024-07-08,San Luis Obispo,53.0,35.591462,-120.645939,7,0,Summer,Medium
Caliente Fire,2024-07-08,Kern,60.0,35.273067,-118.651434,7,0,Summer,Medium
Cow 2 Fire,2024-07-09,Tulare,509.0,36.026333,-118.801528,7,1,Summer,Large
Teresa Fire,2024-07-09,Santa Clara,20.0,37.201128,-121.736403,7,1,Summer,Small
Todd Fire,2024-07-09,Los Angeles,35.0,34.7192091,-118.023431,7,1,Summer,Small
Panoche Fire,2024-07-09,San Benito,93.0,36.6067,-120.8765,7,1,Summer,Medium
Woodland Fire,2024-07-10,Los Angeles,20.0,34.60698,-118.3211,7,2,Summer,Small
Poppy Fire,2024-07-10,Los Angeles,87.0,34.43725,-118.3404,7,2,Summer,Medium
Point Fire,2024-07-10,Humboldt,85.0,40.11416,-123.7729,7,2,Summer,Medium
Breckenridge Fire,2024-07-09,Kern,277.0,34.400099,-118.783698,7,1,Summer,Large
Ranch Fire,2024-07-10,Lassen,21.0,39.803617,-120.03505,7,2,Summer,Small
Railbridge Fire,2024-07-11,Butte,130.0,39.40436,-121.49395,7,3,Summer,Medium
Carrizo 5 Fire,2024-07-11,San Diego,10.0,32.636552,-116.165773,7,3,Summer,Small
Bluff Fire,2024-07-12,Riverside,50.0,33.95319,-116.87638,7,4,Summer,Medium
Ranch Fire,2024-07-12,Monterey,29.0,35.9001968,-120.433304,7,4,Summer,Small
Athens Fire,2024-07-12,Placer,260.0,38.8364594,-121.332377,7,4,Summer,Large
Pauba Fire,2024-07-12,Riverside,101.0,33.485557,-117.02173,7,4,Summer,Medium
Indiana Fire,2024-07-12,Merced,20.0,37.112938,-120.595644,7,4,Summer,Small
Pilot Fire,2024-07-12,Kern,50.0,35.2928626,-119.242617,7,4,Summer,Medium
Hurricane Fire,2024-07-13,"Kern, San Luis Obispo",12703.0,35.199333,-119.695667,7,5,Summer,Large
Soda Fire,2024-07-13,San Luis Obispo,161.0,35.009077,-119.531779,7,5,Summer,Large
White Fire,2024-07-13,Kern,5563.0,34.963024,-118.533425,7,5,Summer,Large
2024 SQF Lightning Complex,2024-07-13,"Kern, Tulare",33026.0,35.986772,-118.311422,7,5,Summer,Large
Minor Fire,2024-07-13,Los Angeles,50.0,34.67478,-118.253976,7,5,Summer,Medium
Rancho Fire,2024-07-13,Kern,9950.0,35.10343,-118.746636,7,5,Summer,Large
Packsaddle Fire,2024-07-13,Tulare,47.0,35.9273945,-118.429923,7,5,Summer,Medium
Horse Fire (Previously 3-7),2024-07-13,Lassen,42.0,40.9067636,-121.179979,7,5,Summer,Medium
Rim Fire,2024-07-13,Lassen,1262.0,40.90368,-121.160755,7,5,Summer,Large
Quality Fire,2024-07-13,Inyo,51.0,36.576457,-118.057587,7,5,Summer,Medium
Mcnab Fire,2024-07-14,Mendocino,10.0,39.041985,-123.15297,7,6,Summer,Small
Solar Fire,2024-07-14,Monterey,11.0,35.856649,-120.278024,7,6,Summer,Small
Laura Fire,2024-07-14,Kern,77.0,35.56702,-118.40739,7,6,Summer,Medium
Dewey Fire,2024-07-14,Siskiyou,109.0,41.765149,-122.353169,7,6,Summer,Medium
Pickett Fire,2024-07-14,Trinity,22.0,40.3464,-123.362,7,6,Summer,Small
Lost Hills Fire,2024-07-14,Kern,4032.0,35.636093,-119.669093,7,6,Summer,Large
Holloway Fire,2024-07-14,Kern,10.0,35.6453,-119.76107,7,6,Summer,Small
Paradise Fire,2024-07-15,Siskiyou,101.0,41.787938,-122.516407,7,0,Summer,Medium
5 Fire,2024-07-15,Kern,348.0,35.784624,-119.779871,7,0,Summer,Large
Point Fire,2024-07-15,Modoc,298.0,41.7975,-121.369,7,0,Summer,Large
San Joaquin Fire,2024-07-15,Lake,8.0,38.979194,-122.684661,7,0,Summer,Small
Hill Fire,2024-07-15,"Humboldt, Trinity",7224.0,40.7721611,-123.63975,7,0,Summer,Large
Willow Fire,2024-07-16,Kern,175.0,34.92221,-118.257558,7,1,Summer,Large
Donomore Fire,2024-07-16,Siskiyou,35.0,42.0083,-122.90457,7,1,Summer,Small
Sentinel Fire,2024-07-14,Fresno,258.0,36.759833,-118.663333,7,6,Summer,Large
Sloane Fire,2024-07-17,San Diego,14.0,32.773489,-116.803223,7,2,Summer,Small
Ducor 2 Fire,2024-07-18,Tulare,142.0,35.96289,-119.0507,7,3,Summer,Medium
Tire Fire,2024-07-18,Fresno,16.0,36.29538,-120.267799,7,3,Summer,Small
Dorado Fire,2024-07-18,Fresno,43.0,36.29802,-120.211458,7,3,Summer,Medium
Panoche Fire,2024-07-19,San Benito,37.0,36.606754,-120.876583,7,4,Summer,Medium
Liberty Fire,2024-07-19,San Joaquin,104.0,38.2391935,-121.0869519,7,4,Summer,Medium
Deer Fire,2024-07-19,Los Angeles,272.0,34.5938959,-118.063529,7,4,Summer,Large
Abbey Fire,2024-07-19,San Bernardino,10.0,34.083439,-117.139626,7,4,Summer,Small
Fork Fire,2024-07-19,Los Angeles,301.0,34.239686,-117.76113,7,4,Summer,Large
La Tuna Fire,2024-07-19,Los Angeles,43.0,34.23514,-118.30239,7,4,Summer,Medium
Lehi Fire,2024-07-19,Placer,9.0,38.8807773,-121.156605,7,4,Summer,Small
Lookout Fire,2024-07-19,Madera,11.0,37.3137,-119.6859,7,4,Summer,Small
Ridge Fire,2024-07-20,"Colusa, Lake",2756.0,39.0329124,-122.457217,7,5,Summer,Large
Tin Fire,2024-07-20,Riverside,125.0,33.847742,-117.461546,7,5,Summer,Medium
Rios Fire,2024-07-20,Mendocino,6.0,39.635533,-123.344954,7,5,Summer,Small
Coyote Fire,2024-07-20,Calaveras,203.0,38.031044,-120.852597,7,5,Summer,Large
Peach Fire,2024-07-20,Monterey,80.0,36.1933173,-120.777302,7,5,Summer,Medium
Eagle Fire,2024-07-21,Riverside,1609.0,33.824352,-117.502905,7,6,Summer,Large
Hawarden Fire,2024-07-21,Riverside,588.0,33.9278521,-117.3727011,7,6,Summer,Large
Canyon Fire,2024-07-21,Stanislaus,15.0,37.47012,-121.24303,7,6,Summer,Small
Wasioja Fire,2024-07-21,Santa Barbara,70.0,34.9842984,-119.782853,7,6,Summer,Medium
Columbia Fire,2024-07-22,Riverside,58.0,33.999524,-117.32122,7,0,Summer,Medium
Tar Fire,2024-07-22,Kings,32.0,35.960403,-120.154889,7,0,Summer,Small
Gold Complex,2024-07-22,Plumas,3007.0,39.726014,-120.535158,7,0,Summer,Large
Pencil Fire,2024-07-22,Modoc,396.0,41.80078,-120.519727,7,0,Summer,Large
Juniper Fire,2024-07-22,Riverside,15.0,33.757839,-117.112942,7,0,Summer,Small
Maria Fire,2024-07-23,Calaveras,71.0,38.2856696,-120.656662,7,1,Summer,Medium
Border 63 Fire,2024-07-23,San Diego,12.0,32.59738,-116.568589,7,1,Summer,Small
Circle Fire,2024-07-23,Madera,49.0,37.152487,-119.65963,7,1,Summer,Medium
Metz Fire,2024-07-23,Monterey,1100.0,36.3404047,-121.199629,7,1,Summer,Large
Oakdale Fire,2024-07-23,Merced,96.0,37.430142,-120.541611,7,1,Summer,Medium
Cow Camp Fire,2024-07-23,Mono,292.0,38.300167,-119.074167,7,1,Summer,Large
Harry Fire,2024-07-23,Siskiyou,10.0,41.673939,-122.369802,7,1,Summer,Small
Beaver Fire,2024-07-23,San Benito,19.0,36.362544,-120.802733,7,1,Summer,Small
Acres Fire,2024-07-23,Madera,10.0,37.081853,-120.074549,7,1,Summer,Small
Grove 2 Fire,2024-07-24,San Diego,863.0,33.409448,-116.741601,7,2,Summer,Large
Bullion Fire,2024-07-24,Mariposa,50.0,37.51019,-120.046081,7,2,Summer,Medium
Scales Fire,2024-07-24,Tehama,59.0,40.356228,-122.283667,7,2,Summer,Medium
Park Fire,2024-07-24,"Butte, Tehama",429603.0,39.7789,-121.76168,7,2,Summer,Large
Horse Fire,2024-07-24,Modoc,13.0,41.742143,-121.304529,7,2,Summer,Small
R-6 Fire,2024-07-23,Lassen,26.0,40.914833,-120.0485,7,1,Summer,Small
Flora Fire,2024-07-24,Sonoma,36.0,38.590922,-122.768983,7,2,Summer,Medium
Pentz Fire,2024-07-24,Butte,40.0,39.638817,-121.680996,7,2,Summer,Medium
Hatchett Fire,2024-07-25,Tulare,19.0,35.99271,-118.934596,7,3,Summer,Small
Acorn Fire,2024-07-25,Lake,151.0,39.140133,-122.87667,7,3,Summer,Medium
Lawton Fire,2024-07-25,San Bernardino,17.0,34.042687,-117.26745,7,3,Summer,Small
Macy Fire,2024-07-25,Riverside,145.0,33.656742,-117.383235,7,3,Summer,Medium
Flynn Fire,2024-07-25,Alameda,429.0,37.724532,-121.69605,7,3,Summer,Large
Victoria Fire,2024-07-26,Los Angeles,10.0,34.50523,-118.245656,7,4,Summer,Small
Lammers Fire,2024-07-26,San Joaquin,20.0,37.7146,-121.4764,7,4,Summer,Small
Point Fire,2024-07-26,Contra Costa,471.0,38.02175,-121.99056,7,4,Summer,Large
Creek Fire,2024-07-26,Alameda,744.0,37.515462,-121.830534,7,4,Summer,Large
Dockery Fire,2024-07-26,Fresno,20.0,36.573716,-119.601794,7,4,Summer,Small
Cosgrove Fire,2024-07-27,Calaveras,12.0,38.222987,-120.802822,7,5,Summer,Small
Riley Fire,2024-07-27,Mendocino,12.0,39.418982,-123.590238,7,5,Summer,Small
Museum Fire,2024-07-27,Riverside,21.0,33.856642,-117.204108,7,5,Summer,Small
Walnut Fire,2024-07-27,Riverside,68.0,33.826534,-117.257982,7,5,Summer,Medium
Walker Fire,2024-07-28,Riverside,65.0,33.731572,-117.393766,7,6,Summer,Medium
Border 65 Fire,2024-07-28,San Diego,61.0,32.576716,-116.699961,7,6,Summer,Medium
Simpson Fire,2024-07-25,Fresno,47.0,36.98268,-118.61484,7,3,Summer,Medium
Sunset Fire,2024-07-28,Humboldt,13.0,40.368506,-124.362017,7,6,Summer,Small
Nixon Fire,2024-07-29,Riverside,5192.0,33.4773,-116.7805,7,0,Summer,Large
Cougar Fire,2024-07-29,Tehama,9.0,40.002008,-122.404759,7,0,Summer,Small
Carmen Fire,2024-07-29,Riverside,11.0,33.910649,-116.782856,7,0,Summer,Small
Border 66 Fire,2024-07-30,San Diego,300.0,32.5736,-116.6961,7,1,Summer,Large
Italian Fire,2024-07-29,Fresno,46.0,37.1336,-119.394,7,0,Summer,Medium
Pedro Fire,2024-07-30,"Mariposa, Tuolumne",3815.0,37.689773,-120.31848,7,1,Summer,Large
Plantation Fire,2024-07-17,Modoc,31.0,41.842269,-120.341894,7,2,Summer,Small
Eagle Fire,2024-07-30,San Luis Obispo,11.0,35.7205881,-120.561774,7,1,Summer,Small
Borel Fire,2024-07-24,Kern,59288.0,35.515,-118.6836,7,2,Summer,Large
Pole Fire,2024-07-30,San Bernardino,300.0,34.413261,-117.172494,7,1,Summer,Large
Happy Fire,2024-07-16,Fresno,12543.0,36.850037,-118.738174,7,1,Summer,Large
Dino Fire,2024-07-31,Merced,15.0,37.068124,-121.213195,7,2,Summer,Small
Alamos Fire,2024-08-02,Riverside,72.0,33.582198,-117.166941,8,4,Summer,Medium
Tahoe Fire,2024-08-03,Merced,22.0,37.353634,-120.507495,8,5,Summer,Small
Burbank Fire ,2024-08-03,Los Angeles,75.0,34.172602,-118.475521,8,5,Summer,Medium
Franklin Fire,2024-08-04,Riverside,12.0,33.671261,-117.318087,8,6,Summer,Small
Bella Fire,2024-08-04,Kern,500.0,35.633966,-117.970987,8,6,Summer,Large
Gover Fire,2024-08-05,Shasta,12.0,40.393586,-122.176593,8,0,Summer,Small
Kimtu Fire,2024-08-05,Humboldt,14.0,40.08453,-123.807764,8,0,Summer,Small
Middle Fire,2024-08-04,Tuolumne,310.0,37.862367,-119.704567,8,6,Summer,Large
Edgehill Fire,2024-08-05,San Bernardino,54.0,34.1516679,-117.3043742,8,0,Summer,Medium
Town Fire,2024-08-07,Calaveras,10.0,38.217239,-120.833961,8,2,Summer,Small
Silver Fire,2024-08-07,El Dorado,41.0,38.7027118,-121.020844,8,2,Summer,Medium
Purple Fire,2024-08-07,Butte,10.0,39.46018,-121.35725,8,2,Summer,Small
Morrison Fire,2024-08-04,Tuolumne,30.0,37.9043,-119.615283,8,6,Summer,Small
Valley Fire,2024-08-08,Madera,55.0,36.954837,-120.291882,8,3,Summer,Medium
Canyon Fire,2024-08-08,Tuolumne,80.0,37.978113,-120.21464,8,3,Summer,Medium
Boise Fire,2024-08-09,Humboldt,12929.0,41.2522,-123.5113,8,4,Summer,Large
Blue Fire,2024-08-09,Solano,60.0,38.3073,-122.0501,8,4,Summer,Medium
Cal Fire,2024-08-09,Kern,60.0,35.0307313,-118.364146,8,4,Summer,Medium
Mack Fire,2024-08-10,Riverside,63.0,33.822694,-117.282555,8,5,Summer,Medium
Summit Fire,2024-08-10,Calaveras,21.0,38.324942,-120.427903,8,5,Summer,Small
Lower Fire,2024-08-10,Shasta,110.0,40.581893,-122.449341,8,5,Summer,Medium
Blue Fire,2024-08-10,Kern,427.0,35.33324,-118.419612,8,5,Summer,Large
Mission Fire,2024-08-10,Riverside,11.0,33.640118,-117.292525,8,5,Summer,Small
Meiss Fire,2024-08-11,Sacramento,108.0,38.427179,-121.054386,8,6,Summer,Medium
Turbine Fire,2024-08-12,Kern,329.0,35.0200352,-118.3419912,8,0,Summer,Large
Oso Fire,2024-08-12,Stanislaus,11.0,37.471329,-121.23737,8,0,Summer,Small
Reservoir Fire,2024-08-12,Lake,68.0,39.07015,-122.509941,8,0,Summer,Medium
Anita Fire,2024-08-12,San Diego,20.0,32.717599,-116.927749,8,0,Summer,Small
Queenstone Fire,2024-08-13,Marin,18.0,38.043415,-122.562044,8,1,Summer,Small
Quarry Fire,2023-09-09,Tuolumne,9130.0,38.06095,-119.991667,9,5,Fall,Large
Papa Fire,2024-08-13,San Diego,60.0,33.3073021,-117.368598,8,1,Summer,Medium
Moon Fire,2024-08-13,Los Angeles,15.0,34.284624,-117.8406047,8,1,Summer,Small
Coffee Pot Fire,2024-08-03,Tulare,14104.0,36.38857,-118.768,8,5,Summer,Large
Kahlon Fire,2024-08-13,Merced,17.0,37.181034,-120.32559,8,1,Summer,Small
Bruns Fire,2024-08-14,Contra Costa,25.0,37.809344,-121.604861,8,2,Summer,Small
White Fire,2024-08-14,Riverside,13.0,33.922735,-116.650391,8,2,Summer,Small
Zarzo Fire,2024-08-15,Mariposa,103.0,37.630738,-120.313718,8,3,Summer,Medium
Waltz Fire,2024-08-15,Merced,85.0,37.349442,-120.238125,8,3,Summer,Medium
Marco Fire,2024-08-16,San Bernardino,65.0,34.475777,-117.463332,8,4,Summer,Medium
Pendulum Fire,2024-08-16,Kern,269.0,35.4189737,-118.8709169,8,4,Summer,Large
Cypress Fire,2024-08-17,San Luis Obispo,88.0,35.578845,-120.901571,8,5,Summer,Medium
Marysville Fire,2024-08-17,Butte,23.0,39.468991,-121.561366,8,5,Summer,Small
Hills Fire,2024-08-18,Madera,172.0,36.909429,-119.792619,8,6,Summer,Large
Grant Fire,2024-08-19,"Alameda, San Joaquin",16.0,37.740555,-121.585729,8,0,Summer,Small
Interlake Fire,2024-08-19,Monterey,22.0,35.8378,-121.038125,8,0,Summer,Small
Livermore Fire,2024-08-19,Alameda,16.0,37.665174,-121.740217,8,0,Summer,Small
Green Fire,2024-08-19,Alameda,6.0,37.7055278,-121.6971111,8,0,Summer,Small
Railroad Fire,2024-08-19,Solano,60.0,38.193824,-121.8572856,8,0,Summer,Medium
Quimby Fire,2024-08-19,Santa Clara,33.0,37.333444,-121.7338333,8,0,Summer,Small
Bishop Fire,2024-08-20,San Luis Obispo,15.0,35.275553,-120.644048,8,1,Summer,Small
Rancho Fire,2024-08-20,San Luis Obispo,9.0,35.704967,-120.582252,8,1,Summer,Small
Grade Fire,2024-08-20,Santa Barbara,25.0,34.5337178,-120.195855,8,1,Summer,Small
Winchester Fire,2024-08-20,Riverside,10.0,33.71271,-117.08414,8,1,Summer,Small
Amaral Fire,2024-08-21,Solano,11.0,38.252807,-122.171501,8,2,Summer,Small
Turner Fire,2024-08-21,Merced,15.0,37.372385,-120.959582,8,2,Summer,Small
Canyon Fire,2024-08-21,Los Angeles,25.0,34.29046,-118.288398,8,2,Summer,Small
Ace Fire,2024-08-21,Calaveras,16.0,38.190649,-120.828003,8,2,Summer,Small
Beach Fire,2024-08-22,Riverside,34.0,33.9689911,-117.49379,8,3,Summer,Small
Edna Fire,2024-08-22,Riverside,33.0,33.9009,-116.869456,8,3,Summer,Small
Walmort Fire,2024-08-22,Sacramento,45.0,38.3809,-121.251908,8,3,Summer,Medium
Far Fire,2024-08-23,Placer,12.0,39.037213,-121.312694,8,4,Summer,Small
Chevelle Fire,2024-08-23,Tulare,27.0,35.805079,-119.053499,8,4,Summer,Small
Refugio Fire,2024-08-23,Santa Barbara,86.0,34.506,-120.064,8,4,Summer,Medium
Motor Fire,2024-08-23,Los Angeles,11.0,34.6592518,-118.7548048,8,4,Summer,Small
Banning Fire,2024-08-23,Riverside,86.0,33.928939,-116.846198,8,4,Summer,Medium
Proctor 8 Fire,2024-08-23,San Diego,27.0,32.675679,-116.92502,8,4,Summer,Small
Benito Fire,2024-08-24,Fresno,17.0,36.730979,-120.360998,8,5,Summer,Small
Summit Fire ,2024-08-24,San Bernardino,76.0,34.318425,-117.340037,8,5,Summer,Medium
Wild Wash Fire,2024-08-24,San Bernardino,23.0,34.701134,-117.204094,8,5,Summer,Small
Tenaja Fire,2024-08-25,Riverside,130.0,33.583553,-117.403313,8,6,Summer,Medium
Echo Fire,2024-08-03,Mariposa,12.0,37.756167,-119.416517,8,5,Summer,Small
Solar Fire,2024-08-25,Merced,22.0,37.115241,-121.033398,8,6,Summer,Small
Park Fire ,2024-08-25,Riverside,16.0,33.7580149,-116.9496357,8,6,Summer,Small
Florin Fire,2024-08-26,Sacramento,42.0,38.496413,-121.297565,8,0,Summer,Medium
Excelsior Fire,2024-08-26,Sacramento,38.0,38.524067,-121.279094,8,0,Summer,Medium
Pioneer Fire,2024-08-27,San Bernardino,22.0,34.452109,-117.077204,8,1,Summer,Small
Weller Fire,2024-08-27,Kern,78.0,35.5497,-118.958785,8,1,Summer,Medium
Johnson Fire,2024-08-27,San Bernardino,15.0,34.4045559,-117.559695,8,1,Summer,Small
Keys Fire,2024-08-28,San Diego,18.0,33.2902,-117.0764,8,2,Summer,Small
Gulch Fire,2024-08-28,Sonoma,19.0,38.233952,-122.520366,8,2,Summer,Small
Silver Fire,2024-08-28,Calaveras,12.0,38.361834,-120.499717,8,2,Summer,Small
Way Fire,2024-08-29,Kern,88.0,35.694044,-118.426716,8,3,Summer,Medium
Two Fire,2024-08-29,Sonoma,33.0,38.264246,-122.743925,8,3,Summer,Small
Vasco Fire,2024-08-29,Alameda,16.0,37.777334,-121.71679,8,3,Summer,Small
High Fire,2024-08-31,Tehama,45.0,39.993914,-122.560451,8,5,Summer,Medium
Minton Fire,2024-08-31,Riverside,22.0,33.758036,-117.112489,8,5,Summer,Small
Bichota Fire,2024-08-31,Los Angeles,3.0,34.25914,-117.856102,8,5,Summer,Small
Union Fire,2024-08-31,San Luis Obispo,11.0,35.655361,-120.533933,8,5,Summer,Small
Armstrong Fire,2024-08-31,Contra Costa,20.0,37.838349,-121.632921,8,5,Summer,Small
Robert Fire,2024-09-01,Solano,48.0,38.207676,-122.156703,9,6,Fall,Medium
Record Fire,2024-09-01,Riverside,517.0,33.8126,-116.9476,9,6,Fall,Large
Argyle Fire,2024-09-01,Monterey,91.0,36.015369,-121.129602,9,6,Fall,Medium
Bear Fire,2024-09-02,Sierra,3323.0,39.596704,-120.21859,9,0,Fall,Large
Centerville Fire,2024-09-02,Butte,59.0,39.73984,-121.69988,9,0,Fall,Medium
Gabriel Fire,2024-09-02,Los Angeles,40.0,34.122607,-117.953154,9,0,Fall,Medium
Hwy 152 E/ Rd 13 Fire,2024-09-02,Madera,40.0,37.083449,-120.310758,9,0,Fall,Medium
Hawk Fire,2024-09-03,San Luis Obispo,14.0,35.313339,-120.623763,9,1,Fall,Small
Boone Fire,2024-09-03,Fresno,17600.0,36.12175,-120.58848,9,1,Fall,Large
Backus Fire,2024-09-03,Kern,41.0,34.876586,-118.248827,9,1,Fall,Medium
Chapman Fire,2024-09-04,Riverside,18.0,33.472372,-116.651385,9,2,Fall,Small
Post Fire,2024-09-04,Riverside,264.0,33.773143,-117.297767,9,2,Fall,Large
Midway Rd Fire,2024-09-05,Merced,10.0,37.055082,-120.750881,9,3,Fall,Small
Dorado Fire,2024-09-05,Fresno,502.0,36.13751,-120.24039,9,3,Fall,Large
Line Fire,2024-09-05,San Bernardino,43978.0,34.121119,-117.154705,9,3,Fall,Large
Pine Fire,2024-09-06,Mendocino,18.0,39.351831,-123.186117,9,4,Fall,Small
Cove Fire,2024-09-06,Riverside,15.0,33.758174,-116.738699,9,4,Fall,Small
Canary Fire,2024-09-06,San Diego,25.0,33.44756,-117.40342,9,4,Fall,Small
Church 2 Fire,2024-09-07,San Diego,40.0,32.700797,-116.357286,9,5,Fall,Medium
Roblar Fire ,2024-09-07,San Diego,950.0,33.4088,-117.3623,9,5,Fall,Large
Mill Creek 4 Fire,2024-09-07,Humboldt,25.0,41.1088,-123.6761,9,5,Fall,Small
Cotton Fire,2024-09-07,Fresno,314.0,36.639321,-120.30277,9,5,Fall,Large
Boyles Fire,2024-09-08,Lake,81.0,38.92934,-122.61065,9,6,Fall,Medium
Bridge Fire,2024-09-08,"Los Angeles, San Bernardino",56030.0,34.2396,-117.7625,9,6,Fall,Large
Crozier Fire,2024-08-06,El Dorado,1938.0,38.82889,-120.6975,8,1,Summer,Large
Rice 2 Fire,2024-09-08,San Diego,20.0,33.353446,-117.135771,9,6,Fall,Small
Wicklow Fire,2024-09-09,Amador,63.0,38.361232,-120.814317,9,0,Fall,Medium
Airport Fire,2024-09-09,"Orange, Riverside",23526.0,33.6676762,-117.566221,9,0,Fall,Large
Sunset Fire,2024-09-09,Riverside,54.0,33.917991,-116.91162,9,0,Fall,Medium
Train Fire,2024-09-09,Kern,48.0,35.2659,-118.62193,9,0,Fall,Medium
Apollo Fire,2024-09-10,Los Angeles,800.0,34.77011,-118.53335,9,1,Fall,Large
Coyote Fire,2024-09-10,Riverside,20.0,33.803944,-116.30113,9,1,Fall,Small
Kelso Fire,2024-09-10,Alameda,22.0,37.7952949,-121.6060708,9,1,Fall,Small
Willow Fire,2024-09-11,Contra Costa,62.0,38.0115396,-121.997014,9,2,Fall,Medium
Joshua Fire,2024-09-11,Los Angeles,30.0,34.50295,-118.045033,9,2,Fall,Small
Alpaugh Fire,2024-09-11,Tulare,18.0,35.863675,-119.536893,9,2,Fall,Small
Quincy Fire,2024-09-12,Butte,85.0,39.48058,-121.42105,9,3,Fall,Medium
Bell Fire,2024-09-14,El Dorado,12.0,38.545436,-120.840433,9,5,Fall,Small
Cougar Fire,2024-09-15,Sonoma,53.0,38.145843,-122.485218,9,6,Fall,Medium
Ripple Fire,2024-09-15,Fresno,15.0,36.682583,-119.189459,9,6,Fall,Small
Rosa Fire,2024-09-16,Santa Barbara,20.0,34.59556,-120.35679,9,0,Fall,Small
Executive Fire,2024-09-17,Tehama,58.0,39.93192,-122.307297,9,1,Fall,Medium
Phelps Fire,2024-09-19,Fresno,35.0,36.15407,-120.259824,9,3,Fall,Small
Antonio Fire,2024-09-23,Sonoma,11.0,38.187148,-122.656105,9,0,Fall,Small
Plymire Fire,2024-09-26,Tehama,14.0,40.201159,-122.284309,9,3,Fall,Small
Meiss Fire,2024-09-27,Sacramento,42.0,38.427179,-121.054386,9,4,Fall,Medium
Pinnacles Fire,2024-09-27,San Benito,17.0,36.493781,-121.147092,9,4,Fall,Small
86 Fire,2024-09-27,Riverside,38.0,33.540008,-116.099893,9,4,Fall,Medium
Chase Fire ,2024-09-27,Kern,35.0,35.374332,-118.84398,9,4,Fall,Small
Cindy Fire ,2024-09-28,Los Angeles,13.0,34.5352699,-118.1176558,9,5,Fall,Small
Ridge Fire,2024-09-29,Santa Barbara,17.0,34.50334,-120.274,9,6,Fall,Small
Soda Fire,2024-09-30,San Luis Obispo,633.0,35.351479,-120.005229,9,0,Fall,Large
Tiger Fire,2024-09-30,Amador,4.0,38.4546979,-120.49265,9,0,Fall,Small
Lago Fire,2024-10-02,Los Angeles,25.0,34.497433,-118.616267,10,2,Fall,Small
Peak Fire,2024-10-02,Tuolumne,316.0,38.250731,-119.939391,10,2,Fall,Large
Bear Fire,2024-10-02,Humboldt,23.0,40.471128,-123.654313,10,2,Fall,Small
Felicia Fire,2024-10-03,Ventura,367.0,34.46437,-118.7641,10,3,Fall,Large
Ranch Fire,2024-10-03,Kings,10.0,35.854009,-120.08283,10,3,Fall,Small
Glenhaven Fire,2024-10-04,Lake,417.0,39.026764,-122.718183,10,4,Fall,Large
Ruby Fire,2024-10-04,Kern,50.0,34.957874,-118.190532,10,4,Fall,Medium
Central 2 Fire,2024-10-04,Fresno,15.0,36.69212,-119.5922,10,4,Fall,Small
Wolf Fire,2024-10-04,Fresno,22.0,36.692574,-119.645931,10,4,Fall,Small
Dutch Fire,2024-10-05,Nevada,28.0,39.227018,-120.834831,10,5,Fall,Small
Two Mile Fire,2024-10-03,Colusa,10.0,39.218344,-122.153187,10,3,Fall,Small
Tuledad Fire,2024-10-06,Lassen,564.0,40.887485,-120.144717,10,6,Fall,Large
Hambone Fire,2024-10-06,Siskiyou,15.0,41.281183,-121.652642,10,6,Fall,Small
Verjeles Fire,2024-10-06,Yuba,12.0,39.3574,-121.3681,10,6,Fall,Small
Wood Fire,2024-10-06,Humboldt,26.0,40.176118,-123.820482,10,6,Fall,Small
Posta 3 Fire,2024-10-07,San Diego,413.0,32.723782,-116.424495,10,0,Fall,Large
Cemetery Fire,2024-10-08,Modoc,56.0,41.19492,-120.94668,10,1,Fall,Medium
Piney Fire ,2024-10-08,Monterey,225.0,36.378918,-121.563092,10,1,Fall,Large
Bahrman Fire,2024-10-09,Riverside,110.0,33.555137,-116.683446,10,2,Fall,Medium
Shoe Fire,2024-10-09,Shasta,5124.0,40.923444,-122.10167,10,2,Fall,Large
Miles Fire,2024-10-11,Riverside,23.0,33.733233,-117.441832,10,4,Fall,Small
Marvin Fire,2024-10-13,Riverside,12.0,33.81851826,-117.0764047,10,6,Fall,Small
Jack Fire,2024-10-13,Riverside,260.0,33.9239548,-117.0375417,10,6,Fall,Large
Canyon Fire,2024-10-15,San Luis Obispo,16.0,35.318949,-120.133664,10,1,Fall,Small
Snake Fire,2024-10-17,San Luis Obispo,8.0,35.375211,-120.435273,10,3,Fall,Small
Maria Fire,2024-10-17,San Luis Obispo,80.0,34.98749,-120.430379,10,3,Fall,Medium
Hay Fire,2024-10-18,Solano,869.0,38.3151744,-121.8584227,10,4,Fall,Large
Keller Fire,2024-10-18,Alameda,15.0,37.7741494,-122.1569455,10,4,Fall,Small
Mission Fire,2024-10-18,Riverside,17.0,33.979878,-117.401904,10,4,Fall,Small
Lost Fire,2024-10-19,Fresno,13.0,36.03643,-120.182476,10,5,Fall,Small
Gilardi Fire,2024-10-19,San Luis Obispo,50.0,35.342748,-120.758104,10,5,Fall,Medium
162 Fire,2024-10-19,Glenn,60.0,39.4643049,-121.965973,10,5,Fall,Medium
Dove Fire,2024-10-19,Kern,954.0,35.45554,-118.1033,10,5,Fall,Large
Pedley Fire,2024-10-19,Riverside,15.0,34.017513,-117.479583,10,5,Fall,Small
Iowa Fire,2024-10-21,Yuba,38.0,39.293028,-121.48061,10,0,Fall,Medium
Coalinga Fire,2024-10-24,Fresno,5.0,36.281579,-120.300799,10,3,Fall,Small
Golden Fire,2024-10-24,Riverside,40.0,33.443458,-116.87992,10,3,Fall,Medium
Riverview Fire,2024-10-24,Santa Barbara,64.0,34.62078,-120.259123,10,3,Fall,Medium
Lost Fire,2024-10-26,Fresno,15.0,36.048799,-120.164271,10,5,Fall,Small
Alray Fire,2024-10-26,San Bernardino,16.0,34.35491,-117.467864,10,5,Fall,Small
Campbell Fire,2024-10-28,Tulare,524.0,36.229517,-118.858046,10,0,Fall,Large
Hog Fire,2024-10-30,Tehama,40.0,40.24402,-121.972909,10,2,Fall,Medium
Quarry Fire,2024-10-31,San Diego,10.0,32.69011,-117.01352,10,3,Fall,Small
Montezuma Fire,2024-10-31,San Diego,37.0,32.77126,-117.09495,10,3,Fall,Medium
Gaylord Fire,2024-11-03,Tehama,47.0,39.925884,-122.132235,11,6,Fall,Medium
Wolf Fire,2024-11-04,Riverside,25.0,33.886528,-116.90239,11,0,Fall,Small
Mountain Fire,2024-11-06,Ventura,19904.0,34.3189,-118.9689,11,2,Fall,Large
Broad Fire,2024-11-06,Los Angeles,50.0,34.033917,-118.704833,11,2,Fall,Medium
Lake Fire,2024-11-05,Trinity,44.0,40.342148,-123.420067,11,1,Fall,Medium
Valley Fire,2024-11-06,Shasta,11.0,40.432155,-122.426405,11,2,Fall,Small
Lemon Fire,2024-11-06,Tulare,40.0,36.393723,-119.011663,11,2,Fall,Medium
Horseshoe Fire,2024-10-30,Inyo,4537.0,36.496333,-118.139117,10,2,Fall,Large
Frenchman Fire,2024-11-07,Los Angeles,94.0,34.615371,-118.749654,11,3,Fall,Medium
Santa Lucia Fire,2024-11-07,Santa Barbara,125.0,34.691118,-120.501728,11,3,Fall,Medium
Garden Fire,2024-11-08,San Diego,48.0,33.33393,-117.18097,11,4,Fall,Medium
Resort 2 Fire,2024-11-08,San Diego,25.0,33.286514,-116.64017,11,4,Fall,Small
Waucoba Fire,2024-11-11,Inyo,8.0,37.0211,-118.007,11,0,Fall,Small
Bull Fire,2024-11-12,Kings,11.0,35.96313,-119.966199,11,1,Fall,Small
Eternal Fire,2024-11-13,Lassen,20.0,40.361854,-120.446162,11,2,Fall,Small
John Fire,2024-11-14,Merced,13.0,36.862905,-120.781992,11,3,Fall,Small
Kamm Fire,2024-11-16,Fresno,10.0,36.531149,-120.485099,11,5,Fall,Small
Sandy Fire,2024-11-17,Monterey,23.0,35.956529,-120.654725,11,6,Fall,Small
Brauns Fire,2024-11-20,Calaveras,50.0,38.205892,-120.730521,11,2,Fall,Medium
Millar Fire,2024-11-20,San Diego,11.0,32.72754,-116.93722,11,2,Fall,Small
Hidden Valley Fire,2024-11-20,Riverside,46.0,33.963907,-114.513662,11,2,Fall,Medium
Duck Fire,2024-11-21,San Joaquin,73.0,38.00025,-120.944749,11,3,Fall,Medium
Michigan Fire,2024-11-21,Amador,24.0,38.379304,-120.986172,11,3,Fall,Small
Broadway Fire,2024-11-21,Monterey,57.0,36.203824,-121.141238,11,3,Fall,Medium
Canal Fire,2024-11-22,Madera,34.0,37.051003,-119.926528,11,4,Fall,Small
Border 77 Fire,2024-11-23,San Diego,98.0,32.5891998,-116.9079487,11,5,Fall,Medium
Canyon Crest Fire,2024-11-28,"Riverside, San Bernardino",254.0,34.034077,-117.481178,11,3,Fall,Large
Derrick Fire,2024-12-02,Fresno,74.0,36.443544,-120.419992,12,0,Winter,Medium
Franklin Fire,2024-12-09,Los Angeles,4086.0,34.06343,-118.69642,12,0,Winter,Large
Rogers Fire ,2024-12-10,San Bernardino,10.0,34.6492,-117.3543,12,1,Winter,Small
Addie Fire,2024-12-14,Kern,30.0,35.27248,-119.61551,12,5,Winter,Small
Soto Fire,2024-12-17,Riverside,25.0,34.002023,-117.440844,12,1,Winter,Small
Soda Fire,2024-12-21,"Kern, San Luis Obispo",419.0,34.9868,-119.477,12,5,Winter,Large
Oak Fire,2025-01-01,Santa Barbara,42.0,34.883723,-120.246601,1,2,Winter,Medium
Border Fire,2025-01-01,San Diego,25.0,32.59853,-116.82817,1,2,Winter,Small
Palisades Fire,2025-01-07,Los Angeles,23448.0,34.07022,-118.54453,1,1,Winter,Large
Eaton Fire,2025-01-07,Los Angeles,14021.0,34.203483,-118.069155,1,1,Winter,Large
Hurst Fire,2025-01-07,Los Angeles,799.0,34.32533,-118.478134,1,1,Winter,Large
Tyler Fire,2025-01-08,Riverside,11.0,33.706565,-116.164126,1,2,Winter,Small
Woodley Fire,2025-01-08,Los Angeles,30.0,34.17973,-118.47438,1,2,Winter,Small
Olivas Fire,2025-01-08,Ventura,11.0,34.244456,-119.2567768,1,2,Winter,Small
Lidia Fire,2025-01-08,Los Angeles,348.0,34.4408,-118.2433,1,2,Winter,Large
Sunset Fire ,2025-01-08,Los Angeles,43.0,34.1105,-118.3536,1,2,Winter,Medium
Kenneth Fire,2025-01-09,"Los Angeles, Ventura",1052.0,34.185198,-118.66991,1,3,Winter,Large
Archer Fire,2025-01-10,Los Angeles,19.0,34.3087,-118.5111,1,4,Winter,Small
Auto Fire,2025-01-13,Ventura,61.0,34.23661,-119.20224,1,0,Winter,Medium
Scout Fire,2025-01-14,Riverside,2.0,33.989,-117.3887,1,1,Winter,Small
Little Mountain Fire,2025-01-15,San Bernardino,34.0,34.154384,-117.32064,1,2,Winter,Small
Lilac Fire,2025-01-21,San Diego,85.0,33.30932,-117.152114,1,1,Winter,Medium
Pala Fire,2025-01-21,San Diego,17.0,33.363226,-117.162897,1,1,Winter,Small
Friars Fire,2025-01-21,San Diego,3.0,32.7702,-117.1698,1,1,Winter,Small
Ncfr3 4 Fire,2025-01-21,San Diego,80.0,33.299921,-117.174205,1,1,Winter,Medium
Clay Fire,2025-01-21,Riverside,39.0,33.96682,-117.47055,1,1,Winter,Medium
Center Fire,2025-01-22,San Diego,7.0,33.001,-117.0887,1,2,Winter,Small
Hughes Fire,2025-01-22,Los Angeles,10425.0,34.553008,-118.56687,1,2,Winter,Large
Sepulveda Fire,2025-01-23,Los Angeles,45.0,34.0968,-118.47541,1,3,Winter,Medium
Laguna Fire,2025-01-23,Ventura,83.0,34.1655,-119.059,1,3,Winter,Medium
Border 2 Fire,2025-01-23,San Diego,6625.0,32.5947,-116.8437,1,3,Winter,Large
Gilman Fire,2025-01-23,San Diego,2.0,32.8622,-117.237,1,3,Winter,Small
Gibbel Fire,2025-01-23,Riverside,15.0,33.708601,-116.964339,1,3,Winter,Small
Rosa Fire,2025-01-29,San Luis Obispo,105.0,35.303682,-119.982524,1,2,Winter,Medium
Cross Fire,2025-02-09,Monterey,16.0,35.945458,-121.117684,2,6,Winter,Small
Eaton Flood,2025-02-13,Los Angeles,0.0,34.2038707,-118.1584203,2,3,Winter,Small
Penny Fire,2025-02-26,San Diego,9.0,32.922111,-116.475667,2,2,Winter,Small
Scout Fire,2025-02-28,San Diego,39.0,33.250188,-116.688664,2,4,Winter,Medium
Ranch Fire,2025-03-08,San Bernardino,60.0,34.643056,-117.351944,3,5,Spring,Medium
Range Fire,2025-03-12,Santa Barbara,14.0,34.738888,-120.574436,3,2,Spring,Small
Aha Quin Fire,2025-03-12,Riverside,16.0,33.732521,-114.510789,3,2,Spring,Small
Buchanan Fire,2025-03-24,Riverside,25.0,33.525303,-116.100296,3,0,Spring,Small
Silver Fire,2025-03-30,Inyo,1611.0,37.399684,-118.352523,3,6,Spring,Large
Wild Fire,2025-04-01,Fresno,37.0,36.72005,-120.387063,4,1,Spring,Medium
68 Fire,2025-04-02,Riverside,13.0,33.554725,-116.07895,4,2,Spring,Small
Hillcrest Fire,2025-04-07,Kern,14.0,35.38229,-118.90064,4,0,Spring,Small
Wildrose Fire,2025-04-08,San Bernardino,15.0,34.7001802,-117.1823536,4,1,Spring,Small
Lake Fire,2025-04-13,Del Norte,10.0,41.869329,-124.185699,4,6,Spring,Small
33 Fire,2025-04-15,Kern,11.0,35.120005,-119.43823,4,1,Spring,Small
Boyd Fire,2025-04-17,Imperial,15.0,32.9021295,-115.2930033,4,3,Spring,Small
Canyon Fire,2025-04-18,Merced,26.0,36.991952,-120.908311,4,4,Spring,Small
Dunes Fire,2025-04-18,Del Norte,37.0,41.804082,-124.220177,4,4,Spring,Medium
Panoche Fire,2025-04-20,San Benito,29.0,36.656093,-120.876101,4,6,Spring,Small
Sandy Fire,2025-04-23,Merced,21.0,37.185799,-120.513485,4,2,Spring,Small
Laporte Fire,2025-04-23,Yuba,15.0,39.516462,-121.19237,4,2,Spring,Small
Church Fire,2025-04-24,Riverside,50.0,33.638422,-116.142626,4,3,Spring,Medium
Reef Fire,2025-04-25,Kings,335.0,35.813704,-120.014805,4,4,Spring,Large
County Fire,2025-04-28,Siskiyou,15.0,41.92216,-121.3501,4,0,Spring,Small
Silver Fire,2025-04-28,Inyo,1600.0,37.399684,-118.352523,4,0,Spring,Large
Felipe Fire,2025-05-01,San Diego,50.0,33.098585,-116.470729,5,3,Spring,Medium
Eastman Fire,2025-05-02,Madera,10.0,37.2304128,-119.9868107,5,4,Spring,Small
Carroll Fire ,2025-05-04,Sacramento,90.0,38.350603,-121.398847,5,6,Spring,Medium
Pioneer Fire,2025-05-04,Tehama,68.0,40.2367915,-122.4158944,5,6,Spring,Medium
Putah Fire,2025-05-05,Solano,17.0,38.492882,-122.004577,5,0,Spring,Small
Matthew Fire,2025-05-06,Nevada,10.0,39.067758,-121.273365,5,1,Spring,Small
Springs Fire,2025-05-06,Tulare,1817.0,35.817188,-118.954931,5,1,Spring,Large
Scarlet Fire,2025-05-08,Fresno,66.0,36.6034,-120.3885,5,3,Spring,Medium
Anchor Fire,2025-05-09,Fresno,44.0,36.704866,-119.30285,5,4,Spring,Medium
Grande Fire,2025-05-09,Stanislaus,13.0,37.462643,-121.183569,5,4,Spring,Small
99 Fire,2025-05-09,Butte,32.0,39.55236,-121.688719,5,4,Spring,Small
Cherokee Fire,2025-05-10,Tulare,20.0,36.4213337,-118.9149505,5,5,Spring,Small
Pozo Fire,2025-05-10,San Luis Obispo,86.0,35.4018646,-120.1997983,5,5,Spring,Medium
Catlett Fire,2025-05-10,Placer,175.0,38.846183,-121.407882,5,5,Spring,Large
Energy Fire,2025-05-12,San Luis Obispo,43.0,35.351787,-120.040599,5,0,Spring,Medium
Sapphire Fire,2025-05-12,San Bernardino,10.0,33.954739,-117.702445,5,0,Spring,Small
Robinson Fire,2025-05-13,Merced,120.0,37.498636,-120.44704,5,1,Spring,Medium
Hansen Fire,2025-05-13,San Joaquin,16.0,37.719785,-121.53522,5,1,Spring,Small
L7a 2 Fire,2025-05-13,Merced,120.0,37.493638,-120.445783,5,1,Spring,Medium
Acres Fire,2025-05-14,Madera,636.0,37.0815942,-120.0170157,5,2,Spring,Large
Duck Fire,2025-05-14,San Joaquin,68.0,37.944835,-120.928401,5,2,Spring,Medium
Toro Fire,2025-05-14,Riverside,28.0,33.757845,-117.345037,5,2,Spring,Small
Globe Fire,2025-05-15,Santa Barbara,27.0,34.886238,-120.593673,5,3,Spring,Small
Baxter Fire,2025-05-15,Riverside,60.0,33.610162,-117.149827,5,3,Spring,Medium
Acampo Fire,2025-05-15,San Joaquin,22.0,38.148511,-121.040983,5,3,Spring,Small
White Fire,2025-05-15,Merced,23.0,37.244386,-120.198126,5,3,Spring,Small
Washoe Fire,2025-05-16,Fresno,25.0,36.652363,-120.460299,5,4,Spring,Small
Academy Fire,2025-05-16,San Diego,49.0,33.0859909,-116.9455267,5,4,Spring,Medium
Kahlon Fire,2025-05-17,Merced,19.0,37.187714,-120.333898,5,5,Spring,Small
Nella Fire,2025-05-17,Merced,535.0,37.0462978,-120.9680028,5,5,Spring,Large
Idria Fire,2025-05-17,San Benito,330.0,36.543667,-120.835667,5,5,Spring,Large
12th St / B St Fire,2025-05-17,Fresno,10.0,36.630347,-119.320298,5,5,Spring,Small
Jacobs Fire,2025-05-17,Fresno,15.0,36.639031,-119.313661,5,5,Spring,Small
Adams Fire,2025-05-17,Fresno,30.0,36.631825,-119.317698,5,5,Spring,Small
Grange Fire,2025-05-18,Stanislaus,30.0,37.6693899,-120.4395747,5,6,Spring,Small
Sunset Fire,2025-05-18,Placer,65.0,38.824583,-121.349272,5,6,Spring,Medium
Corn Fire,2025-05-18,Fresno,26.0,36.661361,-119.14466,5,6,Spring,Small
Panoche Fire,2025-05-18,Fresno,27.0,36.63874,-120.624598,5,6,Spring,Small
Democrat Fire,2025-05-18,Kern,895.0,35.479027,-118.7094208,5,6,Spring,Large
Walnut Fire,2025-05-18,Contra Costa,51.0,37.874694,-121.69861,5,6,Spring,Medium
Gunsmoke Fire,2025-05-18,Tehama,10.0,40.1624,-122.5868,5,6,Spring,Small
Jaw Fire,2025-05-19,Kern,4327.0,35.3158,-118.2225,5,0,Spring,Large
Spring Fire,2025-05-19,Siskiyou,12.0,41.33512,-122.32687,5,0,Spring,Small
Phillips Fire,2025-05-20,Merced,20.0,37.03473,-120.818154,5,1,Spring,Small
Cunningham Fire,2025-05-20,Merced,201.0,37.344921,-120.25151,5,1,Spring,Large
Crossing Fire,2025-05-20,Riverside,126.0,33.466549,-116.8260846,5,1,Spring,Medium
Sargent Fire,2025-05-20,Monterey,13.0,35.952527,-120.859456,5,1,Spring,Small
Mission Fire,2025-05-20,Merced,54.0,37.27341,-120.451639,5,1,Spring,Medium
Auburn Fire,2025-05-20,San Bernardino,54.0,34.590737,-117.465727,5,1,Spring,Medium
Sierra Fire,2025-05-21,Riverside,20.0,33.847742,-117.461546,5,2,Spring,Small
Creston Fire,2025-05-22,San Luis Obispo,14.0,35.564837,-120.560704,5,3,Spring,Small
Dan Fire,2025-05-22,Merced,100.0,37.244432,-120.670161,5,3,Spring,Medium
Midway Fire,2025-05-22,Alameda,261.0,37.71488,-121.561663,5,3,Spring,Large
Inn Fire,2025-05-22,Mono,728.0,38.009312,-119.156506,5,3,Spring,Large
Orange Fire,2025-05-22,Fresno,15.0,36.624674,-119.322692,5,3,Spring,Small
Spence Fire,2025-05-23,Yuba,58.0,39.118918,-121.331078,5,4,Spring,Medium
Guadalupe Fire,2025-05-23,Santa Clara,15.0,37.2106583,-121.8947894,5,4,Spring,Small
Pluto Fire,2025-05-24,Siskiyou,12.0,41.573333,-122.295,5,5,Spring,Small
Southside Fire,2025-05-24,San Benito,11.0,36.77321,-121.345501,5,5,Spring,Small
Rifle Fire,2025-05-24,Fresno,19.0,36.944525,-119.676186,5,5,Spring,Small
Milpas Fire,2025-05-24,San Bernardino,43.0,34.413935,-117.102917,5,5,Spring,Medium
Gun Fire,2025-05-25,Fresno,11.0,36.622453,-120.657656,5,6,Spring,Small
Lake Fire,2025-05-26,Stanislaus,28.0,37.648407,-120.492179,5,0,Spring,Small
Pecan Fire,2025-05-26,Fresno,14.0,36.611351,-119.43763,5,0,Spring,Small
Cherry Fire,2025-05-26,Solano,52.0,38.34346,-122.016511,5,0,Spring,Medium
Orange Fire,2025-05-26,Tulare,10.0,36.60254,-119.296,5,0,Spring,Small
Run Fire,2025-05-26,Madera,420.0,37.08447,-119.99113,5,0,Spring,Large
65 Fire,2025-05-27,Kern,30.0,35.46115,-119.08242,5,1,Spring,Small
Belmont Fire,2025-05-28,Fresno,75.0,36.749107,-120.373279,5,2,Spring,Medium
Juniper Fire,2025-05-28,Siskiyou,49.0,41.5892356,-122.3472513,5,2,Spring,Medium
Stadium Fire,2025-05-28,Fresno,30.0,36.613311,-119.322764,5,2,Spring,Small
Paloma Fire,2025-05-29,Merced,31.0,37.396908,-120.460411,5,3,Spring,Small
Frazier Fire,2025-05-29,Kern,105.0,34.8229,-118.9121,5,3,Spring,Medium
Grubbs Fire,2025-05-30,Butte,10.0,39.444691,-121.45917,5,4,Spring,Small
Hensley Fire,2025-05-30,Madera,24.0,37.100283,-119.883749,5,4,Spring,Small
Eureka Fire,2025-05-30,San Bernardino,214.0,34.0618164,-116.3269976,5,4,Spring,Large
Emily Fire,2025-05-30,Los Angeles,10.0,34.7561047,-118.46498,5,4,Spring,Small
Henderson Fire,2025-05-30,San Diego,256.0,33.3803841,-117.0608758,5,4,Spring,Large
State Fire,2025-05-31,Riverside,10.0,33.799855,-116.972054,5,5,Spring,Small
Coyote Fire,2025-05-31,Lassen,22.0,40.4095336,-120.526195,5,5,Spring,Small
Mccabe Fire,2025-05-31,Merced,15.0,37.125121,-121.088612,5,5,Spring,Small
Round Fire,2025-05-31,Ventura,2.0,34.709092,-119.336243,5,5,Spring,Small
Cove Fire,2025-05-31,Fresno,14.0,36.63234,-119.3495,5,5,Spring,Small
Rose Fire,2025-06-02,Fresno,1200.0,36.60343,-120.178698,6,0,Summer,Large
Cottonwood Fire,2025-06-02,Siskiyou,19.0,41.923333,-122.566666,6,0,Summer,Small
Rector Fire,2025-06-02,Fresno,56.0,36.7665646,-119.238331,6,0,Summer,Medium
Vista Grande Fire,2025-06-02,Solano,62.0,38.276076,-122.0643336,6,0,Summer,Medium
Ford Fire,2025-06-03,Fresno,75.0,36.7485076,-119.3741071,6,1,Summer,Medium
Quail Fire,2025-06-04,Shasta,16.0,40.542584,-122.274206,6,2,Summer,Small
Fort Fire,2025-06-04,Kern,389.0,34.8892431,-118.920401,6,2,Summer,Large
Juan Fire,2025-06-05,San Luis Obispo,24.0,35.386609,-120.1656,6,3,Summer,Small
Fink Fire,2025-06-05,Stanislaus,13.0,37.39594,-121.145689,6,3,Summer,Small
Grade Fire,2025-06-05,Monterey,7.0,36.520325,-121.757033,6,3,Summer,Small
Jack Fire,2025-06-05,Kern,50.0,35.708223,-120.157902,6,3,Summer,Medium
Sabe Fire,2025-06-05,San Benito,17.0,36.800358,-121.274403,6,3,Summer,Small
Perez Fire,2025-06-06,Fresno,20.0,36.766702,-120.384115,6,4,Summer,Small
Reading Fire,2025-06-08,Trinity,47.0,40.6399341,-122.9447813,6,6,Summer,Medium
Feather Complex Fire,2025-06-09,Plumas,19.0,39.8913619,-121.2897146,6,0,Summer,Small
Antonio Fire,2025-06-09,Santa Clara,18.0,37.353834,-121.554371,6,0,Summer,Small
Windy Fire,2025-06-09,Madera,12.0,37.34,-119.327,6,0,Summer,Small
Cahuilla Fire,2025-06-10,Riverside,188.0,33.540872,-116.740299,6,1,Summer,Large
McNamara Fire,2025-06-10,Merced,43.0,37.228714,-120.457979,6,1,Summer,Medium
Ranch Fire,2025-06-10,San Bernardino,4293.0,34.3745,-117.1232,6,1,Summer,Large
Bethany Fire,2025-06-10,Los Angeles,20.0,34.2,-118.309,6,1,Summer,Small
Greilich Fire,2025-06-10,Amador,11.0,38.454,-120.889,6,1,Summer,Small
SKU Early June Lightning Complex,2025-06-10,Siskiyou,108.0,41.716795,-122.345743,6,1,Summer,Medium
Letter Fire,2025-06-08,Plumas,11.0,39.8933,-121.287,6,6,Summer,Small
Lake Fire,2025-06-10,Kern,23.0,35.116076,-119.30306,6,1,Summer,Small
Rocky Fire,2025-06-11,Tulare,137.0,36.301073,-119.089751,6,2,Summer,Medium
Little Fire,2025-06-11,San Benito,586.0,36.656093,-120.876101,6,2,Summer,Large
Willow Fire,2025-06-11,Modoc,18.0,41.812667,-120.245333,6,2,Summer,Small
Dino Fire,2025-06-11,Santa Clara,266.0,37.066401,-121.219118,6,2,Summer,Large
Miller Fire,2025-06-09,Trinity,30.0,40.436496,-123.409997,6,0,Summer,Small
Ford Fire,2025-06-11,Colusa,14.0,39.302133,-122.488411,6,2,Summer,Small
Lobinger Fire,2025-06-11,Tehama,13.0,39.943968,-122.211579,6,2,Summer,Small
River Fire,2025-06-11,Madera,20.0,36.858259,-120.442537,6,2,Summer,Small
Claro Fire,2025-06-12,San Diego,45.0,33.080796,-117.212509,6,3,Summer,Medium
Firestone Fire,2025-06-12,Fresno,482.0,36.0931954,-120.4557421,6,3,Summer,Large
Airline Fire,2025-06-12,San Benito,46.0,36.351124,-120.963426,6,3,Summer,Medium
Hudson Fire,2025-06-12,Kern,616.0,34.9578,-119.403,6,3,Summer,Large
Rica Fire,2025-06-13,Yuba,25.0,39.27736,-121.479804,6,4,Summer,Small
Eagle Fire,2025-06-13,San Luis Obispo,38.0,35.78442,-120.926961,6,4,Summer,Medium
Clement Fire,2025-06-13,Shasta,20.0,40.479167,-122.4495,6,4,Summer,Small
Dogs Fire,2025-06-13,Kern,4407.0,35.6025,-119.0082,6,4,Summer,Large
Linda Fire,2025-06-13,Solano,111.0,38.4513,-122.0102,6,4,Summer,Medium
Eldorado Fire,2025-06-14,Fresno,50.0,36.2548,-120.211198,6,5,Summer,Medium
Bitter Fire,2025-06-14,San Luis Obispo,1651.0,35.543275,-120.155841,6,5,Summer,Large
Riosa Fire,2025-06-15,Placer,49.0,38.9750021,-121.3711948,6,6,Summer,Medium
Heaven Fire,2025-06-15,Siskiyou,20.0,41.829538,-122.655185,6,6,Summer,Small
Oak Fire,2025-06-15,Fresno,17.0,37.029083,-119.521241,6,6,Summer,Small
Vista Fire,2025-06-15,Riverside,15.0,33.817645,-116.865296,6,6,Summer,Small
Mission Fire,2025-06-16,Alameda,64.0,37.579302,-121.917569,6,0,Summer,Medium
Elm Fire,2025-06-16,Monterey,17.0,36.285576,-121.288116,6,0,Summer,Small
Mission 2 Fire,2025-06-16,San Diego,21.0,33.304144,-117.222897,6,0,Summer,Small
Flume Fire,2025-06-16,Tuolumne,10.0,38.002498,-120.428245,6,0,Summer,Small
Maria Fire,2025-06-16,Ventura,54.0,34.338157,-119.068341,6,0,Summer,Medium
Raymond Fire,2025-06-16,Madera,10.0,36.982098,-120.03479,6,0,Summer,Small
Howe Fire,2025-06-16,Ventura,44.0,34.390543,-118.788721,6,0,Summer,Medium
Raymond 2 Fire,2025-06-16,Madera,30.0,36.98112,-120.034098,6,0,Summer,Small
Tule Fire,2025-06-17,Tulare,40.0,36.024449,-118.803799,6,1,Summer,Medium
Monte Fire ,2025-06-17,San Diego,1495.0,32.8921885,-116.8435559,6,1,Summer,Large
Bonanza Fire,2025-06-17,El Dorado,181.0,38.65789,-120.88977,6,1,Summer,Large
Ranch Pl Fire,2025-06-17,Santa Clara,92.0,37.4097645,-121.8445081,6,1,Summer,Medium
Rider Fire,2025-06-18,Riverside,50.0,33.827937,-117.26152,6,2,Summer,Medium
Band Fire,2025-06-18,Mariposa,13.0,37.644013,-120.32096,6,2,Summer,Small
Somersville Fire,2025-06-18,Contra Costa,358.0,37.981065,-121.850359,6,2,Summer,Large
Iverson Fire,2025-06-19,Monterey,11.0,36.527575,-121.41631,6,3,Summer,Small
Rancho Fire,2025-06-19,Shasta,157.0,40.405179,-122.314137,6,3,Summer,Large
Cut Fire,2025-06-19,Kings,20.0,36.07288,-120.102299,6,3,Summer,Small
Hawick Fire,2025-06-19,San Diego,51.0,32.828836,-116.8865217,6,3,Summer,Medium
South Fire,2025-06-18,Fresno,20.0,36.617484,-119.325847,6,2,Summer,Small
Coal Fire,2025-06-19,Fresno,90.0,36.29538,-120.267799,6,3,Summer,Medium
Ruth Fire,2025-06-20,Fresno,14.0,36.723722,-119.147595,6,4,Summer,Small
Camino Fire,2025-06-20,Tuolumne,387.0,37.759084,-120.464241,6,4,Summer,Large
Pilitas Fire,2025-06-20,San Luis Obispo,20.0,35.351553,-120.496248,6,4,Summer,Small
Rush Fire,2025-06-20,Trinity,33.0,40.712794,-122.81401,6,4,Summer,Small
Raven Fire,2025-06-20,Siskiyou,10.0,41.883057,-122.439466,6,4,Summer,Small
Happy Fire,2025-06-20,Shasta,2.0,40.486435,-122.393131,6,4,Summer,Small
Le Grand Fire,2025-06-20,Merced,12.0,37.227475,-120.378832,6,4,Summer,Small
Clark Fire,2025-06-20,Butte,25.0,39.619667,-121.628921,6,4,Summer,Small
Colvin Fire,2025-06-21,Tulare,46.0,36.470737,-119.167075,6,5,Summer,Medium
Green Fire,2025-06-22,Alameda,75.0,37.7378488,-121.6171198,6,6,Summer,Medium
Benito Fire,2025-06-22,Fresno,430.0,36.730979,-120.360998,6,6,Summer,Large
Grizzly Fire,2025-06-22,Tuolumne,46.0,37.783207,-120.26613,6,6,Summer,Medium
Ward Fire,2025-06-23,Lassen,10.0,40.396723,-120.42736,6,0,Summer,Small
Washington Fire,2025-06-23,Merced,35.0,37.302318,-120.760519,6,0,Summer,Small
Rodeo Fire,2025-06-23,Contra Costa,65.0,38.022773,-122.24052,6,0,Summer,Medium
Rock Fire,2025-06-21,Merced,26.0,37.515906,-120.452933,6,5,Summer,Small
Granite Fire,2025-06-24,Kern,175.0,35.511497,-119.01354,6,1,Summer,Large
Monterey Fire,2025-06-24,Fresno,180.0,36.486982,-120.370491,6,1,Summer,Large
Ariane Fire,2025-06-24,San Diego,5.0,32.80368,-117.193056,6,1,Summer,Small
Montana Fire,2025-06-24,Siskiyou,20.0,41.627217,-122.365602,6,1,Summer,Small
Dias Fire,2025-06-25,Fresno,852.0,36.0498,-120.3988,6,2,Summer,Large
Fleming Fire,2025-06-25,Riverside,21.0,34.023047,-117.47683,6,2,Summer,Small
Dry Fire,2025-06-25,Mono,15.0,37.720963,-118.966856,6,2,Summer,Small
Jasper Fire,2025-06-26,Los Angeles,36.0,34.4255821,-118.6586194,6,3,Summer,Medium
Red Fire,2025-06-26,Madera,54.0,37.08604,-119.698787,6,3,Summer,Medium
Orange 2 Fire,2025-06-26,Fresno,20.0,36.617488,-119.327231,6,3,Summer,Small
Saddle Fire,2025-06-26,Tulare,206.0,36.400201,-118.944829,6,3,Summer,Large
Parlier Fire,2025-06-27,Fresno,10.0,36.611927,-119.516953,6,4,Summer,Small
Springs Fire,2025-06-27,Siskiyou,14.0,41.5625133,-122.3668324,6,4,Summer,Small
Llano Fire,2025-06-28,San Luis Obispo,20.0,35.489202,-120.720399,6,5,Summer,Small
Smiley Fire,2025-06-28,San Bernardino,83.0,34.005867,-117.192261,6,5,Summer,Medium
Lake Fire,2025-06-28,San Bernardino,485.0,34.28816,-117.349169,6,5,Summer,Large
Chance Fire,2025-06-28,San Luis Obispo,52.0,35.765157,-120.769914,6,5,Summer,Medium
Marysville Fire,2025-06-29,Yuba,20.0,39.382915,-121.151358,6,6,Summer,Small
Kenyon Fire,2025-06-29,Shasta,26.0,40.54094,-122.40611,6,6,Summer,Small
Mandalay Fire,2025-06-29,Riverside,83.0,33.955583,-117.483115,6,6,Summer,Medium
Wolf Fire,2025-06-29,Riverside,2387.0,33.88649,-116.89942,6,6,Summer,Large
Turner Fire,2025-06-29,Merced,19.0,37.157274,-120.700946,6,6,Summer,Small
Mindy Fire,2025-06-29,Riverside,109.0,33.55768,-116.85995,6,6,Summer,Medium
Cable Fire,2025-06-29,San Bernardino,19.0,34.22809,-117.374501,6,6,Summer,Small
Juniper Fire,2025-06-30,Riverside,756.0,33.801555,-117.325778,6,0,Summer,Large
Blanca Fire,2025-06-30,Madera,12.0,37.041595,-119.761885,6,0,Summer,Small
Sims Fire,2025-06-30,Lassen,223.0,40.142467,-120.185357,6,0,Summer,Large
Cherry Fire,2025-06-30,Solano,8.0,38.336187,-122.02472,6,0,Summer,Small
Quarry Fire,2025-06-30,San Joaquin,26.0,38.308538,-120.970323,6,0,Summer,Small
Perch Fire,2025-06-30,Siskiyou,24.0,41.920673,-122.4204,6,0,Summer,Small
Peak Fire,2025-07-01,Tulare,34.0,36.523445,-118.894072,7,1,Summer,Small
Brown Fire,2025-07-01,Solano,15.0,38.430903,-122.045526,7,1,Summer,Small
Oakdale Fire,2025-07-01,Yolo,78.0,38.673273,-122.017383,7,1,Summer,Medium
Madre Fire,2025-07-02,San Luis Obispo,80779.0,35.099242,-119.982548,7,2,Summer,Large
Horse Fire,2025-07-02,Shasta,385.0,40.87206,-122.55849,7,2,Summer,Large
Green Fire,2025-07-01,Shasta,19022.0,40.834939,-122.094146,7,1,Summer,Large
Heart Fire,2025-07-02,Fresno,60.0,36.210429,-120.085599,7,2,Summer,Medium
Snelling Fire,2025-07-03,Merced,16.0,37.471435,-120.501308,7,3,Summer,Small
Helena Fire,2025-07-02,Trinity,110.0,40.794628,-123.132571,7,2,Summer,Medium
Ravine Fire,2025-07-03,Nevada,35.0,39.064532,-121.267354,7,3,Summer,Small
Fairmont Fire,2025-07-03,Alameda,7.0,37.714766,-122.104671,7,3,Summer,Small
Elwood Fire,2025-07-03,Fresno,52.0,36.811475,-119.383467,7,3,Summer,Medium
No Name Fire,2025-07-01,Siskiyou,4.0,41.7585,-123.2135,7,1,Summer,Small
Marble Complex Fire,2025-07-03,Siskiyou,747.0,41.52404,-123.13222,7,3,Summer,Large
Sabe Fire,2025-07-04,San Benito,27.0,36.801216,-121.271644,7,4,Summer,Small
Springs Fire,2025-07-04,Riverside,18.0,33.919507,-117.103765,7,4,Summer,Small
District Fire,2025-07-04,Butte,44.0,39.4464985,-121.4836105,7,4,Summer,Medium
Cowden Fire,2025-07-04,San Benito,19.0,36.809334,-121.390959,7,4,Summer,Small
Grove Fire,2025-07-04,Butte,78.0,39.3742124,-121.4139814,7,4,Summer,Medium
Walnut Fire,2025-07-04,Fresno,9.0,36.70169,-119.808899,7,4,Summer,Small
Chow1 Fire,2025-07-04,Madera,11.0,37.136643,-120.226007,7,4,Summer,Small
Sanderson Fire,2025-07-04,Riverside,18.0,33.787296,-117.006785,7,4,Summer,Small
Pomo Fire,2025-07-05,Lake,16.0,39.139455,-122.881426,7,5,Summer,Small
Cactus Fire,2025-07-05,Riverside,21.0,33.908497,-117.287235,7,5,Summer,Small
Ignacio Fire,2025-07-05,Riverside,21.0,33.543824,-116.918051,7,5,Summer,Small
Hunter Fire,2025-07-05,Mariposa,27.0,37.565899,-120.152833,7,5,Summer,Small
Rancho Fire,2025-07-05,San Luis Obispo,28.0,35.532939,-120.622981,7,5,Summer,Small
Soboba Fire,2025-07-05,Riverside,9.0,33.786094,-116.923214,7,5,Summer,Small
Sage Fire,2025-07-05,Riverside,9.0,33.929799,-117.186627,7,5,Summer,Small
Van Clief Rd Stevenson Fire,2025-07-05,Merced,18.0,37.288251,-120.833366,7,5,Summer,Small
Zediker Fire,2025-07-05,Fresno,164.0,36.611938,-119.520899,7,5,Summer,Large
Morgan Fire,2025-07-05,Contra Costa,12.0,37.773964,-121.778644,7,5,Summer,Small
Bartlett Fire,2025-07-06,Lake,13.0,39.165061,-122.613599,7,6,Summer,Small
Flume Fire,2025-07-06,Tulare,73.0,36.161296,-118.706452,7,6,Summer,Medium
Bridge 3 Fire,2025-07-06,Humboldt,366.0,40.172678,-123.60102,7,6,Summer,Large
Fish Fire,2025-07-07,Fresno,23.0,36.794181,-119.411635,7,0,Summer,Small
Tractor Fire,2025-07-07,Tulare,10.0,36.224616,-118.832595,7,0,Summer,Small
Nichols Fire,2025-07-07,Riverside,50.0,33.7198782,-117.36247,7,0,Summer,Medium
Corning Fire,2025-07-07,Tehama,21.0,39.928283,-122.2985996,7,0,Summer,Small
Birds Fire,2025-07-07,Solano,15.0,38.1303671,-121.79616,7,0,Summer,Small
Bluff Fire,2025-07-07,Riverside,13.0,33.950365,-116.880684,7,0,Summer,Small
Pyrite Fire,2025-07-07,Riverside,150.0,34.017805,-117.462368,7,0,Summer,Medium
Bert Fire,2025-07-08,Los Angeles,47.0,34.449864,-118.611317,7,1,Summer,Medium
Victoria Fire,2025-07-08,Alameda,15.0,37.655501,-121.659503,7,1,Summer,Small
Pickup Fire,2025-07-09,Madera,10.0,37.244233,-119.731216,7,2,Summer,Small
Steele Fire,2025-07-09,San Diego,28.0,32.733209,-116.914968,7,2,Summer,Small
Button Fire,2025-07-09,Fresno,20.0,36.654779,-119.435896,7,2,Summer,Small
Orleans Complex ,2025-07-08,Siskiyou,22153.0,41.3255556,-123.4177777,7,1,Summer,Large
Madera Fire,2025-07-10,Riverside,19.0,33.50064,-117.01089,7,3,Summer,Small
Moore Fire,2025-07-10,Placer,20.0,38.873631,-121.322879,7,3,Summer,Small
Reche Fire,2025-07-10,Riverside,18.0,33.95918,-117.191827,7,3,Summer,Small
Springs Fire,2025-07-10,San Diego,50.0,32.7145184,-116.7478188,7,3,Summer,Medium
Kirker Fire,2025-07-10,Contra Costa,14.0,37.982895,-121.898942,7,3,Summer,Small
Parkway Fire,2025-07-11,Sacramento,24.0,38.493586,-121.09374,7,4,Summer,Small
Stardust Fire,2025-07-12,Placer,12.0,38.882558,-121.247136,7,5,Summer,Small
Scavenger Fire,2025-07-12,Fresno,165.0,36.226722,-120.193833,7,5,Summer,Large
Canon Fire,2025-07-12,Solano,68.0,38.2986878,-121.933483,7,5,Summer,Medium
Island Fire,2025-07-12,Fresno,10.0,36.864545,-119.315821,7,5,Summer,Small
Ivory Fire,2025-07-13,Glenn,20.0,39.574,-122.707,7,6,Summer,Small
Marie Fire,2025-07-13,Fresno,40.0,36.748969,-120.369387,7,6,Summer,Medium
Max Fire,2025-07-13,Fresno,426.0,36.9646836,-119.2280383,7,6,Summer,Large
Chowchilla Fire,2025-07-13,Madera,13.0,37.098778,-120.265957,7,6,Summer,Small
Fandango Fire,2025-07-14,Modoc,10.0,41.79792,-120.19432,7,0,Summer,Small
Jefferson Fire,2025-07-14,Fresno,40.0,36.654009,-120.315699,7,0,Summer,Medium
Piedra Fire,2025-07-15,Fresno,21.0,36.745812,-119.450866,7,1,Summer,Small
Fobes Fire,2025-07-15,Riverside,29.0,33.636667,-116.634361,7,1,Summer,Small
Fay Fire,2025-07-15,Kern,686.0,35.7349929,-118.3068082,7,1,Summer,Large
High Fire,2025-07-15,Fresno,20.0,36.66331,-119.786,7,1,Summer,Small
Foster Fire,2025-07-16,Shasta,11.0,40.388446,-122.541885,7,2,Summer,Small
Dale Fire,2025-07-16,Riverside,1096.0,33.51744,-116.78672,7,2,Summer,Large
Grain Fire,2025-07-16,Tulare,32.0,35.91106,-119.03899,7,2,Summer,Small
Baker Fire,2025-07-16,Tehama,17.0,40.3125,-122.578667,7,2,Summer,Small
Debbie Fire,2025-07-16,Lassen,54.0,40.092913,-120.111242,7,2,Summer,Medium
Little Fire,2025-07-17,Lassen,16.0,41.12607,-120.932333,7,3,Summer,Small
Stetson Fire,2025-07-18,Riverside,22.0,33.729228,-117.076401,7,4,Summer,Small
Blue Fire,2025-07-18,Tulare,62.0,35.8649,-118.8175,7,4,Summer,Medium
Willow Fire,2025-07-19,Madera,32.0,37.118,-119.932289,7,5,Summer,Small
Pala Fire,2025-07-19,San Diego,7.0,33.342918,-117.114678,7,5,Summer,Small
Coulter Fire,2025-07-19,El Dorado,25.0,38.55184,-121.004153,7,5,Summer,Small
Jury Fire,2025-07-19,Tuolumne,54.0,37.916947,-120.356289,7,5,Summer,Medium
Trap Fire,2025-07-20,Mariposa,38.0,37.514275,-120.012292,7,6,Summer,Medium
Alta Fire,2025-07-20,Butte,17.0,39.422347,-121.470538,7,6,Summer,Small
Wolfsen Fire,2025-07-21,Merced,1.0,37.211668,-120.788745,7,0,Summer,Small
Frontage Fire,2025-07-20,San Bernardino,50.0,34.548782,-117.296674,7,6,Summer,Medium
Stokes Fire ,2025-07-22,Tulare,10.0,36.518055,-119.196666,7,1,Summer,Small
Orange Fire,2025-07-22,Stanislaus,13.0,37.789557,-120.744427,7,1,Summer,Small
Euclid Fire,2025-07-23,San Bernardino,120.0,33.922339,-117.64923,7,2,Summer,Medium
Mitchell Fire,2025-07-23,Riverside,51.0,33.563156,-116.695847,7,2,Summer,Medium
Posta Fire,2025-07-24,San Diego,23.0,32.667663,-116.430132,7,3,Summer,Small
4-1 Fire,2025-07-24,Modoc,21.0,41.459967,-120.924262,7,3,Summer,Small
Sliger Fire,2025-07-24,El Dorado,14.0,38.943781,-120.926046,7,3,Summer,Small
Shady Fire,2025-07-25,Riverside,52.0,33.656632,-116.172565,7,4,Summer,Medium
Mammoth Fire ,2025-07-24,Modoc,2533.0,41.684141,-121.323879,7,3,Summer,Large
3-5 Fire,2025-07-25,Lassen,43.0,40.9814,-121.280552,7,4,Summer,Medium
Green Fire-RRU,2025-07-25,Riverside,21.0,33.882719,-117.641517,7,4,Summer,Small
Boneyard Fire,2025-07-26,Tuolumne,227.0,37.773371,-120.214807,7,5,Summer,Large
W-2 Fire,2025-07-25,Modoc,25.0,41.392519,-120.43839,7,4,Summer,Small
Pearl Fire,2025-07-25,Kern,40.0,35.6182,-118.48813,7,4,Summer,Medium
Hoffman Fire,2025-07-26,Kern,10.0,35.300512,-118.000889,7,5,Summer,Small
Medicine Fire,2025-07-27,Mendocino,263.0,39.831628,-123.267618,7,6,Summer,Large
Needles Fires,2025-07-27,San Bernardino,10.0,34.828072,-114.583454,7,6,Summer,Small
Five Fire,2024-07-14,Kern,360.0,35.3858693,-119.367525,7,6,Summer,Large
Five 2 Fire,2024-07-15,Kern,347.0,35.5879546,-119.624655,7,0,Summer,Large
19 Fire,2025-07-29,Madera,16.0,37.07642,-120.202377,7,1,Summer,Small
Rd 15  Madera_acres Fire,2025-07-30,Madera,30.0,36.995304,-120.274202,7,2,Summer,Small
Howards Fire,2025-07-31,Modoc,100.0,41.48008,-120.957447,7,3,Summer,Medium
Orion Fire,2025-07-31,Santa Barbara,25.0,34.80493,-120.53608,7,3,Summer,Small
1-4 Fire,2025-07-31,Lassen,260.0,40.445172,-120.656672,7,3,Summer,Large
Lassen Fire,2025-08-01,Tehama,51.0,40.028565,-122.086035,8,4,Summer,Medium
4-8 Fire,2025-08-01,Modoc,25.0,41.319441,-120.747715,8,4,Summer,Small
Gifford Fire ,2025-08-01,Santa Barbara,131612.0,35.111258,-120.097902,8,4,Summer,Large
Bernardo Fire,2025-08-01,San Diego,13.0,33.0088892,-117.0978951,8,4,Summer,Small
Donovan Fire,2025-08-02,San Luis Obispo,51.0,35.527328,-120.508946,8,5,Summer,Medium
Fremont Fire,2025-08-02,San Bernardino,30.0,34.429401,-117.653566,8,5,Summer,Small
Radar Fire ,2025-08-02,Modoc,10.0,41.7203467,-121.1305479,8,5,Summer,Small
Oak Fire,2025-08-02,Riverside,46.0,34.0005417,-117.1513823,8,5,Summer,Medium
Lake Fire,2025-08-03,Lake,401.0,38.9775809,-122.6525158,8,6,Summer,Large
Eden Fire,2025-08-03,Alameda,18.0,37.7023074,-122.023919,8,6,Summer,Small
Santa Fire,2025-08-03,Merced,30.0,37.053702,-120.966641,8,6,Summer,Small
Gold Fire,2025-08-04,San Bernardino,1079.0,34.320286,-116.906906,8,0,Summer,Large
Rosa Fire,2025-08-04,Riverside,1671.0,33.56604,-116.53338,8,0,Summer,Large
Cool Fire,2025-08-04,San Diego,17.0,33.213005,-117.002097,8,0,Summer,Small
Mckinley Fire,2025-08-04,Fresno,24.0,36.778239,-120.657099,8,0,Summer,Small
Midway Fire,2025-08-04,San Luis Obispo,13.0,35.222269,-120.103532,8,0,Summer,Small
Claypit Fire,2025-08-04,Sacramento,128.0,38.409043,-121.028053,8,0,Summer,Medium
Ranch Fire,2025-08-04,Placer,140.0,38.839,-121.299167,8,0,Summer,Medium
Bridge Fire,2025-08-04,Fresno,57.0,36.733265,-120.337696,8,0,Summer,Medium
Keith Fire,2025-08-05,Riverside,16.0,33.602245,-117.134907,8,1,Summer,Small
Camel Fire,2025-08-05,Solano,10.0,38.054161,-122.135164,8,1,Summer,Small
Calaveras Fire,2025-08-05,Alameda,16.0,37.576408,-121.864915,8,1,Summer,Small
Jewel Fire,2025-08-05,Madera,15.0,37.08471,-119.757059,8,1,Summer,Small
Rush Fire,2025-08-02,Mariposa,12.0,37.770605,-120.038987,8,5,Summer,Small
Pond Fire,2025-08-06,Mendocino,25.0,39.73421,-123.51271,8,2,Summer,Small
Farm Fire,2025-08-06,Shasta,15.0,40.409513,-122.52078,8,2,Summer,Small
Van Vleck Fire,2025-08-06,Sacramento,10.0,38.483838,-121.074404,8,2,Summer,Small
Canyon Fire,2025-08-07,"Los Angeles, Ventura",5370.0,34.441462,-118.73503,8,3,Summer,Large
102 Fire,2025-08-07,Yolo,86.0,38.69111,-121.72738,8,3,Summer,Medium
Panoche Fire,2025-08-07,San Benito,423.0,36.635134,-120.989102,8,3,Summer,Large
Real Fire,2025-08-07,Riverside,7.0,34.015644,-117.453354,8,3,Summer,Small
Philadelphia Fire,2025-08-08,Riverside,25.0,34.033455,-117.50691,8,4,Summer,Small
Butte Fire,2025-08-07,Modoc,45.0,41.955097,-121.120371,8,3,Summer,Medium
Berry Fire,2025-08-08,Napa,68.0,38.6989922,-122.2707332,8,4,Summer,Medium
Runner Fire,2025-08-08,San Diego,88.0,32.687885,-116.281929,8,4,Summer,Medium
Tiger Fire,2025-08-08,Amador,118.0,38.430401,-120.516289,8,4,Summer,Medium
North Fire,2025-08-08,Lake,11.0,38.994765,-122.680639,8,4,Summer,Small
Mariposa Fire,2025-08-09,San Bernardino,12.0,34.325756,-117.477459,8,5,Summer,Small
Arden Fire,2025-08-09,Lake,26.0,39.100802,-122.805092,8,5,Summer,Small
Richbar Fire,2025-08-09,Kern,158.0,35.468395,-118.722809,8,5,Summer,Large
Ponderosa Fire,2025-08-10,Yuba,87.0,39.386003,-121.295635,8,6,Summer,Medium
Clark Fire,2025-08-10,Lassen,51.0,40.91808,-121.170005,8,6,Summer,Medium
Mountain Fire,2025-08-11,Modoc,980.0,41.8124,-121.33,8,0,Summer,Large
Utah Fire,2025-08-11,Mariposa,13.0,37.573647,-120.126968,8,0,Summer,Small
Perez Fire,2025-08-12,Modoc,15.0,41.714,-121.286667,8,1,Summer,Small
Lost Fire,2025-08-12,Fresno,31.0,36.974318,-119.724423,8,1,Summer,Small
Smittle Fire,2025-08-13,Napa,5.0,38.560009,-122.234924,8,2,Summer,Small
Preston Fire,2025-08-13,Mariposa,13.0,37.257358,-119.97478,8,2,Summer,Small
King Fire,2025-08-14,Los Angeles,577.0,34.720071,-118.79656,8,3,Summer,Large
Hawk Fire,2025-08-14,Los Angeles,481.0,34.5314258,-118.2272114,8,3,Summer,Large
Heather Fire,2025-08-14,Siskiyou,240.0,41.932642,-122.4019,8,3,Summer,Large
Herman Fire,2025-08-15,Solano,167.0,38.097839,-122.131599,8,4,Summer,Large
Hadley Fire,2025-08-17,Madera,13.0,37.214319,-119.56892,8,6,Summer,Small
Carlos Fire,2025-08-18,San Luis Obispo,43.0,35.453419,-120.66952,8,0,Summer,Medium
Vineyard Fire,2025-08-19,Madera,41.0,36.865734,-120.140056,8,1,Summer,Medium
Coyote Fire,2025-08-20,El Dorado,624.0,38.535896,-120.636971,8,2,Summer,Large
Watson Fire,2025-08-21,Santa Clara,23.0,37.084305,-121.644112,8,3,Summer,Small
Pickett Fire,2025-08-21,Napa,6820.0,38.6001023,-122.5519541,8,3,Summer,Large
Cantova Fire,2025-08-21,Sacramento,36.0,38.489675,-121.100506,8,3,Summer,Medium
Crow Fire,2025-08-21,San Diego,500.0,33.4530278,-117.5346389,8,3,Summer,Large
Parks Fire,2025-08-22,Alameda,118.0,37.732098,-121.908142,8,4,Summer,Medium
Little Fire,2025-08-22,Kern,2506.0,35.569296,-118.585846,8,4,Summer,Large
Vail Fire,2025-08-23,Riverside,55.0,33.498964,-116.997928,8,5,Summer,Medium
Tanabe Fire,2025-08-23,Yuba,40.0,39.265104,-121.514636,8,5,Summer,Medium
Lierly Fire ,2025-08-23,Kern,139.0,34.995365,-119.044543,8,5,Summer,Medium
Anderson Fire,2025-08-23,Madera,20.0,37.067374,-119.620204,8,5,Summer,Small
Point Fire,2025-08-23,Shasta,43.0,40.38862,-122.40685,8,5,Summer,Medium
Canal Fire,2025-08-23,Madera,46.0,37.097674,-120.029309,8,5,Summer,Medium
Look Fire,2025-08-24,Tulare,11.0,36.536667,-118.909333,8,6,Summer,Small
R-3 Fire,2025-08-24,Lassen,500.0,40.435833,-120.477333,8,6,Summer,Large
Garnet Fire,2025-08-24,Fresno,59844.0,36.86508,-119.027914,8,6,Summer,Large
Sky Fire,2025-08-24,Lake,19.0,38.89991,-122.527007,8,6,Summer,Small
High Fire,2025-08-24,Fresno,36.0,36.964445,-119.343755,8,6,Summer,Medium
Branch 2 Fire,2025-08-24,Fresno,28.0,36.950182,-119.34644,8,6,Summer,Small
R-10 Fire,2025-08-25,Lassen,100.0,40.678028,-120.24025,8,0,Summer,Medium
Aberdeen Fire,2025-08-25,Inyo,91.0,36.99955,-118.232528,8,0,Summer,Medium
SKU Late August Lightning Complex,2025-08-25,Siskiyou,107.0,41.0,-122.0,8,0,Summer,Medium
Pomegranate Fire,2025-08-25,Fresno,100.0,36.647094,-120.133591,8,0,Summer,Medium
Mesa Fire,2025-08-25,Tuolumne,16.0,37.891253,-120.488153,8,0,Summer,Small
Dillon Fire,2025-08-25,Siskiyou,11929.0,41.54121,-123.539009,8,0,Summer,Large
3-22 Muck Fire,2025-08-25,Lassen,40.0,40.97749,-121.227729,8,0,Summer,Medium
Paskenta Fire,2025-08-25,Tehama,65.0,40.00074,-122.298489,8,0,Summer,Medium
6-3 Fire,2025-08-26,Butte,11.0,39.523797,-121.650849,8,1,Summer,Small
Butter Fire,2025-08-26,Kern,48.0,35.464035,-118.147758,8,1,Summer,Medium
3-27 Fire,2025-08-26,Lassen,24.0,41.088854,-121.057196,8,1,Summer,Small
Grade Fire,2025-08-26,Siskiyou,10.0,41.217878,-121.590689,8,1,Summer,Small
H-10 Fire,2025-08-26,Shasta,13.0,40.737144,-121.330697,8,1,Summer,Small
Franciscan Fire,2025-08-26,Shasta,34.0,40.472116,-122.181166,8,1,Summer,Small
Parkville Fire,2025-08-27,Shasta,24.0,40.43326,-122.188718,8,2,Summer,Small
5-4 Fire,2025-08-27,Shasta,41.0,40.782379,-122.639809,8,2,Summer,Medium
Lake Fire,2025-08-27,Modoc,401.0,41.86292,-121.22717,8,2,Summer,Large
Blue Fire,2025-08-26,Siskiyou,3713.0,41.78715,-123.18499,8,1,Summer,Large
Hutton Fire,2025-08-28,San Luis Obispo,21.0,34.990911,-120.437696,8,3,Summer,Small
Garden Fire,2025-08-28,Siskiyou,16.0,41.31546,-123.23382,8,3,Summer,Small
Peter Fire,2025-08-29,Lake,47.0,38.919426,-122.876633,8,4,Summer,Medium
Log Fire,2025-09-01,Siskiyou,1170.0,41.41726,-123.2668,9,0,Fall,Large
Grant Fire,2025-08-29,Alameda,13.0,37.740292,-121.585802,8,4,Summer,Small
Scott Fire,2025-08-29,Lake,19.0,39.043833,-122.972167,8,4,Summer,Small
South Constantia Fire,2025-08-29,Lassen,15.0,39.941076,-120.004618,8,4,Summer,Small
Murphy Fire,2025-08-26,Siskiyou,12.0,41.211359,-123.173767,8,1,Summer,Small
Coach Fire,2025-08-30,Monterey,13.0,36.805649,-121.561084,8,5,Summer,Small
Edgewood Fire,2025-08-30,San Mateo,10.0,37.443956,-122.265569,8,5,Summer,Small
Stonewall Fire,2025-08-31,Monterey,31.0,36.448208,-121.226906,8,6,Summer,Small
R-3 Fire,2025-08-24,Lassen,145.0,40.435833,-120.477333,8,6,Summer,Medium
Pump Rd / Woo Rd Fire,2025-08-31,Merced,19.0,36.931478,-120.809789,8,6,Summer,Small
S-14 Fire,2025-09-01,Modoc,50.0,41.317155,-120.115829,9,0,Fall,Medium
Springs Fire,2025-09-01,Tehama,32.0,40.4017003,-121.8143349,9,0,Fall,Small
Kibbie Fire,2025-08-26,Tuolumne,13.0,38.028263,-119.824371,8,1,Summer,Small
Valley Fire,2025-09-01,El Dorado,16.0,38.72489,-121.032,9,0,Fall,Small
Palo Fire,2025-09-01,Alameda,10.0,37.689612,-122.020693,9,0,Fall,Small
Tracy Fire,2025-09-01,Shasta,18.0,40.40398,-122.31726,9,0,Fall,Small
Root Fire,2025-09-01,Shasta,729.0,41.159093,-122.397152,9,0,Fall,Large
Ellie Fire,2025-09-01,Los Angeles,16.0,34.545175,-119.106092,9,0,Fall,Small
Fuel Fire,2025-09-01,Fresno,10.0,37.044697,-119.472565,9,0,Fall,Small
Canal Fire,2025-09-02,Madera,272.0,37.119648,-120.074557,9,1,Fall,Large
Sierra Fire,2025-09-02,Placer,44.0,38.862604,-121.21753,9,1,Fall,Medium
Copper Fire,2025-09-02,Amador,11.0,38.484002,-121.007605,9,1,Fall,Small
Rock Fire,2025-09-02,Sacramento,143.0,38.621374,-121.113812,9,1,Fall,Medium
18-1 Fire,2025-09-02,Merced,463.0,37.250521,-120.197971,9,1,Fall,Large
Salt Fire,2025-09-01,"Fresno, Monterey",25579.0,36.011656,-120.36348,9,0,Fall,Large
Swift Complex,2025-08-25,Trinity,540.0,40.9044444,-122.8508333,8,0,Summer,Large
Michigan Fire,2025-09-02,Amador,33.0,38.379304,-120.986172,9,1,Fall,Small
Brown Fire,2025-09-02,Sacramento,60.0,38.464121,-121.043423,9,1,Fall,Medium
Hornitos 1-2 Fire,2025-09-02,Mariposa,390.0,37.529667,-120.256117,9,1,Fall,Large
Moraga Fire,2025-09-02,Merced,315.0,37.079208,-120.962011,9,1,Fall,Large
4-1 Fire,2025-09-02,Sacramento,8.0,38.438081,-121.048558,9,1,Fall,Small
Orange Fire,2025-09-02,Tehama,10.0,39.960829,-122.164789,9,1,Fall,Small
TCU September Lightning Complex ,2025-09-02,"Calaveras, San Joaquin, Stanislaus, Tuolumne",13869.0,37.998587,-120.475152,9,1,Fall,Large
Cedar Fire,2025-09-02,Trinity,104.0,40.406746,-123.231979,9,1,Fall,Medium
Park Fire,2025-09-02,Monterey,25.0,35.945333,-120.3755,9,1,Fall,Small
1-4 Fire,2025-09-02,Mariposa,4451.0,37.255225,-120.067334,9,1,Fall,Large
1-3 Fire,2025-09-02,Mariposa,250.0,37.262108,-120.007439,9,1,Fall,Large
Forebay Fire,2025-09-02,Butte,36.0,39.524747,-121.612192,9,1,Fall,Medium
6-5 Fire,2025-09-02,Tuolumne,7037.0,37.819667,-120.437333,9,1,Fall,Large
Paladino Fire,2025-09-02,Kern,461.0,35.417279,-118.927674,9,1,Fall,Large
Porter Fire,2025-09-02,Placer,10.0,39.013895,-121.340233,9,1,Fall,Small
Granite Fire,2025-09-02,Butte,19.0,39.890933,-121.451769,9,1,Fall,Small
Marmon Fire,2025-09-02,Fresno,1034.0,36.24125,-120.102889,9,1,Fall,Large
F22 Fire,2025-09-02,Fresno,10.0,35.944667,-120.349833,9,1,Fall,Small
16-4 Fire,2025-09-03,Yuba,10.0,39.342777,-121.350555,9,2,Fall,Small
6-2 Fire,2025-09-02,Tuolumne,1025.0,37.77721,-120.38529,9,1,Fall,Large
Myers Fire,2025-09-03,Riverside,90.0,33.753799,-117.024162,9,2,Fall,Medium
Rd 29 / Ave 16.25 Fire,2025-09-03,Madera,151.0,36.985276,-120.019506,9,2,Fall,Medium
Billy Fire,2025-09-04,Merced,24.0,37.020145,-120.99063,9,3,Fall,Small
Walnut Fire,2025-09-05,San Luis Obispo,14.0,35.233355,-120.754223,9,4,Fall,Small
Lodge Fire,2025-09-05,San Diego,75.0,32.7256,-116.95884,9,4,Fall,Medium
Pyrite Fire,2025-09-05,Riverside,450.0,34.017805,-117.462368,9,4,Fall,Large
Springs Fire,2025-09-05,San Bernardino,33.0,34.361588,-117.16674,9,4,Fall,Small
Kettle Fire,2025-08-31,Fresno,24.0,36.9397,-118.7677,8,6,Summer,Small
Crump Fire,2025-09-06,Riverside,55.0,33.71145,-117.313944,9,5,Fall,Medium
Aqueduct Fire,2025-09-07,Kern,14.0,35.223722,-118.118136,9,6,Fall,Small
Tombstone Fire,2025-08-30,Fresno,49.0,36.901167,-118.817167,8,5,Summer,Medium
Lake Fire,2025-09-08,Lassen,21.0,40.375587,-120.48818,9,0,Fall,Small
Sycamore Fire,2025-09-08,Riverside,16.0,33.594925,-116.940637,9,0,Fall,Small
Coches 2 Fire,2025-09-08,San Diego,5.0,32.832348,-116.905491,9,0,Fall,Small
Fantasy Fire,2025-09-08,Tulare,16.0,36.056176,-118.930008,9,0,Fall,Small
Nella Fire,2025-09-09,Merced,16.0,37.056509,-120.969345,9,1,Fall,Small
Tornado Fire,2025-09-10,Riverside,12.0,33.473554,-117.170723,9,2,Fall,Small
Boggs Fire,2025-09-10,Tehama,88.0,39.962679,-122.398034,9,2,Fall,Medium
Buell Fire,2025-09-10,Shasta,13.0,40.474673,-122.619388,9,2,Fall,Small
Elephant Fire,2025-09-11,Tulare,10.0,35.99553,-118.48688,9,3,Fall,Small
Shale Fire,2025-09-12,Solano,13.0,38.458292,-122.056304,9,4,Fall,Small
Hunt Fire,2025-09-14,Calaveras,23.0,38.021791,-120.775674,9,6,Fall,Small
Madera Fire,2025-09-14,Madera,64.0,37.010829,-120.056215,9,6,Fall,Medium
Pass Fire,2025-09-17,Tulare,26.0,36.20052,-118.181595,9,2,Fall,Small
East Fire,2025-09-17,Merced,36.0,37.491158,-120.612219,9,2,Fall,Medium
Solar Fire,2025-09-19,Fresno,418.0,36.61751,-120.333854,9,4,Fall,Large
Pippo Fire,2025-09-20,Solano,12.0,38.416028,-122.003395,9,5,Fall,Small
Uphill Fire,2025-09-22,El Dorado,22.0,38.827689,-120.998424,9,0,Fall,Small
Springs Fire,2025-09-24,Riverside,13.0,33.768255,-117.084452,9,2,Fall,Small
Baldy Fire,2025-09-24,Mendocino,14.0,39.926657,-123.341945,9,2,Fall,Small
Joaquin Fire,2025-09-24,Fresno,37.0,36.219908,-120.498195,9,2,Fall,Medium
Lost Fire,2025-09-25,Ventura,13.0,34.301578,-118.751784,9,3,Fall,Small
Martell Fire,2025-09-26,Stanislaus,37.0,37.906127,-120.732557,9,4,Fall,Medium
Cobb Fire,2025-09-26,Humboldt,12.0,40.463864,-123.527677,9,4,Fall,Small
Vleck Fire,2025-09-29,Sacramento,30.0,38.482401,-121.074736,9,0,Fall,Small
Paloma Fire,2025-09-30,Mariposa,86.0,37.482008,-120.272427,9,1,Fall,Medium
Alma Fire,2025-10-04,San Luis Obispo,107.0,35.307304,-119.860559,10,5,Fall,Medium
School Fire,2025-10-07,San Mateo,24.0,37.320463,-122.366039,10,1,Fall,Small
Sandia Fire,2025-10-07,San Diego,24.0,33.444583,-117.264357,10,1,Fall,Small
Muck Fire,2025-10-06,Lassen,18.0,40.986657,-121.264818,10,0,Fall,Small
Nichols Fire,2025-10-07,Nevada,12.0,39.101047,-121.251881,10,1,Fall,Small
Rancho 3 Fire,2025-10-09,San Diego,105.0,33.0751624,-116.769802,10,3,Fall,Medium
Dart Fire,2025-10-11,Tulare,13.0,36.066607,-118.966173,10,5,Fall,Small
Rock Fire,2025-10-11,Lake,39.0,38.885668,-122.44521,10,5,Fall,Medium
Black Rock Fire,2025-10-12,San Bernardino,72.0,34.063714,-116.393457,10,6,Fall,Medium
Ranch Fire,2025-10-15,Tulare,11.0,36.025508,-118.843604,10,2,Fall,Small
Parkmead Fire,2025-10-18,Riverside,19.0,33.861292,-116.561245,10,5,Fall,Small
Grove Fire,2025-10-21,Mariposa,19.0,37.357481,-119.870253,10,1,Fall,Small
Slope Fire,2025-10-22,Tulare,8.0,35.909937,-118.765302,10,2,Fall,Small
Grant Fire ,2025-10-26,Alameda,20.0,37.734211,-121.620807,10,6,Fall,Small
Gyle Fire,2025-10-27,Tehama,19.0,40.001361,-122.275786,10,0,Fall,Small
Sophie Fire,2025-10-29,Riverside,9.0,33.756323,-117.273098,10,2,Fall,Small
Scissors Fire,2025-11-02,San Diego,68.0,33.100441,-116.478846,11,6,Fall,Medium
Sage Fire,2025-10-27,Mono,260.0,37.4864,-118.4867,10,0,Fall,Large
Bummer Fire,2025-10-29,Tuolumne,293.0,38.305002,-120.026064,10,2,Fall,Large
Border 18 Fire,2025-11-08,San Diego,62.0,32.594887,-116.761976,11,5,Fall,Medium
Highline Fire,2025-11-09,Imperial,10.0,32.901984,-115.293446,11,6,Fall,Small
Gianelli Fire,2025-11-02,Tuolumne,372.0,38.077702,-120.196545,11,6,Fall,Large
Pack Fire,2025-11-13,Mono,1974.0,37.56243,-118.788215,11,3,Fall,Large
Beaver Fire,2025-12-04,Amador,15.0,38.4835,-120.347667,12,3,Winter,Small
Lamb Fire,2026-01-24,Trinity,10.0,40.506958,-123.506241,1,5,Winter,Small
East Fork Fire,2026-01-27,Siskiyou,11.0,41.362804,-122.67011,1,1,Winter,Small
Ag Fire,2026-02-06,Modoc,11.0,41.525772,-120.473025,2,4,Winter,Small
Valley Fire,2026-03-13,Lassen,40.0,41.091881,-121.325398,3,4,Spring,Medium
Canyon Fire,2026-03-20,Kern,17.0,35.31376,-118.288987,3,4,Spring,Small
Hunter Fire,2026-03-22,Mariposa,21.0,37.616619,-120.230337,3,6,Spring,Small
Derrick Fire,2026-03-24,Fresno,24.0,36.603111,-120.347595,3,1,Spring,Small
Almond Fire,2026-03-24,Riverside,22.0,33.914311,-116.773828,3,1,Spring,Small
Deer Fire,2026-03-24,Siskiyou,23.0,41.554617,-122.1167,3,1,Spring,Small
Oso Fire,2026-03-24,Stanislaus,15.0,37.448285,-121.282906,3,1,Spring,Small
Paramount Fire,2026-03-25,Kings,1280.0,35.823,-119.882,3,2,Spring,Large
Sheep Springs Fire,2026-03-27,Kern,170.0,35.4939,-117.776,3,4,Spring,Large
Sunny Fire,2026-03-28,Napa,12.0,38.537939,-122.467775,3,5,Spring,Small
Well Fire,2026-04-02,Fresno,45.0,36.229742,-120.313486,4,3,Spring,Medium
Springs Fire,2026-04-03,Riverside,4176.0,33.914308,-117.094579,4,4,Spring,Large
Crown Fire,2026-04-03,Los Angeles,385.0,34.465928,-118.196999,4,4,Spring,Large
Serena Fire,2026-04-05,Riverside,33.0,33.52512,-117.09457,4,6,Spring,Small
Blue Fire,2026-04-06,Kern,15.0,35.715926,-118.814608,4,0,Spring,Small
Swiss Fire,2026-04-07,Calaveras,29.0,38.306181,-120.405261,4,1,Spring,Small
Bourbon Fire,2026-04-08,San Bernardino,23.0,34.3962,-116.99484,4,2,Spring,Small
Jess Fire,2026-04-08,Modoc,13.0,41.274119,-120.311009,4,2,Spring,Small
Rider Fire,2026-04-10,Riverside,30.0,33.83131,-117.27363,4,4,Spring,Small
Hill Fire,2026-04-11,Tulare,16.0,36.287227,-119.084457,4,5,Spring,Small
19th Fire,2026-04-14,Kings,325.0,36.20001,-119.79721,4,1,Spring,Large
Yearling Fire,2026-04-15,Riverside,36.0,33.980189,-117.472118,4,2,Spring,Medium
Iona Fire ,2026-04-16,Los Angeles,92.0,34.72345,-118.23457,4,3,Spring,Medium
Ember Fire ,2026-04-16,Los Angeles,428.0,34.7041,-117.9543,4,3,Spring,Large
Keaton Fire,2026-04-16,Merced,10.0,37.313499,-120.915156,4,3,Spring,Small
Palomar Fire,2026-04-17,Riverside,11.0,33.610407,-117.283536,4,4,Spring,Small
Snake Fire,2026-04-17,Kern,20.0,34.878679,-118.240713,4,4,Spring,Small
Vista Fire,2026-04-17,Riverside,183.0,33.7288,-117.3217,4,4,Spring,Large
